1,0,149,150,1,166.329062950000,0.020000000000
1,0,149,150,2,166.716203820000,0.020000000000
1,0,149,150,3,168.984384330000,0.020000000000
1,0,150,149,1,-166.328077030000,0.020000000000
1,0,150,149,2,-166.715228250000,0.020000000000
1,0,150,149,3,-168.983379780000,0.020000000000
1,1,149,150,1,111.155491940000,0.020000000000
1,1,149,150,2,108.416563130000,0.020000000000
1,1,149,150,3,110.217429340000,0.020000000000
1,1,150,149,1,-111.154984340000,0.020000000000
1,1,150,149,2,-108.416059470000,0.020000000000
1,1,150,149,3,-110.216913320000,0.020000000000
1,2,83,-1,1,-0.000000010000,0.020000000000
1,2,83,-1,2,0.000000000000,0.020000000000
1,2,83,-1,3,-0.000000000000,0.020000000000
1,2,88,-1,1,0.000000020000,0.020000000000
1,2,88,-1,2,0.000000030000,0.020000000000
1,2,88,-1,3,-0.000000000000,0.020000000000
1,2,90,-1,1,-0.000000010000,0.020000000000
1,2,90,-1,2,-0.000000010000,0.020000000000
1,2,90,-1,3,0.000000000000,0.020000000000
1,2,92,-1,1,-0.000000010000,0.020000000000
1,2,92,-1,2,0.000000010000,0.020000000000
1,2,92,-1,3,-0.000000000000,0.020000000000
1,2,150,-1,1,0.000000010000,0.020000000000
1,2,150,-1,2,0.000000000000,0.020000000000
1,2,150,-1,3,-0.000000010000,0.020000000000
1,2,1,-1,1,-14349.949983150000,0.300000000000
1,2,1,-1,2,-14156.297853829999,0.300000000000
1,2,1,-1,3,-14195.847961820000,0.300000000000
1,2,2,-1,1,-0.000000060000,0.300000000000
1,2,2,-1,2,-0.000000410000,0.300000000000
1,2,2,-1,3,-0.000000060000,0.300000000000
1,2,5,-1,1,-0.000000040000,0.300000000000
1,2,5,-1,2,-0.000000020000,0.300000000000
1,2,5,-1,3,0.000000070000,0.300000000000
1,2,7,-1,1,-0.000000020000,0.300000000000
1,2,7,-1,2,0.000000200000,0.300000000000
1,2,7,-1,3,-0.000000030000,0.300000000000
1,2,9,-1,1,0.000000120000,0.300000000000
1,2,9,-1,2,0.000000000000,0.300000000000
1,2,9,-1,3,-0.000000050000,0.300000000000
1,2,11,-1,1,0.000000000000,0.300000000000
1,2,11,-1,2,-0.000000000000,0.300000000000
1,2,11,-1,3,-0.000000010000,0.300000000000
1,2,16,-1,1,-0.000000010000,0.300000000000
1,2,16,-1,2,0.000000020000,0.300000000000
1,2,16,-1,3,-0.000000010000,0.300000000000
1,2,17,-1,1,0.000000000000,0.300000000000
1,2,17,-1,2,-0.000000000000,0.300000000000
1,2,17,-1,3,0.000000020000,0.300000000000
1,2,19,-1,1,0.000000010000,0.300000000000
1,2,19,-1,2,0.000000000000,0.300000000000
1,2,19,-1,3,-0.000000000000,0.300000000000
1,2,20,-1,1,0.000000010000,0.300000000000
1,2,20,-1,2,0.000000000000,0.300000000000
1,2,20,-1,3,0.000000030000,0.300000000000
1,2,22,-1,1,-0.000000000000,0.300000000000
1,2,22,-1,2,-0.000000010000,0.300000000000
1,2,22,-1,3,0.000000000000,0.300000000000
1,2,24,-1,1,0.000000000000,0.300000000000
1,2,24,-1,2,-0.000000010000,0.300000000000
1,2,24,-1,3,0.000000000000,0.300000000000
1,2,29,-1,1,0.000000000000,0.300000000000
1,2,29,-1,2,0.000000020000,0.300000000000
1,2,29,-1,3,0.000000010000,0.300000000000
1,2,30,-1,1,0.000000000000,0.300000000000
1,2,30,-1,2,0.000000000000,0.300000000000
1,2,30,-1,3,-0.000000000000,0.300000000000
1,2,31,-1,1,0.000000000000,0.300000000000
1,2,31,-1,2,-0.000000000000,0.300000000000
1,2,31,-1,3,0.000000010000,0.300000000000
1,2,32,-1,1,0.000000010000,0.300000000000
1,2,32,-1,2,0.000000000000,0.300000000000
1,2,32,-1,3,-0.000000010000,0.300000000000
1,2,33,-1,1,-0.000000030000,0.300000000000
1,2,33,-1,2,-0.000000010000,0.300000000000
1,2,33,-1,3,-0.000000030000,0.300000000000
1,2,34,-1,1,0.000000000000,0.300000000000
1,2,34,-1,2,-0.000000000000,0.300000000000
1,2,34,-1,3,-0.000000000000,0.300000000000
1,2,35,-1,1,0.000000040000,0.300000000000
1,2,35,-1,2,0.000000000000,0.300000000000
1,2,35,-1,3,0.000000020000,0.300000000000
1,2,37,-1,1,-0.000000010000,0.300000000000
1,2,37,-1,2,-0.000000020000,0.300000000000
1,2,37,-1,3,-0.000000020000,0.300000000000
1,2,38,-1,1,0.000000010000,0.300000000000
1,2,38,-1,2,0.000000000000,0.300000000000
1,2,38,-1,3,0.000000000000,0.300000000000
1,2,39,-1,1,-0.000000000000,0.300000000000
1,2,39,-1,2,0.000000000000,0.300000000000
1,2,39,-1,3,0.000000000000,0.300000000000
1,2,41,-1,1,0.000000000000,0.300000000000
1,2,41,-1,2,-0.000000010000,0.300000000000
1,2,41,-1,3,-0.000000000000,0.300000000000
1,2,42,-1,1,-0.000000020000,0.300000000000
1,2,42,-1,2,0.000000000000,0.300000000000
1,2,42,-1,3,-0.000000010000,0.300000000000
1,2,43,-1,1,0.000000010000,0.300000000000
1,2,43,-1,2,-0.000000000000,0.300000000000
1,2,43,-1,3,0.000000010000,0.300000000000
1,2,45,-1,1,-0.000000010000,0.300000000000
1,2,45,-1,2,0.000000040000,0.300000000000
1,2,45,-1,3,0.000000060000,0.300000000000
1,2,47,-1,1,-0.000000020000,0.300000000000
1,2,47,-1,2,-0.000000000000,0.300000000000
1,2,47,-1,3,0.000000000000,0.300000000000
1,2,48,-1,1,0.000000010000,0.300000000000
1,2,48,-1,2,0.000000010000,0.300000000000
1,2,48,-1,3,-0.000000000000,0.300000000000
1,2,49,-1,1,0.000000010000,0.300000000000
1,2,49,-1,2,0.000000000000,0.300000000000
1,2,49,-1,3,0.000000010000,0.300000000000
1,2,50,-1,1,0.000000010000,0.300000000000
1,2,50,-1,2,0.000000010000,0.300000000000
1,2,50,-1,3,0.000000000000,0.300000000000
1,2,51,-1,1,-0.000000010000,0.300000000000
1,2,51,-1,2,-0.000000010000,0.300000000000
1,2,51,-1,3,-0.000000010000,0.300000000000
1,2,52,-1,1,0.000000000000,0.300000000000
1,2,52,-1,2,-0.000000000000,0.300000000000
1,2,52,-1,3,-0.000000010000,0.300000000000
1,2,53,-1,1,0.000000000000,0.300000000000
1,2,53,-1,2,0.000000020000,0.300000000000
1,2,53,-1,3,0.000000000000,0.300000000000
1,2,55,-1,1,0.000000020000,0.300000000000
1,2,55,-1,2,0.000000020000,0.300000000000
1,2,55,-1,3,-0.000000010000,0.300000000000
1,2,56,-1,1,0.000000000000,0.300000000000
1,2,56,-1,2,-0.000000010000,0.300000000000
1,2,56,-1,3,-0.000000010000,0.300000000000
1,2,58,-1,1,0.000000000000,0.300000000000
1,2,58,-1,2,0.000000000000,0.300000000000
1,2,58,-1,3,0.000000010000,0.300000000000
1,2,59,-1,1,-0.000000010000,0.300000000000
1,2,59,-1,2,0.000000030000,0.300000000000
1,2,59,-1,3,0.000000010000,0.300000000000
1,2,60,-1,1,0.000000010000,0.300000000000
1,2,60,-1,2,-0.000000010000,0.300000000000
1,2,60,-1,3,0.000000000000,0.300000000000
1,2,62,-1,1,-0.000000070000,0.300000000000
1,2,62,-1,2,-0.000000020000,0.300000000000
1,2,62,-1,3,0.000000060000,0.300000000000
1,2,64,-1,1,-0.000000010000,0.300000000000
1,2,64,-1,2,0.000000000000,0.300000000000
1,2,64,-1,3,-0.000000030000,0.300000000000
1,2,65,-1,1,0.000000010000,0.300000000000
1,2,65,-1,2,-0.000000000000,0.300000000000
1,2,65,-1,3,0.000000020000,0.300000000000
1,2,66,-1,1,-0.000000000000,0.300000000000
1,2,66,-1,2,0.000000010000,0.300000000000
1,2,66,-1,3,0.000000020000,0.300000000000
1,2,68,-1,1,-0.000000010000,0.300000000000
1,2,68,-1,2,-0.000000020000,0.300000000000
1,2,68,-1,3,0.000000000000,0.300000000000
1,2,69,-1,1,0.000000010000,0.300000000000
1,2,69,-1,2,-0.000000010000,0.300000000000
1,2,69,-1,3,0.000000000000,0.300000000000
1,2,70,-1,1,0.000000020000,0.300000000000
1,2,70,-1,2,0.000000020000,0.300000000000
1,2,70,-1,3,-0.000000040000,0.300000000000
1,2,71,-1,1,0.000000000000,0.300000000000
1,2,71,-1,2,-0.000000010000,0.300000000000
1,2,71,-1,3,-0.000000000000,0.300000000000
1,2,73,-1,1,-0.000000010000,0.300000000000
1,2,73,-1,2,-0.000000010000,0.300000000000
1,2,73,-1,3,0.000000010000,0.300000000000
1,2,74,-1,1,0.000000010000,0.300000000000
1,2,74,-1,2,0.000000010000,0.300000000000
1,2,74,-1,3,-0.000000010000,0.300000000000
1,2,75,-1,1,-0.000000030000,0.300000000000
1,2,75,-1,2,-0.000000030000,0.300000000000
1,2,75,-1,3,-0.000000030000,0.300000000000
1,2,76,-1,1,0.000000010000,0.300000000000
1,2,76,-1,2,0.000000010000,0.300000000000
1,2,76,-1,3,0.000000020000,0.300000000000
1,2,77,-1,1,0.000000040000,0.300000000000
1,2,77,-1,2,0.000000000000,0.300000000000
1,2,77,-1,3,0.000000010000,0.300000000000
1,2,79,-1,1,-0.000000020000,0.300000000000
1,2,79,-1,2,-0.000000000000,0.300000000000
1,2,79,-1,3,-0.000000010000,0.300000000000
1,2,80,-1,1,0.000000000000,0.300000000000
1,2,80,-1,2,-0.000000000000,0.300000000000
1,2,80,-1,3,0.000000000000,0.300000000000
1,2,84,-1,1,0.000000010000,0.300000000000
1,2,84,-1,2,-0.000000000000,0.300000000000
1,2,84,-1,3,-0.000000010000,0.300000000000
1,2,85,-1,1,-0.000000010000,0.300000000000
1,2,85,-1,2,0.000000000000,0.300000000000
1,2,85,-1,3,0.000000020000,0.300000000000
1,2,86,-1,1,0.000000030000,0.300000000000
1,2,86,-1,2,-0.000000010000,0.300000000000
1,2,86,-1,3,0.000000010000,0.300000000000
1,2,87,-1,1,-0.000000010000,0.300000000000
1,2,87,-1,2,0.000000010000,0.300000000000
1,2,87,-1,3,-0.000000010000,0.300000000000
1,2,94,-1,1,0.000000000000,0.300000000000
1,2,94,-1,2,-0.000000010000,0.300000000000
1,2,94,-1,3,-0.000000010000,0.300000000000
1,2,95,-1,1,0.000000000000,0.300000000000
1,2,95,-1,2,0.000000000000,0.300000000000
1,2,95,-1,3,0.000000000000,0.300000000000
1,2,96,-1,1,0.000000000000,0.300000000000
1,2,96,-1,2,-0.000000010000,0.300000000000
1,2,96,-1,3,-0.000000010000,0.300000000000
1,2,99,-1,1,0.000000000000,0.300000000000
1,2,99,-1,2,-0.000000010000,0.300000000000
1,2,99,-1,3,-0.000000010000,0.300000000000
1,2,100,-1,1,-0.000000010000,0.300000000000
1,2,100,-1,2,0.000000000000,0.300000000000
1,2,100,-1,3,0.000000010000,0.300000000000
1,2,102,-1,1,-0.000000010000,0.300000000000
1,2,102,-1,2,0.000000000000,0.300000000000
1,2,102,-1,3,-0.000000010000,0.300000000000
1,2,103,-1,1,-0.000000050000,0.300000000000
1,2,103,-1,2,0.000000000000,0.300000000000
1,2,103,-1,3,-0.000000000000,0.300000000000
1,2,104,-1,1,0.000000020000,0.300000000000
1,2,104,-1,2,0.000000010000,0.300000000000
1,2,104,-1,3,0.000000010000,0.300000000000
1,2,106,-1,1,0.000000010000,0.300000000000
1,2,106,-1,2,0.000000010000,0.300000000000
1,2,106,-1,3,0.000000010000,0.300000000000
1,2,107,-1,1,-0.000000010000,0.300000000000
1,2,107,-1,2,-0.000000010000,0.300000000000
1,2,107,-1,3,0.000000000000,0.300000000000
1,2,109,-1,1,-0.000000010000,0.300000000000
1,2,109,-1,2,0.000000010000,0.300000000000
1,2,109,-1,3,0.000000010000,0.300000000000
1,2,111,-1,1,0.000000010000,0.300000000000
1,2,111,-1,2,-0.000000000000,0.300000000000
1,2,111,-1,3,0.000000000000,0.300000000000
1,2,112,-1,1,0.000000010000,0.300000000000
1,2,112,-1,2,0.000000040000,0.300000000000
1,2,112,-1,3,0.000000000000,0.300000000000
1,2,113,-1,1,0.000000000000,0.300000000000
1,2,113,-1,2,-0.000000010000,0.300000000000
1,2,113,-1,3,0.000000010000,0.300000000000
1,2,114,-1,1,-0.000000020000,0.300000000000
1,2,114,-1,2,-0.000000030000,0.300000000000
1,2,114,-1,3,-0.000000010000,0.300000000000
1,2,3,-1,1,0.000000000000,0.000100000000
1,2,3,-1,2,0.000000000000,0.000100000000
1,2,3,-1,3,0.000000000000,0.000100000000
1,2,13,-1,1,0.000000000000,0.000100000000
1,2,13,-1,2,0.000000000000,0.000100000000
1,2,13,-1,3,0.000000000000,0.000100000000
1,2,14,-1,1,0.000000000000,0.000100000000
1,2,14,-1,2,0.000000000000,0.000100000000
1,2,14,-1,3,0.000000000000,0.000100000000
1,2,15,-1,1,0.000000000000,0.000100000000
1,2,15,-1,2,0.000000000000,0.000100000000
1,2,15,-1,3,0.000000000000,0.000100000000
1,2,18,-1,1,0.000000000000,0.000100000000
1,2,18,-1,2,0.000000000000,0.000100000000
1,2,18,-1,3,0.000000000000,0.000100000000
1,2,21,-1,1,0.000000000000,0.000100000000
1,2,21,-1,2,0.000000000000,0.000100000000
1,2,21,-1,3,0.000000000000,0.000100000000
1,2,23,-1,1,0.000000000000,0.000100000000
1,2,23,-1,2,0.000000000000,0.000100000000
1,2,23,-1,3,0.000000000000,0.000100000000
1,2,25,-1,1,0.000000000000,0.000100000000
1,2,25,-1,2,0.000000000000,0.000100000000
1,2,25,-1,3,0.000000000000,0.000100000000
1,2,26,-1,1,0.000000000000,0.000100000000
1,2,26,-1,2,0.000000000000,0.000100000000
1,2,26,-1,3,0.000000000000,0.000100000000
1,2,27,-1,1,0.000000000000,0.000100000000
1,2,27,-1,2,0.000000000000,0.000100000000
1,2,27,-1,3,0.000000000000,0.000100000000
1,2,36,-1,1,0.000000000000,0.000100000000
1,2,36,-1,2,0.000000000000,0.000100000000
1,2,36,-1,3,0.000000000000,0.000100000000
1,2,40,-1,1,0.000000000000,0.000100000000
1,2,40,-1,2,0.000000000000,0.000100000000
1,2,40,-1,3,0.000000000000,0.000100000000
1,2,44,-1,1,0.000000000000,0.000100000000
1,2,44,-1,2,0.000000000000,0.000100000000
1,2,44,-1,3,0.000000000000,0.000100000000
1,2,54,-1,1,0.000000000000,0.000100000000
1,2,54,-1,2,0.000000000000,0.000100000000
1,2,54,-1,3,0.000000000000,0.000100000000
1,2,57,-1,1,0.000000000000,0.000100000000
1,2,57,-1,2,0.000000000000,0.000100000000
1,2,57,-1,3,0.000000000000,0.000100000000
1,2,61,-1,1,0.000000000000,0.000100000000
1,2,61,-1,2,0.000000000000,0.000100000000
1,2,61,-1,3,0.000000000000,0.000100000000
1,2,67,-1,1,0.000000000000,0.000100000000
1,2,67,-1,2,0.000000000000,0.000100000000
1,2,67,-1,3,0.000000000000,0.000100000000
1,2,72,-1,1,0.000000000000,0.000100000000
1,2,72,-1,2,0.000000000000,0.000100000000
1,2,72,-1,3,0.000000000000,0.000100000000
1,2,78,-1,1,0.000000000000,0.000100000000
1,2,78,-1,2,0.000000000000,0.000100000000
1,2,78,-1,3,0.000000000000,0.000100000000
1,2,81,-1,1,0.000000000000,0.000100000000
1,2,81,-1,2,0.000000000000,0.000100000000
1,2,81,-1,3,0.000000000000,0.000100000000
1,2,89,-1,1,0.000000000000,0.000100000000
1,2,89,-1,2,0.000000000000,0.000100000000
1,2,89,-1,3,0.000000000000,0.000100000000
1,2,91,-1,1,0.000000000000,0.000100000000
1,2,91,-1,2,0.000000000000,0.000100000000
1,2,91,-1,3,0.000000000000,0.000100000000
1,2,93,-1,1,0.000000000000,0.000100000000
1,2,93,-1,2,0.000000000000,0.000100000000
1,2,93,-1,3,0.000000000000,0.000100000000
1,2,97,-1,1,0.000000000000,0.000100000000
1,2,97,-1,2,0.000000000000,0.000100000000
1,2,97,-1,3,0.000000000000,0.000100000000
1,2,101,-1,1,0.000000000000,0.000100000000
1,2,101,-1,2,0.000000000000,0.000100000000
1,2,101,-1,3,0.000000000000,0.000100000000
1,2,105,-1,1,0.000000000000,0.000100000000
1,2,105,-1,2,0.000000000000,0.000100000000
1,2,105,-1,3,0.000000000000,0.000100000000
1,2,108,-1,1,0.000000000000,0.000100000000
1,2,108,-1,2,0.000000000000,0.000100000000
1,2,108,-1,3,0.000000000000,0.000100000000
1,2,110,-1,1,0.000000000000,0.000100000000
1,2,110,-1,2,0.000000000000,0.000100000000
1,2,110,-1,3,0.000000000000,0.000100000000
1,2,115,-1,1,0.000000000000,0.000100000000
1,2,115,-1,2,0.000000000000,0.000100000000
1,2,115,-1,3,0.000000000000,0.000100000000
1,2,116,-1,1,0.000000000000,0.000100000000
1,2,116,-1,2,0.000000000000,0.000100000000
1,2,116,-1,3,0.000000000000,0.000100000000
1,2,117,-1,1,0.000000000000,0.000100000000
1,2,117,-1,2,0.000000000000,0.000100000000
1,2,117,-1,3,0.000000000000,0.000100000000
1,2,119,-1,1,0.000000000000,0.000100000000
1,2,119,-1,2,0.000000000000,0.000100000000
1,2,119,-1,3,0.000000000000,0.000100000000
1,2,120,-1,1,0.000000000000,0.000100000000
1,2,120,-1,2,0.000000000000,0.000100000000
1,2,120,-1,3,0.000000000000,0.000100000000
1,2,121,-1,1,0.000000000000,0.000100000000
1,2,121,-1,2,0.000000000000,0.000100000000
1,2,121,-1,3,0.000000000000,0.000100000000
1,2,122,-1,1,0.000000000000,0.000100000000
1,2,122,-1,2,0.000000000000,0.000100000000
1,2,122,-1,3,0.000000000000,0.000100000000
1,2,123,-1,1,0.000000000000,0.000100000000
1,2,123,-1,2,0.000000000000,0.000100000000
1,2,123,-1,3,0.000000000000,0.000100000000
1,2,124,-1,1,0.000000000000,0.000100000000
1,2,124,-1,2,0.000000000000,0.000100000000
1,2,124,-1,3,0.000000000000,0.000100000000
1,2,125,-1,1,0.000000000000,0.000100000000
1,2,125,-1,2,0.000000000000,0.000100000000
1,2,125,-1,3,0.000000000000,0.000100000000
1,2,126,-1,1,0.000000000000,0.000100000000
1,2,126,-1,2,0.000000000000,0.000100000000
1,2,126,-1,3,0.000000000000,0.000100000000
1,2,127,-1,1,0.000000000000,0.000100000000
1,2,127,-1,2,0.000000000000,0.000100000000
1,2,127,-1,3,0.000000000000,0.000100000000
1,2,128,-1,1,0.000000000000,0.000100000000
1,2,128,-1,2,0.000000000000,0.000100000000
1,2,128,-1,3,0.000000000000,0.000100000000
1,2,129,-1,1,0.000000000000,0.000100000000
1,2,129,-1,2,0.000000000000,0.000100000000
1,2,129,-1,3,0.000000000000,0.000100000000
1,2,130,-1,1,0.000000000000,0.000100000000
1,2,130,-1,2,0.000000000000,0.000100000000
1,2,130,-1,3,0.000000000000,0.000100000000
1,2,131,-1,1,0.000000000000,0.000100000000
1,2,131,-1,2,0.000000000000,0.000100000000
1,2,131,-1,3,0.000000000000,0.000100000000
1,2,132,-1,1,0.000000000000,0.000100000000
1,2,132,-1,2,0.000000000000,0.000100000000
1,2,132,-1,3,0.000000000000,0.000100000000
1,2,133,-1,1,0.000000000000,0.000100000000
1,2,133,-1,2,0.000000000000,0.000100000000
1,2,133,-1,3,0.000000000000,0.000100000000
1,2,134,-1,1,0.000000000000,0.000100000000
1,2,134,-1,2,0.000000000000,0.000100000000
1,2,134,-1,3,0.000000000000,0.000100000000
1,2,136,-1,1,0.000000000000,0.000100000000
1,2,136,-1,2,0.000000000000,0.000100000000
1,2,136,-1,3,0.000000000000,0.000100000000
1,2,137,-1,1,0.000000000000,0.000100000000
1,2,137,-1,2,0.000000000000,0.000100000000
1,2,137,-1,3,0.000000000000,0.000100000000
1,2,138,-1,1,0.000000000000,0.000100000000
1,2,138,-1,2,0.000000000000,0.000100000000
1,2,138,-1,3,0.000000000000,0.000100000000
1,2,139,-1,1,0.000000000000,0.000100000000
1,2,139,-1,2,0.000000000000,0.000100000000
1,2,139,-1,3,0.000000000000,0.000100000000
1,2,140,-1,1,0.000000000000,0.000100000000
1,2,140,-1,2,0.000000000000,0.000100000000
1,2,140,-1,3,0.000000000000,0.000100000000
1,2,141,-1,1,0.000000000000,0.000100000000
1,2,141,-1,2,0.000000000000,0.000100000000
1,2,141,-1,3,0.000000000000,0.000100000000
1,2,142,-1,1,0.000000000000,0.000100000000
1,2,142,-1,2,0.000000000000,0.000100000000
1,2,142,-1,3,0.000000000000,0.000100000000
1,2,143,-1,1,0.000000000000,0.000100000000
1,2,143,-1,2,0.000000000000,0.000100000000
1,2,143,-1,3,0.000000000000,0.000100000000
1,2,144,-1,1,0.000000000000,0.000100000000
1,2,144,-1,2,0.000000000000,0.000100000000
1,2,144,-1,3,0.000000000000,0.000100000000
1,2,145,-1,1,0.000000000000,0.000100000000
1,2,145,-1,2,0.000000000000,0.000100000000
1,2,145,-1,3,0.000000000000,0.000100000000
1,2,146,-1,1,0.000000000000,0.000100000000
1,2,146,-1,2,0.000000000000,0.000100000000
1,2,146,-1,3,0.000000000000,0.000100000000
1,2,147,-1,1,0.000000000000,0.000100000000
1,2,147,-1,2,0.000000000000,0.000100000000
1,2,147,-1,3,0.000000000000,0.000100000000
1,2,148,-1,1,0.000000000000,0.000100000000
1,2,148,-1,2,0.000000000000,0.000100000000
1,2,148,-1,3,0.000000000000,0.000100000000
1,2,149,-1,1,0.000000000000,0.000100000000
1,2,149,-1,2,0.000000000000,0.000100000000
1,2,149,-1,3,0.000000000000,0.000100000000
1,2,1001,-1,1,0.000000000000,0.000100000000
1,2,1001,-1,2,0.000000000000,0.000100000000
1,2,1001,-1,3,0.000000000000,0.000100000000
1,2,1002,-1,1,0.000000000000,0.000100000000
1,2,1002,-1,2,0.000000000000,0.000100000000
1,2,1002,-1,3,0.000000000000,0.000100000000
1,2,1003,-1,1,0.000000000000,0.000100000000
1,2,1003,-1,2,0.000000000000,0.000100000000
1,2,1003,-1,3,0.000000000000,0.000100000000
1,2,1005,-1,1,0.000000000000,0.000100000000
1,2,1005,-1,2,0.000000000000,0.000100000000
1,2,1005,-1,3,0.000000000000,0.000100000000
1,2,1006,-1,1,0.000000000000,0.000100000000
1,2,1006,-1,2,0.000000000000,0.000100000000
1,2,1006,-1,3,0.000000000000,0.000100000000
1,2,1007,-1,1,0.000000000000,0.000100000000
1,2,1007,-1,2,0.000000000000,0.000100000000
1,2,1007,-1,3,0.000000000000,0.000100000000
1,2,1008,-1,1,0.000000000000,0.000100000000
1,2,1008,-1,2,0.000000000000,0.000100000000
1,2,1008,-1,3,0.000000000000,0.000100000000
1,2,1010,-1,1,0.000000000000,0.000100000000
1,2,1010,-1,2,0.000000000000,0.000100000000
1,2,1010,-1,3,0.000000000000,0.000100000000
1,2,1011,-1,1,0.000000000000,0.000100000000
1,2,1011,-1,2,0.000000000000,0.000100000000
1,2,1011,-1,3,0.000000000000,0.000100000000
1,2,1012,-1,1,0.000000000000,0.000100000000
1,2,1012,-1,2,0.000000000000,0.000100000000
1,2,1012,-1,3,0.000000000000,0.000100000000
1,2,1013,-1,1,0.000000000000,0.000100000000
1,2,1013,-1,2,0.000000000000,0.000100000000
1,2,1013,-1,3,0.000000000000,0.000100000000
1,2,1015,-1,1,0.000000000000,0.000100000000
1,2,1015,-1,2,0.000000000000,0.000100000000
1,2,1015,-1,3,0.000000000000,0.000100000000
1,2,1016,-1,1,0.000000000000,0.000100000000
1,2,1016,-1,2,0.000000000000,0.000100000000
1,2,1016,-1,3,0.000000000000,0.000100000000
1,2,1017,-1,1,0.000000000000,0.000100000000
1,2,1017,-1,2,0.000000000000,0.000100000000
1,2,1017,-1,3,0.000000000000,0.000100000000
1,2,1018,-1,1,0.000000000000,0.000100000000
1,2,1018,-1,2,0.000000000000,0.000100000000
1,2,1018,-1,3,0.000000000000,0.000100000000
1,2,1019,-1,1,0.000000000000,0.000100000000
1,2,1019,-1,2,0.000000000000,0.000100000000
1,2,1019,-1,3,0.000000000000,0.000100000000
1,2,1020,-1,1,0.000000000000,0.000100000000
1,2,1020,-1,2,0.000000000000,0.000100000000
1,2,1020,-1,3,0.000000000000,0.000100000000
1,2,1021,-1,1,0.000000000000,0.000100000000
1,2,1021,-1,2,0.000000000000,0.000100000000
1,2,1021,-1,3,0.000000000000,0.000100000000
1,2,1022,-1,1,0.000000000000,0.000100000000
1,2,1022,-1,2,0.000000000000,0.000100000000
1,2,1022,-1,3,0.000000000000,0.000100000000
1,2,1023,-1,1,0.000000000000,0.000100000000
1,2,1023,-1,2,0.000000000000,0.000100000000
1,2,1023,-1,3,0.000000000000,0.000100000000
1,2,1024,-1,1,0.000000000000,0.000100000000
1,2,1024,-1,2,0.000000000000,0.000100000000
1,2,1024,-1,3,0.000000000000,0.000100000000
1,2,1025,-1,1,0.000000000000,0.000100000000
1,2,1025,-1,2,0.000000000000,0.000100000000
1,2,1025,-1,3,0.000000000000,0.000100000000
1,2,1026,-1,1,0.000000000000,0.000100000000
1,2,1026,-1,2,0.000000000000,0.000100000000
1,2,1026,-1,3,0.000000000000,0.000100000000
1,2,1031,-1,1,0.000000000000,0.000100000000
1,2,1031,-1,2,0.000000000000,0.000100000000
1,2,1031,-1,3,0.000000000000,0.000100000000
1,2,1032,-1,1,0.000000000000,0.000100000000
1,2,1032,-1,2,0.000000000000,0.000100000000
1,2,1032,-1,3,0.000000000000,0.000100000000
1,2,1037,-1,1,0.000000000000,0.000100000000
1,2,1037,-1,2,0.000000000000,0.000100000000
1,2,1037,-1,3,0.000000000000,0.000100000000
1,2,1038,-1,1,0.000000000000,0.000100000000
1,2,1038,-1,2,0.000000000000,0.000100000000
1,2,1038,-1,3,0.000000000000,0.000100000000
1,2,1039,-1,1,0.000000000000,0.000100000000
1,2,1039,-1,2,0.000000000000,0.000100000000
1,2,1039,-1,3,0.000000000000,0.000100000000
1,2,1040,-1,1,0.000000000000,0.000100000000
1,2,1040,-1,2,0.000000000000,0.000100000000
1,2,1040,-1,3,0.000000000000,0.000100000000
1,2,1041,-1,1,0.000000000000,0.000100000000
1,2,1041,-1,2,0.000000000000,0.000100000000
1,2,1041,-1,3,0.000000000000,0.000100000000
1,2,1042,-1,1,0.000000000000,0.000100000000
1,2,1042,-1,2,0.000000000000,0.000100000000
1,2,1042,-1,3,0.000000000000,0.000100000000
1,2,1043,-1,1,0.000000000000,0.000100000000
1,2,1043,-1,2,0.000000000000,0.000100000000
1,2,1043,-1,3,0.000000000000,0.000100000000
1,2,1046,-1,1,0.000000000000,0.000100000000
1,2,1046,-1,2,0.000000000000,0.000100000000
1,2,1046,-1,3,0.000000000000,0.000100000000
1,2,1047,-1,1,0.000000000000,0.000100000000
1,2,1047,-1,2,0.000000000000,0.000100000000
1,2,1047,-1,3,0.000000000000,0.000100000000
1,2,1048,-1,1,0.000000000000,0.000100000000
1,2,1048,-1,2,0.000000000000,0.000100000000
1,2,1048,-1,3,0.000000000000,0.000100000000
1,2,1051,-1,1,0.000000000000,0.000100000000
1,2,1051,-1,2,0.000000000000,0.000100000000
1,2,1051,-1,3,0.000000000000,0.000100000000
1,2,1052,-1,1,0.000000000000,0.000100000000
1,2,1052,-1,2,0.000000000000,0.000100000000
1,2,1052,-1,3,0.000000000000,0.000100000000
1,2,1053,-1,1,0.000000000000,0.000100000000
1,2,1053,-1,2,0.000000000000,0.000100000000
1,2,1053,-1,3,0.000000000000,0.000100000000
1,2,1056,-1,1,0.000000000000,0.000100000000
1,2,1056,-1,2,0.000000000000,0.000100000000
1,2,1056,-1,3,0.000000000000,0.000100000000
1,2,1057,-1,1,0.000000000000,0.000100000000
1,2,1057,-1,2,0.000000000000,0.000100000000
1,2,1057,-1,3,0.000000000000,0.000100000000
1,2,1058,-1,1,0.000000000000,0.000100000000
1,2,1058,-1,2,0.000000000000,0.000100000000
1,2,1058,-1,3,0.000000000000,0.000100000000
1,2,1061,-1,1,0.000000000000,0.000100000000
1,2,1061,-1,2,0.000000000000,0.000100000000
1,2,1061,-1,3,0.000000000000,0.000100000000
1,2,1062,-1,1,0.000000000000,0.000100000000
1,2,1062,-1,2,0.000000000000,0.000100000000
1,2,1062,-1,3,0.000000000000,0.000100000000
1,2,1063,-1,1,0.000000000000,0.000100000000
1,2,1063,-1,2,0.000000000000,0.000100000000
1,2,1063,-1,3,0.000000000000,0.000100000000
1,2,1064,-1,1,0.000000000000,0.000100000000
1,2,1064,-1,2,0.000000000000,0.000100000000
1,2,1064,-1,3,0.000000000000,0.000100000000
1,2,1065,-1,1,0.000000000000,0.000100000000
1,2,1065,-1,2,0.000000000000,0.000100000000
1,2,1065,-1,3,0.000000000000,0.000100000000
1,2,1066,-1,1,0.000000000000,0.000100000000
1,2,1066,-1,2,0.000000000000,0.000100000000
1,2,1066,-1,3,0.000000000000,0.000100000000
1,2,1067,-1,1,0.000000000000,0.000100000000
1,2,1067,-1,2,0.000000000000,0.000100000000
1,2,1067,-1,3,0.000000000000,0.000100000000
1,2,1072,-1,1,0.000000000000,0.000100000000
1,2,1072,-1,2,0.000000000000,0.000100000000
1,2,1072,-1,3,0.000000000000,0.000100000000
1,2,1073,-1,1,0.000000000000,0.000100000000
1,2,1073,-1,2,0.000000000000,0.000100000000
1,2,1073,-1,3,0.000000000000,0.000100000000
1,2,1078,-1,1,0.000000000000,0.000100000000
1,2,1078,-1,2,0.000000000000,0.000100000000
1,2,1078,-1,3,0.000000000000,0.000100000000
1,2,1079,-1,1,0.000000000000,0.000100000000
1,2,1079,-1,2,0.000000000000,0.000100000000
1,2,1079,-1,3,0.000000000000,0.000100000000
1,2,1080,-1,1,0.000000000000,0.000100000000
1,2,1080,-1,2,0.000000000000,0.000100000000
1,2,1080,-1,3,0.000000000000,0.000100000000
1,2,1081,-1,1,0.000000000000,0.000100000000
1,2,1081,-1,2,0.000000000000,0.000100000000
1,2,1081,-1,3,0.000000000000,0.000100000000
1,2,1082,-1,1,0.000000000000,0.000100000000
1,2,1082,-1,2,0.000000000000,0.000100000000
1,2,1082,-1,3,0.000000000000,0.000100000000
1,2,1083,-1,1,0.000000000000,0.000100000000
1,2,1083,-1,2,0.000000000000,0.000100000000
1,2,1083,-1,3,0.000000000000,0.000100000000
1,2,1084,-1,1,0.000000000000,0.000100000000
1,2,1084,-1,2,0.000000000000,0.000100000000
1,2,1084,-1,3,0.000000000000,0.000100000000
1,2,1087,-1,1,0.000000000000,0.000100000000
1,2,1087,-1,2,0.000000000000,0.000100000000
1,2,1087,-1,3,0.000000000000,0.000100000000
1,2,1088,-1,1,0.000000000000,0.000100000000
1,2,1088,-1,2,0.000000000000,0.000100000000
1,2,1088,-1,3,0.000000000000,0.000100000000
1,2,1089,-1,1,0.000000000000,0.000100000000
1,2,1089,-1,2,0.000000000000,0.000100000000
1,2,1089,-1,3,0.000000000000,0.000100000000
1,2,1092,-1,1,0.000000000000,0.000100000000
1,2,1092,-1,2,0.000000000000,0.000100000000
1,2,1092,-1,3,0.000000000000,0.000100000000
1,2,1093,-1,1,0.000000000000,0.000100000000
1,2,1093,-1,2,0.000000000000,0.000100000000
1,2,1093,-1,3,0.000000000000,0.000100000000
1,2,1094,-1,1,0.000000000000,0.000100000000
1,2,1094,-1,2,0.000000000000,0.000100000000
1,2,1094,-1,3,0.000000000000,0.000100000000
1,2,1097,-1,1,0.000000000000,0.000100000000
1,2,1097,-1,2,0.000000000000,0.000100000000
1,2,1097,-1,3,0.000000000000,0.000100000000
1,2,1098,-1,1,0.000000000000,0.000100000000
1,2,1098,-1,2,0.000000000000,0.000100000000
1,2,1098,-1,3,0.000000000000,0.000100000000
1,2,1099,-1,1,0.000000000000,0.000100000000
1,2,1099,-1,2,0.000000000000,0.000100000000
1,2,1099,-1,3,0.000000000000,0.000100000000
1,2,1102,-1,1,0.000000000000,0.000100000000
1,2,1102,-1,2,0.000000000000,0.000100000000
1,2,1102,-1,3,0.000000000000,0.000100000000
1,2,1103,-1,1,0.000000000000,0.000100000000
1,2,1103,-1,2,0.000000000000,0.000100000000
1,2,1103,-1,3,0.000000000000,0.000100000000
1,2,1104,-1,1,0.000000000000,0.000100000000
1,2,1104,-1,2,0.000000000000,0.000100000000
1,2,1104,-1,3,0.000000000000,0.000100000000
1,2,1105,-1,1,0.000000000000,0.000100000000
1,2,1105,-1,2,0.000000000000,0.000100000000
1,2,1105,-1,3,0.000000000000,0.000100000000
1,2,1106,-1,1,0.000000000000,0.000100000000
1,2,1106,-1,2,0.000000000000,0.000100000000
1,2,1106,-1,3,0.000000000000,0.000100000000
1,2,1107,-1,1,0.000000000000,0.000100000000
1,2,1107,-1,2,0.000000000000,0.000100000000
1,2,1107,-1,3,0.000000000000,0.000100000000
1,2,1108,-1,1,0.000000000000,0.000100000000
1,2,1108,-1,2,0.000000000000,0.000100000000
1,2,1108,-1,3,0.000000000000,0.000100000000
1,2,1113,-1,1,0.000000000000,0.000100000000
1,2,1113,-1,2,0.000000000000,0.000100000000
1,2,1113,-1,3,0.000000000000,0.000100000000
1,2,1114,-1,1,0.000000000000,0.000100000000
1,2,1114,-1,2,0.000000000000,0.000100000000
1,2,1114,-1,3,0.000000000000,0.000100000000
1,2,1119,-1,1,0.000000000000,0.000100000000
1,2,1119,-1,2,0.000000000000,0.000100000000
1,2,1119,-1,3,0.000000000000,0.000100000000
1,2,1120,-1,1,0.000000000000,0.000100000000
1,2,1120,-1,2,0.000000000000,0.000100000000
1,2,1120,-1,3,0.000000000000,0.000100000000
1,2,1121,-1,1,0.000000000000,0.000100000000
1,2,1121,-1,2,0.000000000000,0.000100000000
1,2,1121,-1,3,0.000000000000,0.000100000000
1,2,1122,-1,1,0.000000000000,0.000100000000
1,2,1122,-1,2,0.000000000000,0.000100000000
1,2,1122,-1,3,0.000000000000,0.000100000000
1,2,1123,-1,1,0.000000000000,0.000100000000
1,2,1123,-1,2,0.000000000000,0.000100000000
1,2,1123,-1,3,0.000000000000,0.000100000000
1,2,1124,-1,1,0.000000000000,0.000100000000
1,2,1124,-1,2,0.000000000000,0.000100000000
1,2,1124,-1,3,0.000000000000,0.000100000000
1,2,1125,-1,1,0.000000000000,0.000100000000
1,2,1125,-1,2,0.000000000000,0.000100000000
1,2,1125,-1,3,0.000000000000,0.000100000000
1,2,1127,-1,1,0.000000000000,0.000100000000
1,2,1127,-1,2,0.000000000000,0.000100000000
1,2,1127,-1,3,0.000000000000,0.000100000000
1,2,1128,-1,1,0.000000000000,0.000100000000
1,2,1128,-1,2,0.000000000000,0.000100000000
1,2,1128,-1,3,0.000000000000,0.000100000000
1,2,1129,-1,1,0.000000000000,0.000100000000
1,2,1129,-1,2,0.000000000000,0.000100000000
1,2,1129,-1,3,0.000000000000,0.000100000000
1,2,1130,-1,1,0.000000000000,0.000100000000
1,2,1130,-1,2,0.000000000000,0.000100000000
1,2,1130,-1,3,0.000000000000,0.000100000000
1,2,1132,-1,1,0.000000000000,0.000100000000
1,2,1132,-1,2,0.000000000000,0.000100000000
1,2,1132,-1,3,0.000000000000,0.000100000000
1,2,1133,-1,1,0.000000000000,0.000100000000
1,2,1133,-1,2,0.000000000000,0.000100000000
1,2,1133,-1,3,0.000000000000,0.000100000000
1,2,1134,-1,1,0.000000000000,0.000100000000
1,2,1134,-1,2,0.000000000000,0.000100000000
1,2,1134,-1,3,0.000000000000,0.000100000000
1,2,1135,-1,1,0.000000000000,0.000100000000
1,2,1135,-1,2,0.000000000000,0.000100000000
1,2,1135,-1,3,0.000000000000,0.000100000000
1,2,1137,-1,1,0.000000000000,0.000100000000
1,2,1137,-1,2,0.000000000000,0.000100000000
1,2,1137,-1,3,0.000000000000,0.000100000000
1,2,1138,-1,1,0.000000000000,0.000100000000
1,2,1138,-1,2,0.000000000000,0.000100000000
1,2,1138,-1,3,0.000000000000,0.000100000000
1,2,1139,-1,1,0.000000000000,0.000100000000
1,2,1139,-1,2,0.000000000000,0.000100000000
1,2,1139,-1,3,0.000000000000,0.000100000000
1,2,1140,-1,1,0.000000000000,0.000100000000
1,2,1140,-1,2,0.000000000000,0.000100000000
1,2,1140,-1,3,0.000000000000,0.000100000000
1,2,1142,-1,1,0.000000000000,0.000100000000
1,2,1142,-1,2,0.000000000000,0.000100000000
1,2,1142,-1,3,0.000000000000,0.000100000000
1,2,1143,-1,1,0.000000000000,0.000100000000
1,2,1143,-1,2,0.000000000000,0.000100000000
1,2,1143,-1,3,0.000000000000,0.000100000000
1,2,1144,-1,1,0.000000000000,0.000100000000
1,2,1144,-1,2,0.000000000000,0.000100000000
1,2,1144,-1,3,0.000000000000,0.000100000000
1,2,1145,-1,1,0.000000000000,0.000100000000
1,2,1145,-1,2,0.000000000000,0.000100000000
1,2,1145,-1,3,0.000000000000,0.000100000000
1,2,1146,-1,1,0.000000000000,0.000100000000
1,2,1146,-1,2,0.000000000000,0.000100000000
1,2,1146,-1,3,0.000000000000,0.000100000000
1,2,1147,-1,1,0.000000000000,0.000100000000
1,2,1147,-1,2,0.000000000000,0.000100000000
1,2,1147,-1,3,0.000000000000,0.000100000000
1,2,1148,-1,1,0.000000000000,0.000100000000
1,2,1148,-1,2,0.000000000000,0.000100000000
1,2,1148,-1,3,0.000000000000,0.000100000000
1,2,1149,-1,1,0.000000000000,0.000100000000
1,2,1149,-1,2,0.000000000000,0.000100000000
1,2,1149,-1,3,0.000000000000,0.000100000000
1,2,1150,-1,1,0.000000000000,0.000100000000
1,2,1150,-1,2,0.000000000000,0.000100000000
1,2,1150,-1,3,0.000000000000,0.000100000000
1,2,1151,-1,1,0.000000000000,0.000100000000
1,2,1151,-1,2,0.000000000000,0.000100000000
1,2,1151,-1,3,0.000000000000,0.000100000000
1,2,1152,-1,1,0.000000000000,0.000100000000
1,2,1152,-1,2,0.000000000000,0.000100000000
1,2,1152,-1,3,0.000000000000,0.000100000000
1,2,1153,-1,1,0.000000000000,0.000100000000
1,2,1153,-1,2,0.000000000000,0.000100000000
1,2,1153,-1,3,0.000000000000,0.000100000000
1,2,1154,-1,1,0.000000000000,0.000100000000
1,2,1154,-1,2,0.000000000000,0.000100000000
1,2,1154,-1,3,0.000000000000,0.000100000000
1,2,1155,-1,1,0.000000000000,0.000100000000
1,2,1155,-1,2,0.000000000000,0.000100000000
1,2,1155,-1,3,0.000000000000,0.000100000000
1,2,1156,-1,1,0.000000000000,0.000100000000
1,2,1156,-1,2,0.000000000000,0.000100000000
1,2,1156,-1,3,0.000000000000,0.000100000000
1,2,1158,-1,1,0.000000000000,0.000100000000
1,2,1158,-1,2,0.000000000000,0.000100000000
1,2,1158,-1,3,0.000000000000,0.000100000000
1,2,1159,-1,1,0.000000000000,0.000100000000
1,2,1159,-1,2,0.000000000000,0.000100000000
1,2,1159,-1,3,0.000000000000,0.000100000000
1,2,1160,-1,1,0.000000000000,0.000100000000
1,2,1160,-1,2,0.000000000000,0.000100000000
1,2,1160,-1,3,0.000000000000,0.000100000000
1,2,1161,-1,1,0.000000000000,0.000100000000
1,2,1161,-1,2,0.000000000000,0.000100000000
1,2,1161,-1,3,0.000000000000,0.000100000000
1,2,1162,-1,1,0.000000000000,0.000100000000
1,2,1162,-1,2,0.000000000000,0.000100000000
1,2,1162,-1,3,0.000000000000,0.000100000000
1,2,1163,-1,1,0.000000000000,0.000100000000
1,2,1163,-1,2,0.000000000000,0.000100000000
1,2,1163,-1,3,0.000000000000,0.000100000000
1,2,1164,-1,1,0.000000000000,0.000100000000
1,2,1164,-1,2,0.000000000000,0.000100000000
1,2,1164,-1,3,0.000000000000,0.000100000000
1,2,1165,-1,1,0.000000000000,0.000100000000
1,2,1165,-1,2,0.000000000000,0.000100000000
1,2,1165,-1,3,0.000000000000,0.000100000000
1,2,1166,-1,1,0.000000000000,0.000100000000
1,2,1166,-1,2,0.000000000000,0.000100000000
1,2,1166,-1,3,0.000000000000,0.000100000000
1,2,1167,-1,1,0.000000000000,0.000100000000
1,2,1167,-1,2,0.000000000000,0.000100000000
1,2,1167,-1,3,0.000000000000,0.000100000000
1,2,1168,-1,1,0.000000000000,0.000100000000
1,2,1168,-1,2,0.000000000000,0.000100000000
1,2,1168,-1,3,0.000000000000,0.000100000000
1,2,1169,-1,1,0.000000000000,0.000100000000
1,2,1169,-1,2,0.000000000000,0.000100000000
1,2,1169,-1,3,0.000000000000,0.000100000000
1,2,1170,-1,1,0.000000000000,0.000100000000
1,2,1170,-1,2,0.000000000000,0.000100000000
1,2,1170,-1,3,0.000000000000,0.000100000000
1,2,1171,-1,1,0.000000000000,0.000100000000
1,2,1171,-1,2,0.000000000000,0.000100000000
1,2,1171,-1,3,0.000000000000,0.000100000000
1,2,1172,-1,1,0.000000000000,0.000100000000
1,2,1172,-1,2,0.000000000000,0.000100000000
1,2,1172,-1,3,0.000000000000,0.000100000000
1,2,1173,-1,1,0.000000000000,0.000100000000
1,2,1173,-1,2,0.000000000000,0.000100000000
1,2,1173,-1,3,0.000000000000,0.000100000000
1,2,1174,-1,1,0.000000000000,0.000100000000
1,2,1174,-1,2,0.000000000000,0.000100000000
1,2,1174,-1,3,0.000000000000,0.000100000000
1,2,1175,-1,1,0.000000000000,0.000100000000
1,2,1175,-1,2,0.000000000000,0.000100000000
1,2,1175,-1,3,0.000000000000,0.000100000000
1,2,1176,-1,1,0.000000000000,0.000100000000
1,2,1176,-1,2,0.000000000000,0.000100000000
1,2,1176,-1,3,0.000000000000,0.000100000000
1,2,1177,-1,1,0.000000000000,0.000100000000
1,2,1177,-1,2,0.000000000000,0.000100000000
1,2,1177,-1,3,0.000000000000,0.000100000000
1,2,1178,-1,1,0.000000000000,0.000100000000
1,2,1178,-1,2,0.000000000000,0.000100000000
1,2,1178,-1,3,0.000000000000,0.000100000000
1,2,1179,-1,1,0.000000000000,0.000100000000
1,2,1179,-1,2,0.000000000000,0.000100000000
1,2,1179,-1,3,0.000000000000,0.000100000000
1,2,1180,-1,1,0.000000000000,0.000100000000
1,2,1180,-1,2,0.000000000000,0.000100000000
1,2,1180,-1,3,0.000000000000,0.000100000000
1,2,1181,-1,1,0.000000000000,0.000100000000
1,2,1181,-1,2,0.000000000000,0.000100000000
1,2,1181,-1,3,0.000000000000,0.000100000000
1,2,1182,-1,1,0.000000000000,0.000100000000
1,2,1182,-1,2,0.000000000000,0.000100000000
1,2,1182,-1,3,0.000000000000,0.000100000000
1,2,1183,-1,1,0.000000000000,0.000100000000
1,2,1183,-1,2,0.000000000000,0.000100000000
1,2,1183,-1,3,0.000000000000,0.000100000000
1,2,1184,-1,1,0.000000000000,0.000100000000
1,2,1184,-1,2,0.000000000000,0.000100000000
1,2,1184,-1,3,0.000000000000,0.000100000000
1,2,1185,-1,1,0.000000000000,0.000100000000
1,2,1185,-1,2,0.000000000000,0.000100000000
1,2,1185,-1,3,0.000000000000,0.000100000000
1,2,1186,-1,1,0.000000000000,0.000100000000
1,2,1186,-1,2,0.000000000000,0.000100000000
1,2,1186,-1,3,0.000000000000,0.000100000000
1,2,1187,-1,1,0.000000000000,0.000100000000
1,2,1187,-1,2,0.000000000000,0.000100000000
1,2,1187,-1,3,0.000000000000,0.000100000000
1,2,1188,-1,1,0.000000000000,0.000100000000
1,2,1188,-1,2,0.000000000000,0.000100000000
1,2,1188,-1,3,0.000000000000,0.000100000000
1,2,1189,-1,1,0.000000000000,0.000100000000
1,2,1189,-1,2,0.000000000000,0.000100000000
1,2,1189,-1,3,0.000000000000,0.000100000000
1,2,1190,-1,1,0.000000000000,0.000100000000
1,2,1190,-1,2,0.000000000000,0.000100000000
1,2,1190,-1,3,0.000000000000,0.000100000000
1,2,1191,-1,1,0.000000000000,0.000100000000
1,2,1191,-1,2,0.000000000000,0.000100000000
1,2,1191,-1,3,0.000000000000,0.000100000000
1,2,1192,-1,1,0.000000000000,0.000100000000
1,2,1192,-1,2,0.000000000000,0.000100000000
1,2,1192,-1,3,0.000000000000,0.000100000000
1,2,1193,-1,1,0.000000000000,0.000100000000
1,2,1193,-1,2,0.000000000000,0.000100000000
1,2,1193,-1,3,0.000000000000,0.000100000000
1,2,1196,-1,1,0.000000000000,0.000100000000
1,2,1196,-1,2,0.000000000000,0.000100000000
1,2,1196,-1,3,0.000000000000,0.000100000000
1,2,1197,-1,1,0.000000000000,0.000100000000
1,2,1197,-1,2,0.000000000000,0.000100000000
1,2,1197,-1,3,0.000000000000,0.000100000000
1,2,1198,-1,1,0.000000000000,0.000100000000
1,2,1198,-1,2,0.000000000000,0.000100000000
1,2,1198,-1,3,0.000000000000,0.000100000000
1,2,1201,-1,1,0.000000000000,0.000100000000
1,2,1201,-1,2,0.000000000000,0.000100000000
1,2,1201,-1,3,0.000000000000,0.000100000000
1,2,1202,-1,1,0.000000000000,0.000100000000
1,2,1202,-1,2,0.000000000000,0.000100000000
1,2,1202,-1,3,0.000000000000,0.000100000000
1,2,1203,-1,1,0.000000000000,0.000100000000
1,2,1203,-1,2,0.000000000000,0.000100000000
1,2,1203,-1,3,0.000000000000,0.000100000000
1,2,1207,-1,1,0.000000000000,0.000100000000
1,2,1207,-1,2,0.000000000000,0.000100000000
1,2,1207,-1,3,0.000000000000,0.000100000000
1,2,1208,-1,1,0.000000000000,0.000100000000
1,2,1208,-1,2,0.000000000000,0.000100000000
1,2,1208,-1,3,0.000000000000,0.000100000000
1,2,1209,-1,1,0.000000000000,0.000100000000
1,2,1209,-1,2,0.000000000000,0.000100000000
1,2,1209,-1,3,0.000000000000,0.000100000000
1,2,1210,-1,1,0.000000000000,0.000100000000
1,2,1210,-1,2,0.000000000000,0.000100000000
1,2,1210,-1,3,0.000000000000,0.000100000000
1,2,1214,-1,1,0.000000000000,0.000100000000
1,2,1214,-1,2,0.000000000000,0.000100000000
1,2,1214,-1,3,0.000000000000,0.000100000000
1,2,1215,-1,1,0.000000000000,0.000100000000
1,2,1215,-1,2,0.000000000000,0.000100000000
1,2,1215,-1,3,0.000000000000,0.000100000000
1,2,1216,-1,1,0.000000000000,0.000100000000
1,2,1216,-1,2,0.000000000000,0.000100000000
1,2,1216,-1,3,0.000000000000,0.000100000000
1,2,1217,-1,1,0.000000000000,0.000100000000
1,2,1217,-1,2,0.000000000000,0.000100000000
1,2,1217,-1,3,0.000000000000,0.000100000000
1,2,1221,-1,1,0.000000000000,0.000100000000
1,2,1221,-1,2,0.000000000000,0.000100000000
1,2,1221,-1,3,0.000000000000,0.000100000000
1,2,1222,-1,1,0.000000000000,0.000100000000
1,2,1222,-1,2,0.000000000000,0.000100000000
1,2,1222,-1,3,0.000000000000,0.000100000000
1,2,1223,-1,1,0.000000000000,0.000100000000
1,2,1223,-1,2,0.000000000000,0.000100000000
1,2,1223,-1,3,0.000000000000,0.000100000000
1,2,1224,-1,1,0.000000000000,0.000100000000
1,2,1224,-1,2,0.000000000000,0.000100000000
1,2,1224,-1,3,0.000000000000,0.000100000000
1,2,1228,-1,1,0.000000000000,0.000100000000
1,2,1228,-1,2,0.000000000000,0.000100000000
1,2,1228,-1,3,0.000000000000,0.000100000000
1,2,1229,-1,1,0.000000000000,0.000100000000
1,2,1229,-1,2,0.000000000000,0.000100000000
1,2,1229,-1,3,0.000000000000,0.000100000000
1,2,1230,-1,1,0.000000000000,0.000100000000
1,2,1230,-1,2,0.000000000000,0.000100000000
1,2,1230,-1,3,0.000000000000,0.000100000000
1,2,1231,-1,1,0.000000000000,0.000100000000
1,2,1231,-1,2,0.000000000000,0.000100000000
1,2,1231,-1,3,0.000000000000,0.000100000000
1,2,1234,-1,1,0.000000000000,0.000100000000
1,2,1234,-1,2,0.000000000000,0.000100000000
1,2,1234,-1,3,0.000000000000,0.000100000000
1,2,1235,-1,1,0.000000000000,0.000100000000
1,2,1235,-1,2,0.000000000000,0.000100000000
1,2,1235,-1,3,0.000000000000,0.000100000000
1,2,1236,-1,1,0.000000000000,0.000100000000
1,2,1236,-1,2,0.000000000000,0.000100000000
1,2,1236,-1,3,0.000000000000,0.000100000000
1,2,1238,-1,1,0.000000000000,0.000100000000
1,2,1238,-1,2,0.000000000000,0.000100000000
1,2,1238,-1,3,0.000000000000,0.000100000000
1,2,1240,-1,1,0.000000000000,0.000100000000
1,2,1240,-1,2,0.000000000000,0.000100000000
1,2,1240,-1,3,0.000000000000,0.000100000000
1,3,83,-1,1,-0.000000020000,0.020000000000
1,3,83,-1,2,0.000000000000,0.020000000000
1,3,83,-1,3,0.000000010000,0.020000000000
1,3,88,-1,1,0.000000000000,0.020000000000
1,3,88,-1,2,-0.000000030000,0.020000000000
1,3,88,-1,3,0.000000010000,0.020000000000
1,3,90,-1,1,-0.000000010000,0.020000000000
1,3,90,-1,2,0.000000040000,0.020000000000
1,3,90,-1,3,-0.000000010000,0.020000000000
1,3,92,-1,1,-0.000000010000,0.020000000000
1,3,92,-1,2,-0.000000010000,0.020000000000
1,3,92,-1,3,-0.000000000000,0.020000000000
1,3,150,-1,1,0.000000000000,0.020000000000
1,3,150,-1,2,-0.000000010000,0.020000000000
1,3,150,-1,3,-0.000000010000,0.020000000000
1,3,1,-1,1,-9785.909801870001,0.300000000000
1,3,1,-1,2,-9852.046379440000,0.300000000000
1,3,1,-1,3,-9651.270427160000,0.300000000000
1,3,2,-1,1,-0.000000160000,0.300000000000
1,3,2,-1,2,0.000000000000,0.300000000000
1,3,2,-1,3,0.000000000000,0.300000000000
1,3,5,-1,1,-0.000000060000,0.300000000000
1,3,5,-1,2,0.000000060000,0.300000000000
1,3,5,-1,3,-0.000000010000,0.300000000000
1,3,7,-1,1,0.000000040000,0.300000000000
1,3,7,-1,2,-0.000000190000,0.300000000000
1,3,7,-1,3,-0.000000200000,0.300000000000
1,3,9,-1,1,0.000000080000,0.300000000000
1,3,9,-1,2,-0.000000020000,0.300000000000
1,3,9,-1,3,-0.000000120000,0.300000000000
1,3,11,-1,1,0.000000010000,0.300000000000
1,3,11,-1,2,0.000000000000,0.300000000000
1,3,11,-1,3,0.000000010000,0.300000000000
1,3,16,-1,1,0.000000010000,0.300000000000
1,3,16,-1,2,0.000000000000,0.300000000000
1,3,16,-1,3,0.000000000000,0.300000000000
1,3,17,-1,1,-0.000000000000,0.300000000000
1,3,17,-1,2,-0.000000010000,0.300000000000
1,3,17,-1,3,-0.000000010000,0.300000000000
1,3,19,-1,1,-0.000000000000,0.300000000000
1,3,19,-1,2,-0.000000010000,0.300000000000
1,3,19,-1,3,-0.000000010000,0.300000000000
1,3,20,-1,1,0.000000000000,0.300000000000
1,3,20,-1,2,0.000000010000,0.300000000000
1,3,20,-1,3,0.000000020000,0.300000000000
1,3,22,-1,1,0.000000000000,0.300000000000
1,3,22,-1,2,0.000000010000,0.300000000000
1,3,22,-1,3,0.000000010000,0.300000000000
1,3,24,-1,1,0.000000000000,0.300000000000
1,3,24,-1,2,0.000000000000,0.300000000000
1,3,24,-1,3,-0.000000000000,0.300000000000
1,3,29,-1,1,0.000000010000,0.300000000000
1,3,29,-1,2,-0.000000020000,0.300000000000
1,3,29,-1,3,0.000000000000,0.300000000000
1,3,30,-1,1,0.000000010000,0.300000000000
1,3,30,-1,2,0.000000010000,0.300000000000
1,3,30,-1,3,-0.000000010000,0.300000000000
1,3,31,-1,1,-0.000000010000,0.300000000000
1,3,31,-1,2,0.000000000000,0.300000000000
1,3,31,-1,3,0.000000010000,0.300000000000
1,3,32,-1,1,0.000000000000,0.300000000000
1,3,32,-1,2,0.000000000000,0.300000000000
1,3,32,-1,3,0.000000000000,0.300000000000
1,3,33,-1,1,-0.000000010000,0.300000000000
1,3,33,-1,2,0.000000030000,0.300000000000
1,3,33,-1,3,0.000000000000,0.300000000000
1,3,34,-1,1,0.000000010000,0.300000000000
1,3,34,-1,2,-0.000000010000,0.300000000000
1,3,34,-1,3,0.000000000000,0.300000000000
1,3,35,-1,1,0.000000020000,0.300000000000
1,3,35,-1,2,0.000000000000,0.300000000000
1,3,35,-1,3,0.000000020000,0.300000000000
1,3,37,-1,1,-0.000000010000,0.300000000000
1,3,37,-1,2,-0.000000040000,0.300000000000
1,3,37,-1,3,-0.000000000000,0.300000000000
1,3,38,-1,1,0.000000000000,0.300000000000
1,3,38,-1,2,0.000000000000,0.300000000000
1,3,38,-1,3,-0.000000010000,0.300000000000
1,3,39,-1,1,0.000000000000,0.300000000000
1,3,39,-1,2,0.000000020000,0.300000000000
1,3,39,-1,3,0.000000020000,0.300000000000
1,3,41,-1,1,0.000000000000,0.300000000000
1,3,41,-1,2,0.000000000000,0.300000000000
1,3,41,-1,3,-0.000000010000,0.300000000000
1,3,42,-1,1,-0.000000010000,0.300000000000
1,3,42,-1,2,-0.000000010000,0.300000000000
1,3,42,-1,3,0.000000010000,0.300000000000
1,3,43,-1,1,0.000000000000,0.300000000000
1,3,43,-1,2,-0.000000000000,0.300000000000
1,3,43,-1,3,-0.000000000000,0.300000000000
1,3,45,-1,1,0.000000000000,0.300000000000
1,3,45,-1,2,0.000000000000,0.300000000000
1,3,45,-1,3,0.000000020000,0.300000000000
1,3,47,-1,1,-0.000000010000,0.300000000000
1,3,47,-1,2,-0.000000010000,0.300000000000
1,3,47,-1,3,-0.000000010000,0.300000000000
1,3,48,-1,1,0.000000000000,0.300000000000
1,3,48,-1,2,0.000000010000,0.300000000000
1,3,48,-1,3,0.000000010000,0.300000000000
1,3,49,-1,1,0.000000010000,0.300000000000
1,3,49,-1,2,0.000000010000,0.300000000000
1,3,49,-1,3,-0.000000010000,0.300000000000
1,3,50,-1,1,0.000000010000,0.300000000000
1,3,50,-1,2,0.000000000000,0.300000000000
1,3,50,-1,3,0.000000000000,0.300000000000
1,3,51,-1,1,-0.000000020000,0.300000000000
1,3,51,-1,2,-0.000000010000,0.300000000000
1,3,51,-1,3,0.000000050000,0.300000000000
1,3,52,-1,1,0.000000000000,0.300000000000
1,3,52,-1,2,0.000000000000,0.300000000000
1,3,52,-1,3,-0.000000010000,0.300000000000
1,3,53,-1,1,0.000000000000,0.300000000000
1,3,53,-1,2,-0.000000030000,0.300000000000
1,3,53,-1,3,-0.000000010000,0.300000000000
1,3,55,-1,1,0.000000020000,0.300000000000
1,3,55,-1,2,-0.000000000000,0.300000000000
1,3,55,-1,3,0.000000010000,0.300000000000
1,3,56,-1,1,-0.000000000000,0.300000000000
1,3,56,-1,2,-0.000000000000,0.300000000000
1,3,56,-1,3,0.000000000000,0.300000000000
1,3,58,-1,1,-0.000000000000,0.300000000000
1,3,58,-1,2,0.000000000000,0.300000000000
1,3,58,-1,3,0.000000000000,0.300000000000
1,3,59,-1,1,0.000000000000,0.300000000000
1,3,59,-1,2,0.000000000000,0.300000000000
1,3,59,-1,3,-0.000000020000,0.300000000000
1,3,60,-1,1,0.000000010000,0.300000000000
1,3,60,-1,2,-0.000000010000,0.300000000000
1,3,60,-1,3,0.000000010000,0.300000000000
1,3,62,-1,1,-0.000000020000,0.300000000000
1,3,62,-1,2,0.000000020000,0.300000000000
1,3,62,-1,3,0.000000040000,0.300000000000
1,3,64,-1,1,-0.000000010000,0.300000000000
1,3,64,-1,2,0.000000000000,0.300000000000
1,3,64,-1,3,-0.000000030000,0.300000000000
1,3,65,-1,1,0.000000010000,0.300000000000
1,3,65,-1,2,-0.000000010000,0.300000000000
1,3,65,-1,3,0.000000020000,0.300000000000
1,3,66,-1,1,0.000000000000,0.300000000000
1,3,66,-1,2,-0.000000020000,0.300000000000
1,3,66,-1,3,0.000000020000,0.300000000000
1,3,68,-1,1,-0.000000010000,0.300000000000
1,3,68,-1,2,0.000000000000,0.300000000000
1,3,68,-1,3,0.000000030000,0.300000000000
1,3,69,-1,1,0.000000000000,0.300000000000
1,3,69,-1,2,0.000000000000,0.300000000000
1,3,69,-1,3,0.000000000000,0.300000000000
1,3,70,-1,1,0.000000010000,0.300000000000
1,3,70,-1,2,0.000000010000,0.300000000000
1,3,70,-1,3,0.000000030000,0.300000000000
1,3,71,-1,1,0.000000000000,0.300000000000
1,3,71,-1,2,0.000000000000,0.300000000000
1,3,71,-1,3,-0.000000010000,0.300000000000
1,3,73,-1,1,-0.000000010000,0.300000000000
1,3,73,-1,2,0.000000000000,0.300000000000
1,3,73,-1,3,-0.000000010000,0.300000000000
1,3,74,-1,1,0.000000010000,0.300000000000
1,3,74,-1,2,0.000000000000,0.300000000000
1,3,74,-1,3,-0.000000010000,0.300000000000
1,3,75,-1,1,-0.000000020000,0.300000000000
1,3,75,-1,2,-0.000000000000,0.300000000000
1,3,75,-1,3,-0.000000010000,0.300000000000
1,3,76,-1,1,0.000000010000,0.300000000000
1,3,76,-1,2,0.000000010000,0.300000000000
1,3,76,-1,3,0.000000010000,0.300000000000
1,3,77,-1,1,0.000000010000,0.300000000000
1,3,77,-1,2,-0.000000000000,0.300000000000
1,3,77,-1,3,-0.000000010000,0.300000000000
1,3,79,-1,1,-0.000000020000,0.300000000000
1,3,79,-1,2,0.000000010000,0.300000000000
1,3,79,-1,3,0.000000010000,0.300000000000
1,3,80,-1,1,0.000000010000,0.300000000000
1,3,80,-1,2,0.000000000000,0.300000000000
1,3,80,-1,3,0.000000000000,0.300000000000
1,3,84,-1,1,0.000000010000,0.300000000000
1,3,84,-1,2,-0.000000000000,0.300000000000
1,3,84,-1,3,-0.000000000000,0.300000000000
1,3,85,-1,1,0.000000000000,0.300000000000
1,3,85,-1,2,0.000000030000,0.300000000000
1,3,85,-1,3,-0.000000020000,0.300000000000
1,3,86,-1,1,0.000000020000,0.300000000000
1,3,86,-1,2,-0.000000000000,0.300000000000
1,3,86,-1,3,0.000000000000,0.300000000000
1,3,87,-1,1,-0.000000000000,0.300000000000
1,3,87,-1,2,0.000000000000,0.300000000000
1,3,87,-1,3,0.000000000000,0.300000000000
1,3,94,-1,1,0.000000000000,0.300000000000
1,3,94,-1,2,0.000000000000,0.300000000000
1,3,94,-1,3,0.000000010000,0.300000000000
1,3,95,-1,1,0.000000000000,0.300000000000
1,3,95,-1,2,0.000000020000,0.300000000000
1,3,95,-1,3,-0.000000020000,0.300000000000
1,3,96,-1,1,-0.000000000000,0.300000000000
1,3,96,-1,2,0.000000000000,0.300000000000
1,3,96,-1,3,0.000000010000,0.300000000000
1,3,99,-1,1,0.000000010000,0.300000000000
1,3,99,-1,2,-0.000000040000,0.300000000000
1,3,99,-1,3,0.000000010000,0.300000000000
1,3,100,-1,1,0.000000000000,0.300000000000
1,3,100,-1,2,0.000000020000,0.300000000000
1,3,100,-1,3,-0.000000000000,0.300000000000
1,3,102,-1,1,0.000000000000,0.300000000000
1,3,102,-1,2,0.000000010000,0.300000000000
1,3,102,-1,3,0.000000000000,0.300000000000
1,3,103,-1,1,-0.000000020000,0.300000000000
1,3,103,-1,2,-0.000000010000,0.300000000000
1,3,103,-1,3,0.000000070000,0.300000000000
1,3,104,-1,1,0.000000010000,0.300000000000
1,3,104,-1,2,0.000000000000,0.300000000000
1,3,104,-1,3,-0.000000010000,0.300000000000
1,3,106,-1,1,0.000000010000,0.300000000000
1,3,106,-1,2,-0.000000020000,0.300000000000
1,3,106,-1,3,-0.000000000000,0.300000000000
1,3,107,-1,1,-0.000000010000,0.300000000000
1,3,107,-1,2,0.000000010000,0.300000000000
1,3,107,-1,3,-0.000000010000,0.300000000000
1,3,109,-1,1,-0.000000010000,0.300000000000
1,3,109,-1,2,0.000000000000,0.300000000000
1,3,109,-1,3,0.000000000000,0.300000000000
1,3,111,-1,1,0.000000000000,0.300000000000
1,3,111,-1,2,0.000000010000,0.300000000000
1,3,111,-1,3,0.000000010000,0.300000000000
1,3,112,-1,1,0.000000000000,0.300000000000
1,3,112,-1,2,0.000000010000,0.300000000000
1,3,112,-1,3,0.000000030000,0.300000000000
1,3,113,-1,1,0.000000000000,0.300000000000
1,3,113,-1,2,0.000000010000,0.300000000000
1,3,113,-1,3,-0.000000010000,0.300000000000
1,3,114,-1,1,-0.000000010000,0.300000000000
1,3,114,-1,2,-0.000000010000,0.300000000000
1,3,114,-1,3,-0.000000020000,0.300000000000
1,3,3,-1,1,0.000000000000,0.000100000000
1,3,3,-1,2,0.000000000000,0.000100000000
1,3,3,-1,3,0.000000000000,0.000100000000
1,3,13,-1,1,0.000000000000,0.000100000000
1,3,13,-1,2,0.000000000000,0.000100000000
1,3,13,-1,3,0.000000000000,0.000100000000
1,3,14,-1,1,0.000000000000,0.000100000000
1,3,14,-1,2,0.000000000000,0.000100000000
1,3,14,-1,3,0.000000000000,0.000100000000
1,3,15,-1,1,0.000000000000,0.000100000000
1,3,15,-1,2,0.000000000000,0.000100000000
1,3,15,-1,3,0.000000000000,0.000100000000
1,3,18,-1,1,0.000000000000,0.000100000000
1,3,18,-1,2,0.000000000000,0.000100000000
1,3,18,-1,3,0.000000000000,0.000100000000
1,3,21,-1,1,0.000000000000,0.000100000000
1,3,21,-1,2,0.000000000000,0.000100000000
1,3,21,-1,3,0.000000000000,0.000100000000
1,3,23,-1,1,0.000000000000,0.000100000000
1,3,23,-1,2,0.000000000000,0.000100000000
1,3,23,-1,3,0.000000000000,0.000100000000
1,3,25,-1,1,0.000000000000,0.000100000000
1,3,25,-1,2,0.000000000000,0.000100000000
1,3,25,-1,3,0.000000000000,0.000100000000
1,3,26,-1,1,0.000000000000,0.000100000000
1,3,26,-1,2,0.000000000000,0.000100000000
1,3,26,-1,3,0.000000000000,0.000100000000
1,3,27,-1,1,0.000000000000,0.000100000000
1,3,27,-1,2,0.000000000000,0.000100000000
1,3,27,-1,3,0.000000000000,0.000100000000
1,3,36,-1,1,0.000000000000,0.000100000000
1,3,36,-1,2,0.000000000000,0.000100000000
1,3,36,-1,3,0.000000000000,0.000100000000
1,3,40,-1,1,0.000000000000,0.000100000000
1,3,40,-1,2,0.000000000000,0.000100000000
1,3,40,-1,3,0.000000000000,0.000100000000
1,3,44,-1,1,0.000000000000,0.000100000000
1,3,44,-1,2,0.000000000000,0.000100000000
1,3,44,-1,3,0.000000000000,0.000100000000
1,3,54,-1,1,0.000000000000,0.000100000000
1,3,54,-1,2,0.000000000000,0.000100000000
1,3,54,-1,3,0.000000000000,0.000100000000
1,3,57,-1,1,0.000000000000,0.000100000000
1,3,57,-1,2,0.000000000000,0.000100000000
1,3,57,-1,3,0.000000000000,0.000100000000
1,3,61,-1,1,0.000000000000,0.000100000000
1,3,61,-1,2,0.000000000000,0.000100000000
1,3,61,-1,3,0.000000000000,0.000100000000
1,3,67,-1,1,0.000000000000,0.000100000000
1,3,67,-1,2,0.000000000000,0.000100000000
1,3,67,-1,3,0.000000000000,0.000100000000
1,3,72,-1,1,0.000000000000,0.000100000000
1,3,72,-1,2,0.000000000000,0.000100000000
1,3,72,-1,3,0.000000000000,0.000100000000
1,3,78,-1,1,0.000000000000,0.000100000000
1,3,78,-1,2,0.000000000000,0.000100000000
1,3,78,-1,3,0.000000000000,0.000100000000
1,3,81,-1,1,0.000000000000,0.000100000000
1,3,81,-1,2,0.000000000000,0.000100000000
1,3,81,-1,3,0.000000000000,0.000100000000
1,3,89,-1,1,0.000000000000,0.000100000000
1,3,89,-1,2,0.000000000000,0.000100000000
1,3,89,-1,3,0.000000000000,0.000100000000
1,3,91,-1,1,0.000000000000,0.000100000000
1,3,91,-1,2,0.000000000000,0.000100000000
1,3,91,-1,3,0.000000000000,0.000100000000
1,3,93,-1,1,0.000000000000,0.000100000000
1,3,93,-1,2,0.000000000000,0.000100000000
1,3,93,-1,3,0.000000000000,0.000100000000
1,3,97,-1,1,0.000000000000,0.000100000000
1,3,97,-1,2,0.000000000000,0.000100000000
1,3,97,-1,3,0.000000000000,0.000100000000
1,3,101,-1,1,0.000000000000,0.000100000000
1,3,101,-1,2,0.000000000000,0.000100000000
1,3,101,-1,3,0.000000000000,0.000100000000
1,3,105,-1,1,0.000000000000,0.000100000000
1,3,105,-1,2,0.000000000000,0.000100000000
1,3,105,-1,3,0.000000000000,0.000100000000
1,3,108,-1,1,0.000000000000,0.000100000000
1,3,108,-1,2,0.000000000000,0.000100000000
1,3,108,-1,3,0.000000000000,0.000100000000
1,3,110,-1,1,0.000000000000,0.000100000000
1,3,110,-1,2,0.000000000000,0.000100000000
1,3,110,-1,3,0.000000000000,0.000100000000
1,3,115,-1,1,0.000000000000,0.000100000000
1,3,115,-1,2,0.000000000000,0.000100000000
1,3,115,-1,3,0.000000000000,0.000100000000
1,3,116,-1,1,0.000000000000,0.000100000000
1,3,116,-1,2,0.000000000000,0.000100000000
1,3,116,-1,3,0.000000000000,0.000100000000
1,3,117,-1,1,0.000000000000,0.000100000000
1,3,117,-1,2,0.000000000000,0.000100000000
1,3,117,-1,3,0.000000000000,0.000100000000
1,3,119,-1,1,0.000000000000,0.000100000000
1,3,119,-1,2,0.000000000000,0.000100000000
1,3,119,-1,3,0.000000000000,0.000100000000
1,3,120,-1,1,0.000000000000,0.000100000000
1,3,120,-1,2,0.000000000000,0.000100000000
1,3,120,-1,3,0.000000000000,0.000100000000
1,3,121,-1,1,0.000000000000,0.000100000000
1,3,121,-1,2,0.000000000000,0.000100000000
1,3,121,-1,3,0.000000000000,0.000100000000
1,3,122,-1,1,0.000000000000,0.000100000000
1,3,122,-1,2,0.000000000000,0.000100000000
1,3,122,-1,3,0.000000000000,0.000100000000
1,3,123,-1,1,0.000000000000,0.000100000000
1,3,123,-1,2,0.000000000000,0.000100000000
1,3,123,-1,3,0.000000000000,0.000100000000
1,3,124,-1,1,0.000000000000,0.000100000000
1,3,124,-1,2,0.000000000000,0.000100000000
1,3,124,-1,3,0.000000000000,0.000100000000
1,3,125,-1,1,0.000000000000,0.000100000000
1,3,125,-1,2,0.000000000000,0.000100000000
1,3,125,-1,3,0.000000000000,0.000100000000
1,3,126,-1,1,0.000000000000,0.000100000000
1,3,126,-1,2,0.000000000000,0.000100000000
1,3,126,-1,3,0.000000000000,0.000100000000
1,3,127,-1,1,0.000000000000,0.000100000000
1,3,127,-1,2,0.000000000000,0.000100000000
1,3,127,-1,3,0.000000000000,0.000100000000
1,3,128,-1,1,0.000000000000,0.000100000000
1,3,128,-1,2,0.000000000000,0.000100000000
1,3,128,-1,3,0.000000000000,0.000100000000
1,3,129,-1,1,0.000000000000,0.000100000000
1,3,129,-1,2,0.000000000000,0.000100000000
1,3,129,-1,3,0.000000000000,0.000100000000
1,3,130,-1,1,0.000000000000,0.000100000000
1,3,130,-1,2,0.000000000000,0.000100000000
1,3,130,-1,3,0.000000000000,0.000100000000
1,3,131,-1,1,0.000000000000,0.000100000000
1,3,131,-1,2,0.000000000000,0.000100000000
1,3,131,-1,3,0.000000000000,0.000100000000
1,3,132,-1,1,0.000000000000,0.000100000000
1,3,132,-1,2,0.000000000000,0.000100000000
1,3,132,-1,3,0.000000000000,0.000100000000
1,3,133,-1,1,0.000000000000,0.000100000000
1,3,133,-1,2,0.000000000000,0.000100000000
1,3,133,-1,3,0.000000000000,0.000100000000
1,3,134,-1,1,0.000000000000,0.000100000000
1,3,134,-1,2,0.000000000000,0.000100000000
1,3,134,-1,3,0.000000000000,0.000100000000
1,3,136,-1,1,0.000000000000,0.000100000000
1,3,136,-1,2,0.000000000000,0.000100000000
1,3,136,-1,3,0.000000000000,0.000100000000
1,3,137,-1,1,0.000000000000,0.000100000000
1,3,137,-1,2,0.000000000000,0.000100000000
1,3,137,-1,3,0.000000000000,0.000100000000
1,3,138,-1,1,0.000000000000,0.000100000000
1,3,138,-1,2,0.000000000000,0.000100000000
1,3,138,-1,3,0.000000000000,0.000100000000
1,3,139,-1,1,0.000000000000,0.000100000000
1,3,139,-1,2,0.000000000000,0.000100000000
1,3,139,-1,3,0.000000000000,0.000100000000
1,3,140,-1,1,0.000000000000,0.000100000000
1,3,140,-1,2,0.000000000000,0.000100000000
1,3,140,-1,3,0.000000000000,0.000100000000
1,3,141,-1,1,0.000000000000,0.000100000000
1,3,141,-1,2,0.000000000000,0.000100000000
1,3,141,-1,3,0.000000000000,0.000100000000
1,3,142,-1,1,0.000000000000,0.000100000000
1,3,142,-1,2,0.000000000000,0.000100000000
1,3,142,-1,3,0.000000000000,0.000100000000
1,3,143,-1,1,0.000000000000,0.000100000000
1,3,143,-1,2,0.000000000000,0.000100000000
1,3,143,-1,3,0.000000000000,0.000100000000
1,3,144,-1,1,0.000000000000,0.000100000000
1,3,144,-1,2,0.000000000000,0.000100000000
1,3,144,-1,3,0.000000000000,0.000100000000
1,3,145,-1,1,0.000000000000,0.000100000000
1,3,145,-1,2,0.000000000000,0.000100000000
1,3,145,-1,3,0.000000000000,0.000100000000
1,3,146,-1,1,0.000000000000,0.000100000000
1,3,146,-1,2,0.000000000000,0.000100000000
1,3,146,-1,3,0.000000000000,0.000100000000
1,3,147,-1,1,0.000000000000,0.000100000000
1,3,147,-1,2,0.000000000000,0.000100000000
1,3,147,-1,3,0.000000000000,0.000100000000
1,3,148,-1,1,0.000000000000,0.000100000000
1,3,148,-1,2,0.000000000000,0.000100000000
1,3,148,-1,3,0.000000000000,0.000100000000
1,3,149,-1,1,0.000000000000,0.000100000000
1,3,149,-1,2,0.000000000000,0.000100000000
1,3,149,-1,3,0.000000000000,0.000100000000
1,3,1001,-1,1,0.000000000000,0.000100000000
1,3,1001,-1,2,0.000000000000,0.000100000000
1,3,1001,-1,3,0.000000000000,0.000100000000
1,3,1002,-1,1,0.000000000000,0.000100000000
1,3,1002,-1,2,0.000000000000,0.000100000000
1,3,1002,-1,3,0.000000000000,0.000100000000
1,3,1003,-1,1,0.000000000000,0.000100000000
1,3,1003,-1,2,0.000000000000,0.000100000000
1,3,1003,-1,3,0.000000000000,0.000100000000
1,3,1005,-1,1,0.000000000000,0.000100000000
1,3,1005,-1,2,0.000000000000,0.000100000000
1,3,1005,-1,3,0.000000000000,0.000100000000
1,3,1006,-1,1,0.000000000000,0.000100000000
1,3,1006,-1,2,0.000000000000,0.000100000000
1,3,1006,-1,3,0.000000000000,0.000100000000
1,3,1007,-1,1,0.000000000000,0.000100000000
1,3,1007,-1,2,0.000000000000,0.000100000000
1,3,1007,-1,3,0.000000000000,0.000100000000
1,3,1008,-1,1,0.000000000000,0.000100000000
1,3,1008,-1,2,0.000000000000,0.000100000000
1,3,1008,-1,3,0.000000000000,0.000100000000
1,3,1010,-1,1,0.000000000000,0.000100000000
1,3,1010,-1,2,0.000000000000,0.000100000000
1,3,1010,-1,3,0.000000000000,0.000100000000
1,3,1011,-1,1,0.000000000000,0.000100000000
1,3,1011,-1,2,0.000000000000,0.000100000000
1,3,1011,-1,3,0.000000000000,0.000100000000
1,3,1012,-1,1,0.000000000000,0.000100000000
1,3,1012,-1,2,0.000000000000,0.000100000000
1,3,1012,-1,3,0.000000000000,0.000100000000
1,3,1013,-1,1,0.000000000000,0.000100000000
1,3,1013,-1,2,0.000000000000,0.000100000000
1,3,1013,-1,3,0.000000000000,0.000100000000
1,3,1015,-1,1,0.000000000000,0.000100000000
1,3,1015,-1,2,0.000000000000,0.000100000000
1,3,1015,-1,3,0.000000000000,0.000100000000
1,3,1016,-1,1,0.000000000000,0.000100000000
1,3,1016,-1,2,0.000000000000,0.000100000000
1,3,1016,-1,3,0.000000000000,0.000100000000
1,3,1017,-1,1,0.000000000000,0.000100000000
1,3,1017,-1,2,0.000000000000,0.000100000000
1,3,1017,-1,3,0.000000000000,0.000100000000
1,3,1018,-1,1,0.000000000000,0.000100000000
1,3,1018,-1,2,0.000000000000,0.000100000000
1,3,1018,-1,3,0.000000000000,0.000100000000
1,3,1019,-1,1,0.000000000000,0.000100000000
1,3,1019,-1,2,0.000000000000,0.000100000000
1,3,1019,-1,3,0.000000000000,0.000100000000
1,3,1020,-1,1,0.000000000000,0.000100000000
1,3,1020,-1,2,0.000000000000,0.000100000000
1,3,1020,-1,3,0.000000000000,0.000100000000
1,3,1021,-1,1,0.000000000000,0.000100000000
1,3,1021,-1,2,0.000000000000,0.000100000000
1,3,1021,-1,3,0.000000000000,0.000100000000
1,3,1022,-1,1,0.000000000000,0.000100000000
1,3,1022,-1,2,0.000000000000,0.000100000000
1,3,1022,-1,3,0.000000000000,0.000100000000
1,3,1023,-1,1,0.000000000000,0.000100000000
1,3,1023,-1,2,0.000000000000,0.000100000000
1,3,1023,-1,3,0.000000000000,0.000100000000
1,3,1024,-1,1,0.000000000000,0.000100000000
1,3,1024,-1,2,0.000000000000,0.000100000000
1,3,1024,-1,3,0.000000000000,0.000100000000
1,3,1025,-1,1,0.000000000000,0.000100000000
1,3,1025,-1,2,0.000000000000,0.000100000000
1,3,1025,-1,3,0.000000000000,0.000100000000
1,3,1026,-1,1,0.000000000000,0.000100000000
1,3,1026,-1,2,0.000000000000,0.000100000000
1,3,1026,-1,3,0.000000000000,0.000100000000
1,3,1031,-1,1,0.000000000000,0.000100000000
1,3,1031,-1,2,0.000000000000,0.000100000000
1,3,1031,-1,3,0.000000000000,0.000100000000
1,3,1032,-1,1,0.000000000000,0.000100000000
1,3,1032,-1,2,0.000000000000,0.000100000000
1,3,1032,-1,3,0.000000000000,0.000100000000
1,3,1037,-1,1,0.000000000000,0.000100000000
1,3,1037,-1,2,0.000000000000,0.000100000000
1,3,1037,-1,3,0.000000000000,0.000100000000
1,3,1038,-1,1,0.000000000000,0.000100000000
1,3,1038,-1,2,0.000000000000,0.000100000000
1,3,1038,-1,3,0.000000000000,0.000100000000
1,3,1039,-1,1,0.000000000000,0.000100000000
1,3,1039,-1,2,0.000000000000,0.000100000000
1,3,1039,-1,3,0.000000000000,0.000100000000
1,3,1040,-1,1,0.000000000000,0.000100000000
1,3,1040,-1,2,0.000000000000,0.000100000000
1,3,1040,-1,3,0.000000000000,0.000100000000
1,3,1041,-1,1,0.000000000000,0.000100000000
1,3,1041,-1,2,0.000000000000,0.000100000000
1,3,1041,-1,3,0.000000000000,0.000100000000
1,3,1042,-1,1,0.000000000000,0.000100000000
1,3,1042,-1,2,0.000000000000,0.000100000000
1,3,1042,-1,3,0.000000000000,0.000100000000
1,3,1043,-1,1,0.000000000000,0.000100000000
1,3,1043,-1,2,0.000000000000,0.000100000000
1,3,1043,-1,3,0.000000000000,0.000100000000
1,3,1046,-1,1,0.000000000000,0.000100000000
1,3,1046,-1,2,0.000000000000,0.000100000000
1,3,1046,-1,3,0.000000000000,0.000100000000
1,3,1047,-1,1,0.000000000000,0.000100000000
1,3,1047,-1,2,0.000000000000,0.000100000000
1,3,1047,-1,3,0.000000000000,0.000100000000
1,3,1048,-1,1,0.000000000000,0.000100000000
1,3,1048,-1,2,0.000000000000,0.000100000000
1,3,1048,-1,3,0.000000000000,0.000100000000
1,3,1051,-1,1,0.000000000000,0.000100000000
1,3,1051,-1,2,0.000000000000,0.000100000000
1,3,1051,-1,3,0.000000000000,0.000100000000
1,3,1052,-1,1,0.000000000000,0.000100000000
1,3,1052,-1,2,0.000000000000,0.000100000000
1,3,1052,-1,3,0.000000000000,0.000100000000
1,3,1053,-1,1,0.000000000000,0.000100000000
1,3,1053,-1,2,0.000000000000,0.000100000000
1,3,1053,-1,3,0.000000000000,0.000100000000
1,3,1056,-1,1,0.000000000000,0.000100000000
1,3,1056,-1,2,0.000000000000,0.000100000000
1,3,1056,-1,3,0.000000000000,0.000100000000
1,3,1057,-1,1,0.000000000000,0.000100000000
1,3,1057,-1,2,0.000000000000,0.000100000000
1,3,1057,-1,3,0.000000000000,0.000100000000
1,3,1058,-1,1,0.000000000000,0.000100000000
1,3,1058,-1,2,0.000000000000,0.000100000000
1,3,1058,-1,3,0.000000000000,0.000100000000
1,3,1061,-1,1,0.000000000000,0.000100000000
1,3,1061,-1,2,0.000000000000,0.000100000000
1,3,1061,-1,3,0.000000000000,0.000100000000
1,3,1062,-1,1,0.000000000000,0.000100000000
1,3,1062,-1,2,0.000000000000,0.000100000000
1,3,1062,-1,3,0.000000000000,0.000100000000
1,3,1063,-1,1,0.000000000000,0.000100000000
1,3,1063,-1,2,0.000000000000,0.000100000000
1,3,1063,-1,3,0.000000000000,0.000100000000
1,3,1064,-1,1,0.000000000000,0.000100000000
1,3,1064,-1,2,0.000000000000,0.000100000000
1,3,1064,-1,3,0.000000000000,0.000100000000
1,3,1065,-1,1,0.000000000000,0.000100000000
1,3,1065,-1,2,0.000000000000,0.000100000000
1,3,1065,-1,3,0.000000000000,0.000100000000
1,3,1066,-1,1,0.000000000000,0.000100000000
1,3,1066,-1,2,0.000000000000,0.000100000000
1,3,1066,-1,3,0.000000000000,0.000100000000
1,3,1067,-1,1,0.000000000000,0.000100000000
1,3,1067,-1,2,0.000000000000,0.000100000000
1,3,1067,-1,3,0.000000000000,0.000100000000
1,3,1072,-1,1,0.000000000000,0.000100000000
1,3,1072,-1,2,0.000000000000,0.000100000000
1,3,1072,-1,3,0.000000000000,0.000100000000
1,3,1073,-1,1,0.000000000000,0.000100000000
1,3,1073,-1,2,0.000000000000,0.000100000000
1,3,1073,-1,3,0.000000000000,0.000100000000
1,3,1078,-1,1,0.000000000000,0.000100000000
1,3,1078,-1,2,0.000000000000,0.000100000000
1,3,1078,-1,3,0.000000000000,0.000100000000
1,3,1079,-1,1,0.000000000000,0.000100000000
1,3,1079,-1,2,0.000000000000,0.000100000000
1,3,1079,-1,3,0.000000000000,0.000100000000
1,3,1080,-1,1,0.000000000000,0.000100000000
1,3,1080,-1,2,0.000000000000,0.000100000000
1,3,1080,-1,3,0.000000000000,0.000100000000
1,3,1081,-1,1,0.000000000000,0.000100000000
1,3,1081,-1,2,0.000000000000,0.000100000000
1,3,1081,-1,3,0.000000000000,0.000100000000
1,3,1082,-1,1,0.000000000000,0.000100000000
1,3,1082,-1,2,0.000000000000,0.000100000000
1,3,1082,-1,3,0.000000000000,0.000100000000
1,3,1083,-1,1,0.000000000000,0.000100000000
1,3,1083,-1,2,0.000000000000,0.000100000000
1,3,1083,-1,3,0.000000000000,0.000100000000
1,3,1084,-1,1,0.000000000000,0.000100000000
1,3,1084,-1,2,0.000000000000,0.000100000000
1,3,1084,-1,3,0.000000000000,0.000100000000
1,3,1087,-1,1,0.000000000000,0.000100000000
1,3,1087,-1,2,0.000000000000,0.000100000000
1,3,1087,-1,3,0.000000000000,0.000100000000
1,3,1088,-1,1,0.000000000000,0.000100000000
1,3,1088,-1,2,0.000000000000,0.000100000000
1,3,1088,-1,3,0.000000000000,0.000100000000
1,3,1089,-1,1,0.000000000000,0.000100000000
1,3,1089,-1,2,0.000000000000,0.000100000000
1,3,1089,-1,3,0.000000000000,0.000100000000
1,3,1092,-1,1,0.000000000000,0.000100000000
1,3,1092,-1,2,0.000000000000,0.000100000000
1,3,1092,-1,3,0.000000000000,0.000100000000
1,3,1093,-1,1,0.000000000000,0.000100000000
1,3,1093,-1,2,0.000000000000,0.000100000000
1,3,1093,-1,3,0.000000000000,0.000100000000
1,3,1094,-1,1,0.000000000000,0.000100000000
1,3,1094,-1,2,0.000000000000,0.000100000000
1,3,1094,-1,3,0.000000000000,0.000100000000
1,3,1097,-1,1,0.000000000000,0.000100000000
1,3,1097,-1,2,0.000000000000,0.000100000000
1,3,1097,-1,3,0.000000000000,0.000100000000
1,3,1098,-1,1,0.000000000000,0.000100000000
1,3,1098,-1,2,0.000000000000,0.000100000000
1,3,1098,-1,3,0.000000000000,0.000100000000
1,3,1099,-1,1,0.000000000000,0.000100000000
1,3,1099,-1,2,0.000000000000,0.000100000000
1,3,1099,-1,3,0.000000000000,0.000100000000
1,3,1102,-1,1,0.000000000000,0.000100000000
1,3,1102,-1,2,0.000000000000,0.000100000000
1,3,1102,-1,3,0.000000000000,0.000100000000
1,3,1103,-1,1,0.000000000000,0.000100000000
1,3,1103,-1,2,0.000000000000,0.000100000000
1,3,1103,-1,3,0.000000000000,0.000100000000
1,3,1104,-1,1,0.000000000000,0.000100000000
1,3,1104,-1,2,0.000000000000,0.000100000000
1,3,1104,-1,3,0.000000000000,0.000100000000
1,3,1105,-1,1,0.000000000000,0.000100000000
1,3,1105,-1,2,0.000000000000,0.000100000000
1,3,1105,-1,3,0.000000000000,0.000100000000
1,3,1106,-1,1,0.000000000000,0.000100000000
1,3,1106,-1,2,0.000000000000,0.000100000000
1,3,1106,-1,3,0.000000000000,0.000100000000
1,3,1107,-1,1,0.000000000000,0.000100000000
1,3,1107,-1,2,0.000000000000,0.000100000000
1,3,1107,-1,3,0.000000000000,0.000100000000
1,3,1108,-1,1,0.000000000000,0.000100000000
1,3,1108,-1,2,0.000000000000,0.000100000000
1,3,1108,-1,3,0.000000000000,0.000100000000
1,3,1113,-1,1,0.000000000000,0.000100000000
1,3,1113,-1,2,0.000000000000,0.000100000000
1,3,1113,-1,3,0.000000000000,0.000100000000
1,3,1114,-1,1,0.000000000000,0.000100000000
1,3,1114,-1,2,0.000000000000,0.000100000000
1,3,1114,-1,3,0.000000000000,0.000100000000
1,3,1119,-1,1,0.000000000000,0.000100000000
1,3,1119,-1,2,0.000000000000,0.000100000000
1,3,1119,-1,3,0.000000000000,0.000100000000
1,3,1120,-1,1,0.000000000000,0.000100000000
1,3,1120,-1,2,0.000000000000,0.000100000000
1,3,1120,-1,3,0.000000000000,0.000100000000
1,3,1121,-1,1,0.000000000000,0.000100000000
1,3,1121,-1,2,0.000000000000,0.000100000000
1,3,1121,-1,3,0.000000000000,0.000100000000
1,3,1122,-1,1,0.000000000000,0.000100000000
1,3,1122,-1,2,0.000000000000,0.000100000000
1,3,1122,-1,3,0.000000000000,0.000100000000
1,3,1123,-1,1,0.000000000000,0.000100000000
1,3,1123,-1,2,0.000000000000,0.000100000000
1,3,1123,-1,3,0.000000000000,0.000100000000
1,3,1124,-1,1,0.000000000000,0.000100000000
1,3,1124,-1,2,0.000000000000,0.000100000000
1,3,1124,-1,3,0.000000000000,0.000100000000
1,3,1125,-1,1,0.000000000000,0.000100000000
1,3,1125,-1,2,0.000000000000,0.000100000000
1,3,1125,-1,3,0.000000000000,0.000100000000
1,3,1127,-1,1,0.000000000000,0.000100000000
1,3,1127,-1,2,0.000000000000,0.000100000000
1,3,1127,-1,3,0.000000000000,0.000100000000
1,3,1128,-1,1,0.000000000000,0.000100000000
1,3,1128,-1,2,0.000000000000,0.000100000000
1,3,1128,-1,3,0.000000000000,0.000100000000
1,3,1129,-1,1,0.000000000000,0.000100000000
1,3,1129,-1,2,0.000000000000,0.000100000000
1,3,1129,-1,3,0.000000000000,0.000100000000
1,3,1130,-1,1,0.000000000000,0.000100000000
1,3,1130,-1,2,0.000000000000,0.000100000000
1,3,1130,-1,3,0.000000000000,0.000100000000
1,3,1132,-1,1,0.000000000000,0.000100000000
1,3,1132,-1,2,0.000000000000,0.000100000000
1,3,1132,-1,3,0.000000000000,0.000100000000
1,3,1133,-1,1,0.000000000000,0.000100000000
1,3,1133,-1,2,0.000000000000,0.000100000000
1,3,1133,-1,3,0.000000000000,0.000100000000
1,3,1134,-1,1,0.000000000000,0.000100000000
1,3,1134,-1,2,0.000000000000,0.000100000000
1,3,1134,-1,3,0.000000000000,0.000100000000
1,3,1135,-1,1,0.000000000000,0.000100000000
1,3,1135,-1,2,0.000000000000,0.000100000000
1,3,1135,-1,3,0.000000000000,0.000100000000
1,3,1137,-1,1,0.000000000000,0.000100000000
1,3,1137,-1,2,0.000000000000,0.000100000000
1,3,1137,-1,3,0.000000000000,0.000100000000
1,3,1138,-1,1,0.000000000000,0.000100000000
1,3,1138,-1,2,0.000000000000,0.000100000000
1,3,1138,-1,3,0.000000000000,0.000100000000
1,3,1139,-1,1,0.000000000000,0.000100000000
1,3,1139,-1,2,0.000000000000,0.000100000000
1,3,1139,-1,3,0.000000000000,0.000100000000
1,3,1140,-1,1,0.000000000000,0.000100000000
1,3,1140,-1,2,0.000000000000,0.000100000000
1,3,1140,-1,3,0.000000000000,0.000100000000
1,3,1142,-1,1,0.000000000000,0.000100000000
1,3,1142,-1,2,0.000000000000,0.000100000000
1,3,1142,-1,3,0.000000000000,0.000100000000
1,3,1143,-1,1,0.000000000000,0.000100000000
1,3,1143,-1,2,0.000000000000,0.000100000000
1,3,1143,-1,3,0.000000000000,0.000100000000
1,3,1144,-1,1,0.000000000000,0.000100000000
1,3,1144,-1,2,0.000000000000,0.000100000000
1,3,1144,-1,3,0.000000000000,0.000100000000
1,3,1145,-1,1,0.000000000000,0.000100000000
1,3,1145,-1,2,0.000000000000,0.000100000000
1,3,1145,-1,3,0.000000000000,0.000100000000
1,3,1146,-1,1,0.000000000000,0.000100000000
1,3,1146,-1,2,0.000000000000,0.000100000000
1,3,1146,-1,3,0.000000000000,0.000100000000
1,3,1147,-1,1,0.000000000000,0.000100000000
1,3,1147,-1,2,0.000000000000,0.000100000000
1,3,1147,-1,3,0.000000000000,0.000100000000
1,3,1148,-1,1,0.000000000000,0.000100000000
1,3,1148,-1,2,0.000000000000,0.000100000000
1,3,1148,-1,3,0.000000000000,0.000100000000
1,3,1149,-1,1,0.000000000000,0.000100000000
1,3,1149,-1,2,0.000000000000,0.000100000000
1,3,1149,-1,3,0.000000000000,0.000100000000
1,3,1150,-1,1,0.000000000000,0.000100000000
1,3,1150,-1,2,0.000000000000,0.000100000000
1,3,1150,-1,3,0.000000000000,0.000100000000
1,3,1151,-1,1,0.000000000000,0.000100000000
1,3,1151,-1,2,0.000000000000,0.000100000000
1,3,1151,-1,3,0.000000000000,0.000100000000
1,3,1152,-1,1,0.000000000000,0.000100000000
1,3,1152,-1,2,0.000000000000,0.000100000000
1,3,1152,-1,3,0.000000000000,0.000100000000
1,3,1153,-1,1,0.000000000000,0.000100000000
1,3,1153,-1,2,0.000000000000,0.000100000000
1,3,1153,-1,3,0.000000000000,0.000100000000
1,3,1154,-1,1,0.000000000000,0.000100000000
1,3,1154,-1,2,0.000000000000,0.000100000000
1,3,1154,-1,3,0.000000000000,0.000100000000
1,3,1155,-1,1,0.000000000000,0.000100000000
1,3,1155,-1,2,0.000000000000,0.000100000000
1,3,1155,-1,3,0.000000000000,0.000100000000
1,3,1156,-1,1,0.000000000000,0.000100000000
1,3,1156,-1,2,0.000000000000,0.000100000000
1,3,1156,-1,3,0.000000000000,0.000100000000
1,3,1158,-1,1,0.000000000000,0.000100000000
1,3,1158,-1,2,0.000000000000,0.000100000000
1,3,1158,-1,3,0.000000000000,0.000100000000
1,3,1159,-1,1,0.000000000000,0.000100000000
1,3,1159,-1,2,0.000000000000,0.000100000000
1,3,1159,-1,3,0.000000000000,0.000100000000
1,3,1160,-1,1,0.000000000000,0.000100000000
1,3,1160,-1,2,0.000000000000,0.000100000000
1,3,1160,-1,3,0.000000000000,0.000100000000
1,3,1161,-1,1,0.000000000000,0.000100000000
1,3,1161,-1,2,0.000000000000,0.000100000000
1,3,1161,-1,3,0.000000000000,0.000100000000
1,3,1162,-1,1,0.000000000000,0.000100000000
1,3,1162,-1,2,0.000000000000,0.000100000000
1,3,1162,-1,3,0.000000000000,0.000100000000
1,3,1163,-1,1,0.000000000000,0.000100000000
1,3,1163,-1,2,0.000000000000,0.000100000000
1,3,1163,-1,3,0.000000000000,0.000100000000
1,3,1164,-1,1,0.000000000000,0.000100000000
1,3,1164,-1,2,0.000000000000,0.000100000000
1,3,1164,-1,3,0.000000000000,0.000100000000
1,3,1165,-1,1,0.000000000000,0.000100000000
1,3,1165,-1,2,0.000000000000,0.000100000000
1,3,1165,-1,3,0.000000000000,0.000100000000
1,3,1166,-1,1,0.000000000000,0.000100000000
1,3,1166,-1,2,0.000000000000,0.000100000000
1,3,1166,-1,3,0.000000000000,0.000100000000
1,3,1167,-1,1,0.000000000000,0.000100000000
1,3,1167,-1,2,0.000000000000,0.000100000000
1,3,1167,-1,3,0.000000000000,0.000100000000
1,3,1168,-1,1,0.000000000000,0.000100000000
1,3,1168,-1,2,0.000000000000,0.000100000000
1,3,1168,-1,3,0.000000000000,0.000100000000
1,3,1169,-1,1,0.000000000000,0.000100000000
1,3,1169,-1,2,0.000000000000,0.000100000000
1,3,1169,-1,3,0.000000000000,0.000100000000
1,3,1170,-1,1,0.000000000000,0.000100000000
1,3,1170,-1,2,0.000000000000,0.000100000000
1,3,1170,-1,3,0.000000000000,0.000100000000
1,3,1171,-1,1,0.000000000000,0.000100000000
1,3,1171,-1,2,0.000000000000,0.000100000000
1,3,1171,-1,3,0.000000000000,0.000100000000
1,3,1172,-1,1,0.000000000000,0.000100000000
1,3,1172,-1,2,0.000000000000,0.000100000000
1,3,1172,-1,3,0.000000000000,0.000100000000
1,3,1173,-1,1,0.000000000000,0.000100000000
1,3,1173,-1,2,0.000000000000,0.000100000000
1,3,1173,-1,3,0.000000000000,0.000100000000
1,3,1174,-1,1,0.000000000000,0.000100000000
1,3,1174,-1,2,0.000000000000,0.000100000000
1,3,1174,-1,3,0.000000000000,0.000100000000
1,3,1175,-1,1,0.000000000000,0.000100000000
1,3,1175,-1,2,0.000000000000,0.000100000000
1,3,1175,-1,3,0.000000000000,0.000100000000
1,3,1176,-1,1,0.000000000000,0.000100000000
1,3,1176,-1,2,0.000000000000,0.000100000000
1,3,1176,-1,3,0.000000000000,0.000100000000
1,3,1177,-1,1,0.000000000000,0.000100000000
1,3,1177,-1,2,0.000000000000,0.000100000000
1,3,1177,-1,3,0.000000000000,0.000100000000
1,3,1178,-1,1,0.000000000000,0.000100000000
1,3,1178,-1,2,0.000000000000,0.000100000000
1,3,1178,-1,3,0.000000000000,0.000100000000
1,3,1179,-1,1,0.000000000000,0.000100000000
1,3,1179,-1,2,0.000000000000,0.000100000000
1,3,1179,-1,3,0.000000000000,0.000100000000
1,3,1180,-1,1,0.000000000000,0.000100000000
1,3,1180,-1,2,0.000000000000,0.000100000000
1,3,1180,-1,3,0.000000000000,0.000100000000
1,3,1181,-1,1,0.000000000000,0.000100000000
1,3,1181,-1,2,0.000000000000,0.000100000000
1,3,1181,-1,3,0.000000000000,0.000100000000
1,3,1182,-1,1,0.000000000000,0.000100000000
1,3,1182,-1,2,0.000000000000,0.000100000000
1,3,1182,-1,3,0.000000000000,0.000100000000
1,3,1183,-1,1,0.000000000000,0.000100000000
1,3,1183,-1,2,0.000000000000,0.000100000000
1,3,1183,-1,3,0.000000000000,0.000100000000
1,3,1184,-1,1,0.000000000000,0.000100000000
1,3,1184,-1,2,0.000000000000,0.000100000000
1,3,1184,-1,3,0.000000000000,0.000100000000
1,3,1185,-1,1,0.000000000000,0.000100000000
1,3,1185,-1,2,0.000000000000,0.000100000000
1,3,1185,-1,3,0.000000000000,0.000100000000
1,3,1186,-1,1,0.000000000000,0.000100000000
1,3,1186,-1,2,0.000000000000,0.000100000000
1,3,1186,-1,3,0.000000000000,0.000100000000
1,3,1187,-1,1,0.000000000000,0.000100000000
1,3,1187,-1,2,0.000000000000,0.000100000000
1,3,1187,-1,3,0.000000000000,0.000100000000
1,3,1188,-1,1,0.000000000000,0.000100000000
1,3,1188,-1,2,0.000000000000,0.000100000000
1,3,1188,-1,3,0.000000000000,0.000100000000
1,3,1189,-1,1,0.000000000000,0.000100000000
1,3,1189,-1,2,0.000000000000,0.000100000000
1,3,1189,-1,3,0.000000000000,0.000100000000
1,3,1190,-1,1,0.000000000000,0.000100000000
1,3,1190,-1,2,0.000000000000,0.000100000000
1,3,1190,-1,3,0.000000000000,0.000100000000
1,3,1191,-1,1,0.000000000000,0.000100000000
1,3,1191,-1,2,0.000000000000,0.000100000000
1,3,1191,-1,3,0.000000000000,0.000100000000
1,3,1192,-1,1,0.000000000000,0.000100000000
1,3,1192,-1,2,0.000000000000,0.000100000000
1,3,1192,-1,3,0.000000000000,0.000100000000
1,3,1193,-1,1,0.000000000000,0.000100000000
1,3,1193,-1,2,0.000000000000,0.000100000000
1,3,1193,-1,3,0.000000000000,0.000100000000
1,3,1196,-1,1,0.000000000000,0.000100000000
1,3,1196,-1,2,0.000000000000,0.000100000000
1,3,1196,-1,3,0.000000000000,0.000100000000
1,3,1197,-1,1,0.000000000000,0.000100000000
1,3,1197,-1,2,0.000000000000,0.000100000000
1,3,1197,-1,3,0.000000000000,0.000100000000
1,3,1198,-1,1,0.000000000000,0.000100000000
1,3,1198,-1,2,0.000000000000,0.000100000000
1,3,1198,-1,3,0.000000000000,0.000100000000
1,3,1201,-1,1,0.000000000000,0.000100000000
1,3,1201,-1,2,0.000000000000,0.000100000000
1,3,1201,-1,3,0.000000000000,0.000100000000
1,3,1202,-1,1,0.000000000000,0.000100000000
1,3,1202,-1,2,0.000000000000,0.000100000000
1,3,1202,-1,3,0.000000000000,0.000100000000
1,3,1203,-1,1,0.000000000000,0.000100000000
1,3,1203,-1,2,0.000000000000,0.000100000000
1,3,1203,-1,3,0.000000000000,0.000100000000
1,3,1207,-1,1,0.000000000000,0.000100000000
1,3,1207,-1,2,0.000000000000,0.000100000000
1,3,1207,-1,3,0.000000000000,0.000100000000
1,3,1208,-1,1,0.000000000000,0.000100000000
1,3,1208,-1,2,0.000000000000,0.000100000000
1,3,1208,-1,3,0.000000000000,0.000100000000
1,3,1209,-1,1,0.000000000000,0.000100000000
1,3,1209,-1,2,0.000000000000,0.000100000000
1,3,1209,-1,3,0.000000000000,0.000100000000
1,3,1210,-1,1,0.000000000000,0.000100000000
1,3,1210,-1,2,0.000000000000,0.000100000000
1,3,1210,-1,3,0.000000000000,0.000100000000
1,3,1214,-1,1,0.000000000000,0.000100000000
1,3,1214,-1,2,0.000000000000,0.000100000000
1,3,1214,-1,3,0.000000000000,0.000100000000
1,3,1215,-1,1,0.000000000000,0.000100000000
1,3,1215,-1,2,0.000000000000,0.000100000000
1,3,1215,-1,3,0.000000000000,0.000100000000
1,3,1216,-1,1,0.000000000000,0.000100000000
1,3,1216,-1,2,0.000000000000,0.000100000000
1,3,1216,-1,3,0.000000000000,0.000100000000
1,3,1217,-1,1,0.000000000000,0.000100000000
1,3,1217,-1,2,0.000000000000,0.000100000000
1,3,1217,-1,3,0.000000000000,0.000100000000
1,3,1221,-1,1,0.000000000000,0.000100000000
1,3,1221,-1,2,0.000000000000,0.000100000000
1,3,1221,-1,3,0.000000000000,0.000100000000
1,3,1222,-1,1,0.000000000000,0.000100000000
1,3,1222,-1,2,0.000000000000,0.000100000000
1,3,1222,-1,3,0.000000000000,0.000100000000
1,3,1223,-1,1,0.000000000000,0.000100000000
1,3,1223,-1,2,0.000000000000,0.000100000000
1,3,1223,-1,3,0.000000000000,0.000100000000
1,3,1224,-1,1,0.000000000000,0.000100000000
1,3,1224,-1,2,0.000000000000,0.000100000000
1,3,1224,-1,3,0.000000000000,0.000100000000
1,3,1228,-1,1,0.000000000000,0.000100000000
1,3,1228,-1,2,0.000000000000,0.000100000000
1,3,1228,-1,3,0.000000000000,0.000100000000
1,3,1229,-1,1,0.000000000000,0.000100000000
1,3,1229,-1,2,0.000000000000,0.000100000000
1,3,1229,-1,3,0.000000000000,0.000100000000
1,3,1230,-1,1,0.000000000000,0.000100000000
1,3,1230,-1,2,0.000000000000,0.000100000000
1,3,1230,-1,3,0.000000000000,0.000100000000
1,3,1231,-1,1,0.000000000000,0.000100000000
1,3,1231,-1,2,0.000000000000,0.000100000000
1,3,1231,-1,3,0.000000000000,0.000100000000
1,3,1234,-1,1,0.000000000000,0.000100000000
1,3,1234,-1,2,0.000000000000,0.000100000000
1,3,1234,-1,3,0.000000000000,0.000100000000
1,3,1235,-1,1,0.000000000000,0.000100000000
1,3,1235,-1,2,0.000000000000,0.000100000000
1,3,1235,-1,3,0.000000000000,0.000100000000
1,3,1236,-1,1,0.000000000000,0.000100000000
1,3,1236,-1,2,0.000000000000,0.000100000000
1,3,1236,-1,3,0.000000000000,0.000100000000
1,3,1238,-1,1,0.000000000000,0.000100000000
1,3,1238,-1,2,0.000000000000,0.000100000000
1,3,1238,-1,3,0.000000000000,0.000100000000
1,3,1240,-1,1,0.000000000000,0.000100000000
1,3,1240,-1,2,0.000000000000,0.000100000000
1,3,1240,-1,3,0.000000000000,0.000100000000
1,4,149,-1,1,8.163679860000,0.010000000000
1,4,149,-1,2,8.163024360000,0.010000000000
1,4,149,-1,3,8.166097110000,0.010000000000
1,4,150,-1,1,8.163634900000,0.010000000000
1,4,150,-1,2,8.162979520000,0.010000000000
1,4,150,-1,3,8.166051650000,0.010000000000
