1,2,1193,-1,1,457.75700000,0.00010
1,2,1193,-1,2,537.38800000,0.00010
1,2,1193,-1,3,466.77900000,0.00010
1,2,1198,-1,1,275.67700000,0.00010
1,2,1198,-1,2,291.19600000,0.00010
1,2,1198,-1,3,301.28000000,0.00010
1,2,1203,-1,1,812.86600000,0.00010
1,2,1203,-1,2,730.00300000,0.00010
1,2,1203,-1,3,732.04600000,0.00010
1,2,1210,-1,1,907.06100000,0.00010
1,2,1210,-1,2,899.17800000,0.00010
1,2,1210,-1,3,897.36700000,0.00010
1,2,1217,-1,1,983.77600000,0.00010
1,2,1217,-1,2,939.49000000,0.00010
1,2,1217,-1,3,937.10300000,0.00010
1,2,1224,-1,1,1016.64800000,0.00010
1,2,1224,-1,2,979.87400000,0.00010
1,2,1224,-1,3,883.20200000,0.00010
1,2,1231,-1,1,146.04200000,0.00010
1,2,1231,-1,2,130.95600000,0.00010
1,2,1231,-1,3,149.15200000,0.00010
1,2,1236,-1,1,884.11400000,0.00010
1,2,1236,-1,2,943.66400000,0.00010
1,2,1236,-1,3,876.21900000,0.00010
1,2,1001,-1,1,48.90100000,0.00010
1,2,1001,-1,2,46.64900000,0.00010
1,2,1001,-1,3,49.98000000,0.00010
1,2,1002,-1,1,43.47500000,0.00010
1,2,1002,-1,2,44.56400000,0.00010
1,2,1002,-1,3,48.16000000,0.00010
1,2,1003,-1,1,49.37700000,0.00010
1,2,1003,-1,2,44.78900000,0.00010
1,2,1003,-1,3,43.54400000,0.00010
1,2,1005,-1,1,42.90500000,0.00010
1,2,1005,-1,2,49.13700000,0.00010
1,2,1005,-1,3,43.52800000,0.00010
1,2,1006,-1,1,45.05400000,0.00010
1,2,1006,-1,2,43.89700000,0.00010
1,2,1006,-1,3,45.96900000,0.00010
1,2,1007,-1,1,43.52100000,0.00010
1,2,1007,-1,2,46.32000000,0.00010
1,2,1007,-1,3,46.61900000,0.00010
1,2,1008,-1,1,44.96700000,0.00010
1,2,1008,-1,2,42.58400000,0.00010
1,2,1008,-1,3,49.07900000,0.00010
1,2,1010,-1,1,46.02000000,0.00010
1,2,1010,-1,2,46.90500000,0.00010
1,2,1010,-1,3,41.82500000,0.00010
1,2,1011,-1,1,40.20600000,0.00010
1,2,1011,-1,2,48.54600000,0.00010
1,2,1011,-1,3,43.30800000,0.00010
1,2,1012,-1,1,44.80500000,0.00010
1,2,1012,-1,2,47.76700000,0.00010
1,2,1012,-1,3,42.44800000,0.00010
1,2,1013,-1,1,48.07300000,0.00010
1,2,1013,-1,2,45.03500000,0.00010
1,2,1013,-1,3,49.25300000,0.00010
1,2,1015,-1,1,44.28000000,0.00010
1,2,1015,-1,2,44.71500000,0.00010
1,2,1015,-1,3,46.88500000,0.00010
1,2,1016,-1,1,48.44700000,0.00010
1,2,1016,-1,2,44.79900000,0.00010
1,2,1016,-1,3,46.57400000,0.00010
1,2,1017,-1,1,45.84900000,0.00010
1,2,1017,-1,2,45.71000000,0.00010
1,2,1017,-1,3,41.29100000,0.00010
1,2,1018,-1,1,46.94900000,0.00010
1,2,1018,-1,2,47.10900000,0.00010
1,2,1018,-1,3,47.23200000,0.00010
1,2,1019,-1,1,44.27300000,0.00010
1,2,1019,-1,2,49.13700000,0.00010
1,2,1019,-1,3,44.89000000,0.00010
1,2,1020,-1,1,47.14000000,0.00010
1,2,1020,-1,2,44.07200000,0.00010
1,2,1020,-1,3,45.76800000,0.00010
1,2,1021,-1,1,46.89400000,0.00010
1,2,1021,-1,2,45.92000000,0.00010
1,2,1021,-1,3,48.77600000,0.00010
1,2,1022,-1,1,50.18300000,0.00010
1,2,1022,-1,2,47.41200000,0.00010
1,2,1022,-1,3,47.47500000,0.00010
1,2,1023,-1,1,138.95000000,0.00010
1,2,1023,-1,2,153.20200000,0.00010
1,2,1023,-1,3,140.24800000,0.00010
1,2,1024,-1,1,120.80200000,0.00010
1,2,1024,-1,2,134.69600000,0.00010
1,2,1024,-1,3,136.07200000,0.00010
1,2,1025,-1,1,133.10200000,0.00010
1,2,1025,-1,2,157.62400000,0.00010
1,2,1025,-1,3,148.47400000,0.00010
1,2,1026,-1,1,46.42700000,0.00010
1,2,1026,-1,2,42.86400000,0.00010
1,2,1026,-1,3,50.09900000,0.00010
1,2,1031,-1,1,48.27100000,0.00010
1,2,1031,-1,2,48.03000000,0.00010
1,2,1031,-1,3,47.99900000,0.00010
1,2,1032,-1,1,41.26800000,0.00010
1,2,1032,-1,2,43.35400000,0.00010
1,2,1032,-1,3,41.76800000,0.00010
1,2,1037,-1,1,50.19700000,0.00010
1,2,1037,-1,2,49.19200000,0.00010
1,2,1037,-1,3,51.18100000,0.00010
1,2,1038,-1,1,163.27100000,0.00010
1,2,1038,-1,2,175.76200000,0.00010
1,2,1038,-1,3,164.88700000,0.00010
1,2,1039,-1,1,182.93800000,0.00010
1,2,1039,-1,2,152.37700000,0.00010
1,2,1039,-1,3,152.51500000,0.00010
1,2,1040,-1,1,185.50400000,0.00010
1,2,1040,-1,2,186.93100000,0.00010
1,2,1040,-1,3,186.53400000,0.00010
1,2,1041,-1,1,47.59300000,0.00010
1,2,1041,-1,2,48.07700000,0.00010
1,2,1041,-1,3,44.40000000,0.00010
1,2,1042,-1,1,101.49500000,0.00010
1,2,1042,-1,2,89.50300000,0.00010
1,2,1042,-1,3,92.50300000,0.00010
1,2,1043,-1,1,89.11000000,0.00010
1,2,1043,-1,2,94.01100000,0.00010
1,2,1043,-1,3,88.17000000,0.00010
1,2,1046,-1,1,166.48400000,0.00010
1,2,1046,-1,2,164.14000000,0.00010
1,2,1046,-1,3,158.09500000,0.00010
1,2,1047,-1,1,178.29100000,0.00010
1,2,1047,-1,2,180.75200000,0.00010
1,2,1047,-1,3,175.61700000,0.00010
1,2,1048,-1,1,179.63700000,0.00010
1,2,1048,-1,2,171.22600000,0.00010
1,2,1048,-1,3,185.22700000,0.00010
1,2,1051,-1,1,160.95800000,0.00010
1,2,1051,-1,2,176.82500000,0.00010
1,2,1051,-1,3,170.76600000,0.00010
1,2,1052,-1,1,162.67500000,0.00010
1,2,1052,-1,2,164.00900000,0.00010
1,2,1052,-1,3,159.57600000,0.00010
1,2,1053,-1,1,153.42600000,0.00010
1,2,1053,-1,2,153.41900000,0.00010
1,2,1053,-1,3,154.54400000,0.00010
1,2,1056,-1,1,158.84500000,0.00010
1,2,1056,-1,2,169.80100000,0.00010
1,2,1056,-1,3,159.87400000,0.00010
1,2,1057,-1,1,186.70300000,0.00010
1,2,1057,-1,2,185.99200000,0.00010
1,2,1057,-1,3,182.61500000,0.00010
1,2,1058,-1,1,158.71900000,0.00010
1,2,1058,-1,2,155.01700000,0.00010
1,2,1058,-1,3,159.46300000,0.00010
1,2,1061,-1,1,86.45800000,0.00010
1,2,1061,-1,2,84.73900000,0.00010
1,2,1061,-1,3,87.25300000,0.00010
1,2,1062,-1,1,43.49800000,0.00010
1,2,1062,-1,2,47.11600000,0.00010
1,2,1062,-1,3,44.12600000,0.00010
1,2,1063,-1,1,48.61600000,0.00010
1,2,1063,-1,2,42.28500000,0.00010
1,2,1063,-1,3,47.90900000,0.00010
1,2,1064,-1,1,179.82800000,0.00010
1,2,1064,-1,2,172.07500000,0.00010
1,2,1064,-1,3,162.85700000,0.00010
1,2,1065,-1,1,160.19200000,0.00010
1,2,1065,-1,2,162.61900000,0.00010
1,2,1065,-1,3,177.33800000,0.00010
1,2,1066,-1,1,170.73800000,0.00010
1,2,1066,-1,2,168.86800000,0.00010
1,2,1066,-1,3,168.60400000,0.00010
1,2,1067,-1,1,50.84800000,0.00010
1,2,1067,-1,2,44.45400000,0.00010
1,2,1067,-1,3,48.45800000,0.00010
1,2,1072,-1,1,40.21600000,0.00010
1,2,1072,-1,2,42.45500000,0.00010
1,2,1072,-1,3,46.35900000,0.00010
1,2,1073,-1,1,46.67500000,0.00010
1,2,1073,-1,2,44.85200000,0.00010
1,2,1073,-1,3,43.57300000,0.00010
1,2,1078,-1,1,48.19300000,0.00010
1,2,1078,-1,2,47.47400000,0.00010
1,2,1078,-1,3,46.23300000,0.00010
1,2,1079,-1,1,131.24500000,0.00010
1,2,1079,-1,2,126.31300000,0.00010
1,2,1079,-1,3,133.41100000,0.00010
1,2,1080,-1,1,157.56800000,0.00010
1,2,1080,-1,2,163.30500000,0.00010
1,2,1080,-1,3,160.78600000,0.00010
1,2,1081,-1,1,206.29500000,0.00010
1,2,1081,-1,2,201.36100000,0.00010
1,2,1081,-1,3,182.18400000,0.00010
1,2,1082,-1,1,49.35400000,0.00010
1,2,1082,-1,2,46.18700000,0.00010
1,2,1082,-1,3,45.64900000,0.00010
1,2,1083,-1,1,48.74000000,0.00010
1,2,1083,-1,2,49.41600000,0.00010
1,2,1083,-1,3,43.63500000,0.00010
1,2,1084,-1,1,129.95700000,0.00010
1,2,1084,-1,2,138.42900000,0.00010
1,2,1084,-1,3,153.80400000,0.00010
1,2,1087,-1,1,134.91700000,0.00010
1,2,1087,-1,2,125.05600000,0.00010
1,2,1087,-1,3,119.84800000,0.00010
1,2,1088,-1,1,186.03900000,0.00010
1,2,1088,-1,2,184.31600000,0.00010
1,2,1088,-1,3,191.65400000,0.00010
1,2,1089,-1,1,160.43900000,0.00010
1,2,1089,-1,2,167.10700000,0.00010
1,2,1089,-1,3,163.12400000,0.00010
1,2,1092,-1,1,170.87300000,0.00010
1,2,1092,-1,2,161.32400000,0.00010
1,2,1092,-1,3,157.95300000,0.00010
1,2,1093,-1,1,153.91500000,0.00010
1,2,1093,-1,2,161.41200000,0.00010
1,2,1093,-1,3,153.96200000,0.00010
1,2,1094,-1,1,159.06700000,0.00010
1,2,1094,-1,2,156.61700000,0.00010
1,2,1094,-1,3,152.83600000,0.00010
1,2,1097,-1,1,113.28300000,0.00010
1,2,1097,-1,2,118.32300000,0.00010
1,2,1097,-1,3,103.93400000,0.00010
1,2,1098,-1,1,128.63100000,0.00010
1,2,1098,-1,2,123.56200000,0.00010
1,2,1098,-1,3,127.20800000,0.00010
1,2,1099,-1,1,125.71900000,0.00010
1,2,1099,-1,2,111.10600000,0.00010
1,2,1099,-1,3,116.75500000,0.00010
1,2,1102,-1,1,96.50400000,0.00010
1,2,1102,-1,2,94.25800000,0.00010
1,2,1102,-1,3,93.14800000,0.00010
1,2,1103,-1,1,42.49300000,0.00010
1,2,1103,-1,2,46.78200000,0.00010
1,2,1103,-1,3,47.87500000,0.00010
1,2,1104,-1,1,44.94300000,0.00010
1,2,1104,-1,2,43.52900000,0.00010
1,2,1104,-1,3,43.15800000,0.00010
1,2,1105,-1,1,142.64400000,0.00010
1,2,1105,-1,2,129.55100000,0.00010
1,2,1105,-1,3,124.67500000,0.00010
1,2,1106,-1,1,162.42100000,0.00010
1,2,1106,-1,2,169.00600000,0.00010
1,2,1106,-1,3,157.05300000,0.00010
1,2,1107,-1,1,161.62300000,0.00010
1,2,1107,-1,2,169.66900000,0.00010
1,2,1107,-1,3,163.07800000,0.00010
1,2,1108,-1,1,47.72800000,0.00010
1,2,1108,-1,2,45.34700000,0.00010
1,2,1108,-1,3,43.44500000,0.00010
1,2,1113,-1,1,44.24000000,0.00010
1,2,1113,-1,2,45.10000000,0.00010
1,2,1113,-1,3,44.66000000,0.00010
1,2,1114,-1,1,42.75400000,0.00010
1,2,1114,-1,2,48.75500000,0.00010
1,2,1114,-1,3,48.19100000,0.00010
1,2,1120,-1,1,140.22000000,0.00010
1,2,1120,-1,2,131.40800000,0.00010
1,2,1120,-1,3,130.02200000,0.00010
1,2,1121,-1,1,143.49100000,0.00010
1,2,1121,-1,2,128.49800000,0.00010
1,2,1121,-1,3,130.14100000,0.00010
1,2,1122,-1,1,149.66700000,0.00010
1,2,1122,-1,2,146.52600000,0.00010
1,2,1122,-1,3,148.15700000,0.00010
1,2,1123,-1,1,46.81700000,0.00010
1,2,1123,-1,2,50.01700000,0.00010
1,2,1123,-1,3,52.55600000,0.00010
1,2,1124,-1,1,49.92900000,0.00010
1,2,1124,-1,2,43.47500000,0.00010
1,2,1124,-1,3,44.68600000,0.00010
1,2,1125,-1,1,43.34600000,0.00010
1,2,1125,-1,2,41.70400000,0.00010
1,2,1125,-1,3,44.39000000,0.00010
1,2,1127,-1,1,51.00000000,0.00010
1,2,1127,-1,2,46.87800000,0.00010
1,2,1127,-1,3,44.43200000,0.00010
1,2,1128,-1,1,45.48600000,0.00010
1,2,1128,-1,2,43.20600000,0.00010
1,2,1128,-1,3,48.39800000,0.00010
1,2,1129,-1,1,40.01600000,0.00010
1,2,1129,-1,2,49.41100000,0.00010
1,2,1129,-1,3,46.41300000,0.00010
1,2,1130,-1,1,51.14400000,0.00010
1,2,1130,-1,2,49.41700000,0.00010
1,2,1130,-1,3,48.14800000,0.00010
1,2,1132,-1,1,52.31500000,0.00010
1,2,1132,-1,2,41.95800000,0.00010
1,2,1132,-1,3,47.76700000,0.00010
1,2,1133,-1,1,48.28000000,0.00010
1,2,1133,-1,2,44.24400000,0.00010
1,2,1133,-1,3,43.48600000,0.00010
1,2,1134,-1,1,47.26900000,0.00010
1,2,1134,-1,2,50.53800000,0.00010
1,2,1134,-1,3,51.28300000,0.00010
1,2,1135,-1,1,48.49200000,0.00010
1,2,1135,-1,2,47.41100000,0.00010
1,2,1135,-1,3,47.75700000,0.00010
1,2,1137,-1,1,41.21900000,0.00010
1,2,1137,-1,2,47.05000000,0.00010
1,2,1137,-1,3,42.29100000,0.00010
1,2,1138,-1,1,48.17200000,0.00010
1,2,1138,-1,2,42.62000000,0.00010
1,2,1138,-1,3,43.42800000,0.00010
1,2,1139,-1,1,45.94100000,0.00010
1,2,1139,-1,2,49.76100000,0.00010
1,2,1139,-1,3,50.48800000,0.00010
1,2,1140,-1,1,43.78900000,0.00010
1,2,1140,-1,2,43.96600000,0.00010
1,2,1140,-1,3,45.19500000,0.00010
1,2,1142,-1,1,49.65000000,0.00010
1,2,1142,-1,2,43.72800000,0.00010
1,2,1142,-1,3,49.31200000,0.00010
1,2,1143,-1,1,43.96200000,0.00010
1,2,1143,-1,2,50.53300000,0.00010
1,2,1143,-1,3,47.03600000,0.00010
1,2,1144,-1,1,41.91700000,0.00010
1,2,1144,-1,2,50.08200000,0.00010
1,2,1144,-1,3,46.40200000,0.00010
1,3,1193,-1,1,163.10700000,0.00010
1,3,1193,-1,2,222.94000000,0.00010
1,3,1193,-1,3,262.43000000,0.00010
1,3,1198,-1,1,182.19300000,0.00010
1,3,1198,-1,2,165.98400000,0.00010
1,3,1198,-1,3,199.87400000,0.00010
1,3,1203,-1,1,451.40900000,0.00010
1,3,1203,-1,2,542.09800000,0.00010
1,3,1203,-1,3,362.03100000,0.00010
1,3,1210,-1,1,512.73800000,0.00010
1,3,1210,-1,2,468.99500000,0.00010
1,3,1210,-1,3,491.70300000,0.00010
1,3,1217,-1,1,597.38800000,0.00010
1,3,1217,-1,2,602.65900000,0.00010
1,3,1217,-1,3,597.72100000,0.00010
1,3,1224,-1,1,629.25400000,0.00010
1,3,1224,-1,2,609.77600000,0.00010
1,3,1224,-1,3,581.68300000,0.00010
1,3,1231,-1,1,91.80900000,0.00010
1,3,1231,-1,2,80.29200000,0.00010
1,3,1231,-1,3,89.59500000,0.00010
1,3,1236,-1,1,532.60500000,0.00010
1,3,1236,-1,2,554.98300000,0.00010
1,3,1236,-1,3,635.93400000,0.00010
1,3,1001,-1,1,31.80900000,0.00010
1,3,1001,-1,2,30.02000000,0.00010
1,3,1001,-1,3,34.94300000,0.00010
1,3,1002,-1,1,32.75100000,0.00010
1,3,1002,-1,2,27.18000000,0.00010
1,3,1002,-1,3,27.92400000,0.00010
1,3,1003,-1,1,29.78900000,0.00010
1,3,1003,-1,2,27.62800000,0.00010
1,3,1003,-1,3,24.46900000,0.00010
1,3,1005,-1,1,27.68700000,0.00010
1,3,1005,-1,2,26.39900000,0.00010
1,3,1005,-1,3,32.03400000,0.00010
1,3,1006,-1,1,28.50100000,0.00010
1,3,1006,-1,2,26.69700000,0.00010
1,3,1006,-1,3,26.19500000,0.00010
1,3,1007,-1,1,31.47800000,0.00010
1,3,1007,-1,2,29.03900000,0.00010
1,3,1007,-1,3,29.15400000,0.00010
1,3,1008,-1,1,30.59000000,0.00010
1,3,1008,-1,2,22.49100000,0.00010
1,3,1008,-1,3,28.34100000,0.00010
1,3,1010,-1,1,27.13000000,0.00010
1,3,1010,-1,2,31.47500000,0.00010
1,3,1010,-1,3,30.89600000,0.00010
1,3,1011,-1,1,23.01600000,0.00010
1,3,1011,-1,2,27.82100000,0.00010
1,3,1011,-1,3,29.57500000,0.00010
1,3,1012,-1,1,27.38800000,0.00010
1,3,1012,-1,2,20.61900000,0.00010
1,3,1012,-1,3,26.68200000,0.00010
1,3,1013,-1,1,30.44000000,0.00010
1,3,1013,-1,2,26.68300000,0.00010
1,3,1013,-1,3,28.32300000,0.00010
1,3,1015,-1,1,26.21800000,0.00010
1,3,1015,-1,2,19.29400000,0.00010
1,3,1015,-1,3,26.12200000,0.00010
1,3,1016,-1,1,27.52900000,0.00010
1,3,1016,-1,2,28.96300000,0.00010
1,3,1016,-1,3,26.61700000,0.00010
1,3,1017,-1,1,25.38600000,0.00010
1,3,1017,-1,2,30.45600000,0.00010
1,3,1017,-1,3,32.41500000,0.00010
1,3,1018,-1,1,28.35200000,0.00010
1,3,1018,-1,2,27.14100000,0.00010
1,3,1018,-1,3,24.77200000,0.00010
1,3,1019,-1,1,26.05900000,0.00010
1,3,1019,-1,2,30.26900000,0.00010
1,3,1019,-1,3,32.16100000,0.00010
1,3,1020,-1,1,28.33300000,0.00010
1,3,1020,-1,2,30.02900000,0.00010
1,3,1020,-1,3,28.86900000,0.00010
1,3,1021,-1,1,31.86600000,0.00010
1,3,1021,-1,2,27.86000000,0.00010
1,3,1021,-1,3,28.57400000,0.00010
1,3,1022,-1,1,31.59600000,0.00010
1,3,1022,-1,2,31.17100000,0.00010
1,3,1022,-1,3,28.24000000,0.00010
1,3,1023,-1,1,86.28900000,0.00010
1,3,1023,-1,2,90.18300000,0.00010
1,3,1023,-1,3,91.63500000,0.00010
1,3,1024,-1,1,82.24300000,0.00010
1,3,1024,-1,2,82.74500000,0.00010
1,3,1024,-1,3,93.50800000,0.00010
1,3,1025,-1,1,92.69500000,0.00010
1,3,1025,-1,2,86.46200000,0.00010
1,3,1025,-1,3,94.45900000,0.00010
1,3,1026,-1,1,34.47500000,0.00010
1,3,1026,-1,2,26.98200000,0.00010
1,3,1026,-1,3,29.92100000,0.00010
1,3,1031,-1,1,28.50500000,0.00010
1,3,1031,-1,2,31.96000000,0.00010
1,3,1031,-1,3,30.33900000,0.00010
1,3,1032,-1,1,24.86900000,0.00010
1,3,1032,-1,2,27.83500000,0.00010
1,3,1032,-1,3,28.60100000,0.00010
1,3,1037,-1,1,33.21300000,0.00010
1,3,1037,-1,2,29.21400000,0.00010
1,3,1037,-1,3,29.47600000,0.00010
1,3,1038,-1,1,101.86000000,0.00010
1,3,1038,-1,2,106.41500000,0.00010
1,3,1038,-1,3,99.31900000,0.00010
1,3,1039,-1,1,100.88600000,0.00010
1,3,1039,-1,2,105.56500000,0.00010
1,3,1039,-1,3,96.53700000,0.00010
1,3,1040,-1,1,114.83900000,0.00010
1,3,1040,-1,2,104.39400000,0.00010
1,3,1040,-1,3,116.06600000,0.00010
1,3,1041,-1,1,27.81800000,0.00010
1,3,1041,-1,2,28.85800000,0.00010
1,3,1041,-1,3,24.02100000,0.00010
1,3,1042,-1,1,59.34600000,0.00010
1,3,1042,-1,2,60.59700000,0.00010
1,3,1042,-1,3,50.03300000,0.00010
1,3,1043,-1,1,48.92900000,0.00010
1,3,1043,-1,2,48.75300000,0.00010
1,3,1043,-1,3,57.90400000,0.00010
1,3,1046,-1,1,96.86300000,0.00010
1,3,1046,-1,2,103.56800000,0.00010
1,3,1046,-1,3,98.27200000,0.00010
1,3,1047,-1,1,116.95500000,0.00010
1,3,1047,-1,2,104.17600000,0.00010
1,3,1047,-1,3,116.41500000,0.00010
1,3,1048,-1,1,123.24700000,0.00010
1,3,1048,-1,2,94.06600000,0.00010
1,3,1048,-1,3,101.98900000,0.00010
1,3,1051,-1,1,101.38200000,0.00010
1,3,1051,-1,2,109.03500000,0.00010
1,3,1051,-1,3,124.12400000,0.00010
1,3,1052,-1,1,103.23400000,0.00010
1,3,1052,-1,2,102.00900000,0.00010
1,3,1052,-1,3,102.72300000,0.00010
1,3,1053,-1,1,85.50100000,0.00010
1,3,1053,-1,2,94.90700000,0.00010
1,3,1053,-1,3,80.05300000,0.00010
1,3,1056,-1,1,97.59200000,0.00010
1,3,1056,-1,2,105.13800000,0.00010
1,3,1056,-1,3,100.90000000,0.00010
1,3,1057,-1,1,112.50800000,0.00010
1,3,1057,-1,2,105.31000000,0.00010
1,3,1057,-1,3,118.66700000,0.00010
1,3,1058,-1,1,104.41700000,0.00010
1,3,1058,-1,2,84.83700000,0.00010
1,3,1058,-1,3,99.02800000,0.00010
1,3,1061,-1,1,56.52500000,0.00010
1,3,1061,-1,2,50.38500000,0.00010
1,3,1061,-1,3,51.79200000,0.00010
1,3,1062,-1,1,26.67900000,0.00010
1,3,1062,-1,2,27.02300000,0.00010
1,3,1062,-1,3,30.20900000,0.00010
1,3,1063,-1,1,29.75200000,0.00010
1,3,1063,-1,2,30.64600000,0.00010
1,3,1063,-1,3,28.21900000,0.00010
1,3,1064,-1,1,110.27000000,0.00010
1,3,1064,-1,2,103.57700000,0.00010
1,3,1064,-1,3,97.91400000,0.00010
1,3,1065,-1,1,110.82900000,0.00010
1,3,1065,-1,2,92.86400000,0.00010
1,3,1065,-1,3,97.86700000,0.00010
1,3,1066,-1,1,100.37700000,0.00010
1,3,1066,-1,2,109.76300000,0.00010
1,3,1066,-1,3,106.63700000,0.00010
1,3,1067,-1,1,31.28300000,0.00010
1,3,1067,-1,2,29.42800000,0.00010
1,3,1067,-1,3,27.80700000,0.00010
1,3,1072,-1,1,27.13300000,0.00010
1,3,1072,-1,2,27.78400000,0.00010
1,3,1072,-1,3,25.49200000,0.00010
1,3,1073,-1,1,27.78200000,0.00010
1,3,1073,-1,2,32.97400000,0.00010
1,3,1073,-1,3,28.14100000,0.00010
1,3,1078,-1,1,27.25900000,0.00010
1,3,1078,-1,2,30.88400000,0.00010
1,3,1078,-1,3,30.02800000,0.00010
1,3,1079,-1,1,84.80000000,0.00010
1,3,1079,-1,2,78.78000000,0.00010
1,3,1079,-1,3,78.55700000,0.00010
1,3,1080,-1,1,110.80800000,0.00010
1,3,1080,-1,2,99.01000000,0.00010
1,3,1080,-1,3,103.65100000,0.00010
1,3,1081,-1,1,116.06200000,0.00010
1,3,1081,-1,2,127.23000000,0.00010
1,3,1081,-1,3,110.53000000,0.00010
1,3,1082,-1,1,31.19700000,0.00010
1,3,1082,-1,2,30.29300000,0.00010
1,3,1082,-1,3,29.89200000,0.00010
1,3,1083,-1,1,24.82200000,0.00010
1,3,1083,-1,2,30.67700000,0.00010
1,3,1083,-1,3,29.31700000,0.00010
1,3,1084,-1,1,97.94400000,0.00010
1,3,1084,-1,2,86.15800000,0.00010
1,3,1084,-1,3,88.88800000,0.00010
1,3,1087,-1,1,80.02900000,0.00010
1,3,1087,-1,2,78.39200000,0.00010
1,3,1087,-1,3,82.67100000,0.00010
1,3,1088,-1,1,116.55700000,0.00010
1,3,1088,-1,2,117.51800000,0.00010
1,3,1088,-1,3,120.19400000,0.00010
1,3,1089,-1,1,93.51400000,0.00010
1,3,1089,-1,2,97.70600000,0.00010
1,3,1089,-1,3,99.26300000,0.00010
1,3,1092,-1,1,102.68200000,0.00010
1,3,1092,-1,2,101.03800000,0.00010
1,3,1092,-1,3,100.69600000,0.00010
1,3,1093,-1,1,87.09000000,0.00010
1,3,1093,-1,2,82.12200000,0.00010
1,3,1093,-1,3,83.25000000,0.00010
1,3,1094,-1,1,93.51000000,0.00010
1,3,1094,-1,2,99.09400000,0.00010
1,3,1094,-1,3,99.65300000,0.00010
1,3,1097,-1,1,73.02500000,0.00010
1,3,1097,-1,2,76.63200000,0.00010
1,3,1097,-1,3,66.00100000,0.00010
1,3,1098,-1,1,83.54200000,0.00010
1,3,1098,-1,2,80.64900000,0.00010
1,3,1098,-1,3,76.12900000,0.00010
1,3,1099,-1,1,74.54500000,0.00010
1,3,1099,-1,2,67.58700000,0.00010
1,3,1099,-1,3,66.03900000,0.00010
1,3,1102,-1,1,61.29000000,0.00010
1,3,1102,-1,2,67.06500000,0.00010
1,3,1102,-1,3,53.85400000,0.00010
1,3,1103,-1,1,29.75900000,0.00010
1,3,1103,-1,2,27.58000000,0.00010
1,3,1103,-1,3,30.62800000,0.00010
1,3,1104,-1,1,29.98200000,0.00010
1,3,1104,-1,2,28.38100000,0.00010
1,3,1104,-1,3,30.42600000,0.00010
1,3,1105,-1,1,90.04700000,0.00010
1,3,1105,-1,2,94.26800000,0.00010
1,3,1105,-1,3,75.94400000,0.00010
1,3,1106,-1,1,89.61800000,0.00010
1,3,1106,-1,2,101.87800000,0.00010
1,3,1106,-1,3,100.93400000,0.00010
1,3,1107,-1,1,86.58900000,0.00010
1,3,1107,-1,2,95.01200000,0.00010
1,3,1107,-1,3,109.04400000,0.00010
1,3,1108,-1,1,26.59900000,0.00010
1,3,1108,-1,2,30.32900000,0.00010
1,3,1108,-1,3,29.91700000,0.00010
1,3,1113,-1,1,29.87100000,0.00010
1,3,1113,-1,2,24.54000000,0.00010
1,3,1113,-1,3,32.83000000,0.00010
1,3,1114,-1,1,28.31400000,0.00010
1,3,1114,-1,2,24.62800000,0.00010
1,3,1114,-1,3,28.49300000,0.00010
1,3,1120,-1,1,86.12300000,0.00010
1,3,1120,-1,2,86.36500000,0.00010
1,3,1120,-1,3,87.53400000,0.00010
1,3,1121,-1,1,73.12100000,0.00010
1,3,1121,-1,2,93.37400000,0.00010
1,3,1121,-1,3,76.63000000,0.00010
1,3,1122,-1,1,99.50300000,0.00010
1,3,1122,-1,2,86.49000000,0.00010
1,3,1122,-1,3,87.04900000,0.00010
1,3,1123,-1,1,32.87400000,0.00010
1,3,1123,-1,2,29.48300000,0.00010
1,3,1123,-1,3,33.37600000,0.00010
1,3,1124,-1,1,27.56300000,0.00010
1,3,1124,-1,2,28.81400000,0.00010
1,3,1124,-1,3,26.46800000,0.00010
1,3,1125,-1,1,29.85000000,0.00010
1,3,1125,-1,2,29.92500000,0.00010
1,3,1125,-1,3,24.38000000,0.00010
1,3,1127,-1,1,30.50700000,0.00010
1,3,1127,-1,2,33.34400000,0.00010
1,3,1127,-1,3,33.57600000,0.00010
1,3,1128,-1,1,29.97200000,0.00010
1,3,1128,-1,2,26.77900000,0.00010
1,3,1128,-1,3,25.89800000,0.00010
1,3,1129,-1,1,27.17300000,0.00010
1,3,1129,-1,2,24.35600000,0.00010
1,3,1129,-1,3,32.95600000,0.00010
1,3,1130,-1,1,34.41200000,0.00010
1,3,1130,-1,2,29.37900000,0.00010
1,3,1130,-1,3,30.26400000,0.00010
1,3,1132,-1,1,30.31500000,0.00010
1,3,1132,-1,2,26.21000000,0.00010
1,3,1132,-1,3,26.55600000,0.00010
1,3,1133,-1,1,28.12200000,0.00010
1,3,1133,-1,2,31.90300000,0.00010
1,3,1133,-1,3,27.73100000,0.00010
1,3,1134,-1,1,28.65000000,0.00010
1,3,1134,-1,2,31.43200000,0.00010
1,3,1134,-1,3,31.13000000,0.00010
1,3,1135,-1,1,30.56400000,0.00010
1,3,1135,-1,2,32.22400000,0.00010
1,3,1135,-1,3,29.36200000,0.00010
1,3,1137,-1,1,23.71600000,0.00010
1,3,1137,-1,2,24.94100000,0.00010
1,3,1137,-1,3,32.68100000,0.00010
1,3,1138,-1,1,25.10200000,0.00010
1,3,1138,-1,2,33.52400000,0.00010
1,3,1138,-1,3,23.70400000,0.00010
1,3,1139,-1,1,30.13500000,0.00010
1,3,1139,-1,2,26.54100000,0.00010
1,3,1139,-1,3,32.21000000,0.00010
1,3,1140,-1,1,22.87000000,0.00010
1,3,1140,-1,2,25.02600000,0.00010
1,3,1140,-1,3,25.17400000,0.00010
1,3,1142,-1,1,36.68800000,0.00010
1,3,1142,-1,2,32.26600000,0.00010
1,3,1142,-1,3,28.41900000,0.00010
1,3,1143,-1,1,26.78300000,0.00010
1,3,1143,-1,2,27.27100000,0.00010
1,3,1143,-1,3,31.33300000,0.00010
1,3,1144,-1,1,25.51300000,0.00010
1,3,1144,-1,2,28.70300000,0.00010
1,3,1144,-1,3,29.40900000,0.00010
1,2,2,-1,1,0.0000000,0.00010
1,2,3,-1,1,0.0000000,0.00010
1,2,5,-1,1,0.0000000,0.00010
1,2,7,-1,1,0.0000000,0.00010
1,2,9,-1,1,0.0000000,0.00010
1,2,11,-1,1,0.0000000,0.00010
1,2,13,-1,1,0.0000000,0.00010
1,2,14,-1,1,0.0000000,0.00010
1,2,15,-1,1,0.0000000,0.00010
1,2,16,-1,1,0.0000000,0.00010
1,2,17,-1,1,0.0000000,0.00010
1,2,18,-1,1,0.0000000,0.00010
1,2,19,-1,1,0.0000000,0.00010
1,2,20,-1,1,0.0000000,0.00010
1,2,21,-1,1,0.0000000,0.00010
1,2,22,-1,1,0.0000000,0.00010
1,2,23,-1,1,0.0000000,0.00010
1,2,24,-1,1,0.0000000,0.00010
1,2,25,-1,1,0.0000000,0.00010
1,2,26,-1,1,0.0000000,0.00010
1,2,27,-1,1,0.0000000,0.00010
1,2,29,-1,1,0.0000000,0.00010
1,2,30,-1,1,0.0000000,0.00010
1,2,31,-1,1,0.0000000,0.00010
1,2,32,-1,1,0.0000000,0.00010
1,2,33,-1,1,0.0000000,0.00010
1,2,34,-1,1,0.0000000,0.00010
1,2,35,-1,1,0.0000000,0.00010
1,2,36,-1,1,0.0000000,0.00010
1,2,37,-1,1,0.0000000,0.00010
1,2,38,-1,1,0.0000000,0.00010
1,2,39,-1,1,0.0000000,0.00010
1,2,40,-1,1,0.0000000,0.00010
1,2,41,-1,1,0.0000000,0.00010
1,2,42,-1,1,0.0000000,0.00010
1,2,43,-1,1,0.0000000,0.00010
1,2,44,-1,1,0.0000000,0.00010
1,2,45,-1,1,0.0000000,0.00010
1,2,47,-1,1,0.0000000,0.00010
1,2,48,-1,1,0.0000000,0.00010
1,2,49,-1,1,0.0000000,0.00010
1,2,50,-1,1,0.0000000,0.00010
1,2,51,-1,1,0.0000000,0.00010
1,2,52,-1,1,0.0000000,0.00010
1,2,53,-1,1,0.0000000,0.00010
1,2,54,-1,1,0.0000000,0.00010
1,2,55,-1,1,0.0000000,0.00010
1,2,56,-1,1,0.0000000,0.00010
1,2,57,-1,1,0.0000000,0.00010
1,2,58,-1,1,0.0000000,0.00010
1,2,59,-1,1,0.0000000,0.00010
1,2,60,-1,1,0.0000000,0.00010
1,2,61,-1,1,0.0000000,0.00010
1,2,62,-1,1,0.0000000,0.00010
1,2,64,-1,1,0.0000000,0.00010
1,2,65,-1,1,0.0000000,0.00010
1,2,66,-1,1,0.0000000,0.00010
1,2,67,-1,1,0.0000000,0.00010
1,2,68,-1,1,0.0000000,0.00010
1,2,69,-1,1,0.0000000,0.00010
1,2,70,-1,1,0.0000000,0.00010
1,2,71,-1,1,0.0000000,0.00010
1,2,72,-1,1,0.0000000,0.00010
1,2,73,-1,1,0.0000000,0.00010
1,2,74,-1,1,0.0000000,0.00010
1,2,75,-1,1,0.0000000,0.00010
1,2,76,-1,1,0.0000000,0.00010
1,2,77,-1,1,0.0000000,0.00010
1,2,78,-1,1,0.0000000,0.00010
1,2,79,-1,1,0.0000000,0.00010
1,2,80,-1,1,0.0000000,0.00010
1,2,81,-1,1,0.0000000,0.00010
1,2,83,-1,1,0.0000000,0.00010
1,2,84,-1,1,0.0000000,0.00010
1,2,85,-1,1,0.0000000,0.00010
1,2,86,-1,1,0.0000000,0.00010
1,2,87,-1,1,0.0000000,0.00010
1,2,88,-1,1,0.0000000,0.00010
1,2,89,-1,1,0.0000000,0.00010
1,2,90,-1,1,0.0000000,0.00010
1,2,91,-1,1,0.0000000,0.00010
1,2,92,-1,1,0.0000000,0.00010
1,2,93,-1,1,0.0000000,0.00010
1,2,94,-1,1,0.0000000,0.00010
1,2,95,-1,1,0.0000000,0.00010
1,2,96,-1,1,0.0000000,0.00010
1,2,97,-1,1,0.0000000,0.00010
1,2,99,-1,1,0.0000000,0.00010
1,2,100,-1,1,0.0000000,0.00010
1,2,101,-1,1,0.0000000,0.00010
1,2,102,-1,1,0.0000000,0.00010
1,2,103,-1,1,0.0000000,0.00010
1,2,104,-1,1,0.0000000,0.00010
1,2,105,-1,1,0.0000000,0.00010
1,2,106,-1,1,0.0000000,0.00010
1,2,107,-1,1,0.0000000,0.00010
1,2,108,-1,1,0.0000000,0.00010
1,2,109,-1,1,0.0000000,0.00010
1,2,110,-1,1,0.0000000,0.00010
1,2,111,-1,1,0.0000000,0.00010
1,2,112,-1,1,0.0000000,0.00010
1,2,113,-1,1,0.0000000,0.00010
1,2,114,-1,1,0.0000000,0.00010
1,2,115,-1,1,0.0000000,0.00010
1,2,116,-1,1,0.0000000,0.00010
1,2,117,-1,1,0.0000000,0.00010
1,2,119,-1,1,0.0000000,0.00010
1,2,120,-1,1,0.0000000,0.00010
1,2,121,-1,1,0.0000000,0.00010
1,2,122,-1,1,0.0000000,0.00010
1,2,123,-1,1,0.0000000,0.00010
1,2,124,-1,1,0.0000000,0.00010
1,2,125,-1,1,0.0000000,0.00010
1,2,126,-1,1,0.0000000,0.00010
1,2,127,-1,1,0.0000000,0.00010
1,2,128,-1,1,0.0000000,0.00010
1,2,129,-1,1,0.0000000,0.00010
1,2,130,-1,1,0.0000000,0.00010
1,2,131,-1,1,0.0000000,0.00010
1,2,132,-1,1,0.0000000,0.00010
1,2,133,-1,1,0.0000000,0.00010
1,2,134,-1,1,0.0000000,0.00010
1,2,136,-1,1,0.0000000,0.00010
1,2,137,-1,1,0.0000000,0.00010
1,2,138,-1,1,0.0000000,0.00010
1,2,139,-1,1,0.0000000,0.00010
1,2,140,-1,1,0.0000000,0.00010
1,2,141,-1,1,0.0000000,0.00010
1,2,142,-1,1,0.0000000,0.00010
1,2,143,-1,1,0.0000000,0.00010
1,2,144,-1,1,0.0000000,0.00010
1,2,145,-1,1,0.0000000,0.00010
1,2,146,-1,1,0.0000000,0.00010
1,2,147,-1,1,0.0000000,0.00010
1,2,148,-1,1,0.0000000,0.00010
1,2,149,-1,1,0.0000000,0.00010
1,2,150,-1,1,0.0000000,0.00010
1,2,1119,-1,1,0.0000000,0.00010
1,2,1145,-1,1,0.0000000,0.00010
1,2,1146,-1,1,0.0000000,0.00010
1,2,1147,-1,1,0.0000000,0.00010
1,2,1148,-1,1,0.0000000,0.00010
1,2,1149,-1,1,0.0000000,0.00010
1,2,1150,-1,1,0.0000000,0.00010
1,2,1151,-1,1,0.0000000,0.00010
1,2,1152,-1,1,0.0000000,0.00010
1,2,1153,-1,1,0.0000000,0.00010
1,2,1154,-1,1,0.0000000,0.00010
1,2,1155,-1,1,0.0000000,0.00010
1,2,1156,-1,1,0.0000000,0.00010
1,2,1158,-1,1,0.0000000,0.00010
1,2,1159,-1,1,0.0000000,0.00010
1,2,1160,-1,1,0.0000000,0.00010
1,2,1161,-1,1,0.0000000,0.00010
1,2,1162,-1,1,0.0000000,0.00010
1,2,1163,-1,1,0.0000000,0.00010
1,2,1164,-1,1,0.0000000,0.00010
1,2,1165,-1,1,0.0000000,0.00010
1,2,1166,-1,1,0.0000000,0.00010
1,2,1167,-1,1,0.0000000,0.00010
1,2,1168,-1,1,0.0000000,0.00010
1,2,1169,-1,1,0.0000000,0.00010
1,2,1170,-1,1,0.0000000,0.00010
1,2,1171,-1,1,0.0000000,0.00010
1,2,1172,-1,1,0.0000000,0.00010
1,2,1173,-1,1,0.0000000,0.00010
1,2,1174,-1,1,0.0000000,0.00010
1,2,1175,-1,1,0.0000000,0.00010
1,2,1176,-1,1,0.0000000,0.00010
1,2,1177,-1,1,0.0000000,0.00010
1,2,1178,-1,1,0.0000000,0.00010
1,2,1179,-1,1,0.0000000,0.00010
1,2,1180,-1,1,0.0000000,0.00010
1,2,1181,-1,1,0.0000000,0.00010
1,2,1182,-1,1,0.0000000,0.00010
1,2,1183,-1,1,0.0000000,0.00010
1,2,1184,-1,1,0.0000000,0.00010
1,2,1185,-1,1,0.0000000,0.00010
1,2,1186,-1,1,0.0000000,0.00010
1,2,1187,-1,1,0.0000000,0.00010
1,2,1188,-1,1,0.0000000,0.00010
1,2,1189,-1,1,0.0000000,0.00010
1,2,1190,-1,1,0.0000000,0.00010
1,2,1191,-1,1,0.0000000,0.00010
1,2,1192,-1,1,0.0000000,0.00010
1,2,1196,-1,1,0.0000000,0.00010
1,2,1197,-1,1,0.0000000,0.00010
1,2,1201,-1,1,0.0000000,0.00010
1,2,1202,-1,1,0.0000000,0.00010
1,2,1207,-1,1,0.0000000,0.00010
1,2,1208,-1,1,0.0000000,0.00010
1,2,1209,-1,1,0.0000000,0.00010
1,2,1214,-1,1,0.0000000,0.00010
1,2,1215,-1,1,0.0000000,0.00010
1,2,1216,-1,1,0.0000000,0.00010
1,2,1221,-1,1,0.0000000,0.00010
1,2,1222,-1,1,0.0000000,0.00010
1,2,1223,-1,1,0.0000000,0.00010
1,2,1228,-1,1,0.0000000,0.00010
1,2,1229,-1,1,0.0000000,0.00010
1,2,1230,-1,1,0.0000000,0.00010
1,2,1234,-1,1,0.0000000,0.00010
1,2,1235,-1,1,0.0000000,0.00010
1,2,1238,-1,1,0.0000000,0.00010
1,2,1240,-1,1,0.0000000,0.00010
1,2,2,-1,2,0.0000000,0.00010
1,2,3,-1,2,0.0000000,0.00010
1,2,5,-1,2,0.0000000,0.00010
1,2,7,-1,2,0.0000000,0.00010
1,2,9,-1,2,0.0000000,0.00010
1,2,11,-1,2,0.0000000,0.00010
1,2,13,-1,2,0.0000000,0.00010
1,2,14,-1,2,0.0000000,0.00010
1,2,15,-1,2,0.0000000,0.00010
1,2,16,-1,2,0.0000000,0.00010
1,2,17,-1,2,0.0000000,0.00010
1,2,18,-1,2,0.0000000,0.00010
1,2,19,-1,2,0.0000000,0.00010
1,2,20,-1,2,0.0000000,0.00010
1,2,21,-1,2,0.0000000,0.00010
1,2,22,-1,2,0.0000000,0.00010
1,2,23,-1,2,0.0000000,0.00010
1,2,24,-1,2,0.0000000,0.00010
1,2,25,-1,2,0.0000000,0.00010
1,2,26,-1,2,0.0000000,0.00010
1,2,27,-1,2,0.0000000,0.00010
1,2,29,-1,2,0.0000000,0.00010
1,2,30,-1,2,0.0000000,0.00010
1,2,31,-1,2,0.0000000,0.00010
1,2,32,-1,2,0.0000000,0.00010
1,2,33,-1,2,0.0000000,0.00010
1,2,34,-1,2,0.0000000,0.00010
1,2,35,-1,2,0.0000000,0.00010
1,2,36,-1,2,0.0000000,0.00010
1,2,37,-1,2,0.0000000,0.00010
1,2,38,-1,2,0.0000000,0.00010
1,2,39,-1,2,0.0000000,0.00010
1,2,40,-1,2,0.0000000,0.00010
1,2,41,-1,2,0.0000000,0.00010
1,2,42,-1,2,0.0000000,0.00010
1,2,43,-1,2,0.0000000,0.00010
1,2,44,-1,2,0.0000000,0.00010
1,2,45,-1,2,0.0000000,0.00010
1,2,47,-1,2,0.0000000,0.00010
1,2,48,-1,2,0.0000000,0.00010
1,2,49,-1,2,0.0000000,0.00010
1,2,50,-1,2,0.0000000,0.00010
1,2,51,-1,2,0.0000000,0.00010
1,2,52,-1,2,0.0000000,0.00010
1,2,53,-1,2,0.0000000,0.00010
1,2,54,-1,2,0.0000000,0.00010
1,2,55,-1,2,0.0000000,0.00010
1,2,56,-1,2,0.0000000,0.00010
1,2,57,-1,2,0.0000000,0.00010
1,2,58,-1,2,0.0000000,0.00010
1,2,59,-1,2,0.0000000,0.00010
1,2,60,-1,2,0.0000000,0.00010
1,2,61,-1,2,0.0000000,0.00010
1,2,62,-1,2,0.0000000,0.00010
1,2,64,-1,2,0.0000000,0.00010
1,2,65,-1,2,0.0000000,0.00010
1,2,66,-1,2,0.0000000,0.00010
1,2,67,-1,2,0.0000000,0.00010
1,2,68,-1,2,0.0000000,0.00010
1,2,69,-1,2,0.0000000,0.00010
1,2,70,-1,2,0.0000000,0.00010
1,2,71,-1,2,0.0000000,0.00010
1,2,72,-1,2,0.0000000,0.00010
1,2,73,-1,2,0.0000000,0.00010
1,2,74,-1,2,0.0000000,0.00010
1,2,75,-1,2,0.0000000,0.00010
1,2,76,-1,2,0.0000000,0.00010
1,2,77,-1,2,0.0000000,0.00010
1,2,78,-1,2,0.0000000,0.00010
1,2,79,-1,2,0.0000000,0.00010
1,2,80,-1,2,0.0000000,0.00010
1,2,81,-1,2,0.0000000,0.00010
1,2,83,-1,2,0.0000000,0.00010
1,2,84,-1,2,0.0000000,0.00010
1,2,85,-1,2,0.0000000,0.00010
1,2,86,-1,2,0.0000000,0.00010
1,2,87,-1,2,0.0000000,0.00010
1,2,88,-1,2,0.0000000,0.00010
1,2,89,-1,2,0.0000000,0.00010
1,2,90,-1,2,0.0000000,0.00010
1,2,91,-1,2,0.0000000,0.00010
1,2,92,-1,2,0.0000000,0.00010
1,2,93,-1,2,0.0000000,0.00010
1,2,94,-1,2,0.0000000,0.00010
1,2,95,-1,2,0.0000000,0.00010
1,2,96,-1,2,0.0000000,0.00010
1,2,97,-1,2,0.0000000,0.00010
1,2,99,-1,2,0.0000000,0.00010
1,2,100,-1,2,0.0000000,0.00010
1,2,101,-1,2,0.0000000,0.00010
1,2,102,-1,2,0.0000000,0.00010
1,2,103,-1,2,0.0000000,0.00010
1,2,104,-1,2,0.0000000,0.00010
1,2,105,-1,2,0.0000000,0.00010
1,2,106,-1,2,0.0000000,0.00010
1,2,107,-1,2,0.0000000,0.00010
1,2,108,-1,2,0.0000000,0.00010
1,2,109,-1,2,0.0000000,0.00010
1,2,110,-1,2,0.0000000,0.00010
1,2,111,-1,2,0.0000000,0.00010
1,2,112,-1,2,0.0000000,0.00010
1,2,113,-1,2,0.0000000,0.00010
1,2,114,-1,2,0.0000000,0.00010
1,2,115,-1,2,0.0000000,0.00010
1,2,116,-1,2,0.0000000,0.00010
1,2,117,-1,2,0.0000000,0.00010
1,2,119,-1,2,0.0000000,0.00010
1,2,120,-1,2,0.0000000,0.00010
1,2,121,-1,2,0.0000000,0.00010
1,2,122,-1,2,0.0000000,0.00010
1,2,123,-1,2,0.0000000,0.00010
1,2,124,-1,2,0.0000000,0.00010
1,2,125,-1,2,0.0000000,0.00010
1,2,126,-1,2,0.0000000,0.00010
1,2,127,-1,2,0.0000000,0.00010
1,2,128,-1,2,0.0000000,0.00010
1,2,129,-1,2,0.0000000,0.00010
1,2,130,-1,2,0.0000000,0.00010
1,2,131,-1,2,0.0000000,0.00010
1,2,132,-1,2,0.0000000,0.00010
1,2,133,-1,2,0.0000000,0.00010
1,2,134,-1,2,0.0000000,0.00010
1,2,136,-1,2,0.0000000,0.00010
1,2,137,-1,2,0.0000000,0.00010
1,2,138,-1,2,0.0000000,0.00010
1,2,139,-1,2,0.0000000,0.00010
1,2,140,-1,2,0.0000000,0.00010
1,2,141,-1,2,0.0000000,0.00010
1,2,142,-1,2,0.0000000,0.00010
1,2,143,-1,2,0.0000000,0.00010
1,2,144,-1,2,0.0000000,0.00010
1,2,145,-1,2,0.0000000,0.00010
1,2,146,-1,2,0.0000000,0.00010
1,2,147,-1,2,0.0000000,0.00010
1,2,148,-1,2,0.0000000,0.00010
1,2,149,-1,2,0.0000000,0.00010
1,2,150,-1,2,0.0000000,0.00010
1,2,1119,-1,2,0.0000000,0.00010
1,2,1145,-1,2,0.0000000,0.00010
1,2,1146,-1,2,0.0000000,0.00010
1,2,1147,-1,2,0.0000000,0.00010
1,2,1148,-1,2,0.0000000,0.00010
1,2,1149,-1,2,0.0000000,0.00010
1,2,1150,-1,2,0.0000000,0.00010
1,2,1151,-1,2,0.0000000,0.00010
1,2,1152,-1,2,0.0000000,0.00010
1,2,1153,-1,2,0.0000000,0.00010
1,2,1154,-1,2,0.0000000,0.00010
1,2,1155,-1,2,0.0000000,0.00010
1,2,1156,-1,2,0.0000000,0.00010
1,2,1158,-1,2,0.0000000,0.00010
1,2,1159,-1,2,0.0000000,0.00010
1,2,1160,-1,2,0.0000000,0.00010
1,2,1161,-1,2,0.0000000,0.00010
1,2,1162,-1,2,0.0000000,0.00010
1,2,1163,-1,2,0.0000000,0.00010
1,2,1164,-1,2,0.0000000,0.00010
1,2,1165,-1,2,0.0000000,0.00010
1,2,1166,-1,2,0.0000000,0.00010
1,2,1167,-1,2,0.0000000,0.00010
1,2,1168,-1,2,0.0000000,0.00010
1,2,1169,-1,2,0.0000000,0.00010
1,2,1170,-1,2,0.0000000,0.00010
1,2,1171,-1,2,0.0000000,0.00010
1,2,1172,-1,2,0.0000000,0.00010
1,2,1173,-1,2,0.0000000,0.00010
1,2,1174,-1,2,0.0000000,0.00010
1,2,1175,-1,2,0.0000000,0.00010
1,2,1176,-1,2,0.0000000,0.00010
1,2,1177,-1,2,0.0000000,0.00010
1,2,1178,-1,2,0.0000000,0.00010
1,2,1179,-1,2,0.0000000,0.00010
1,2,1180,-1,2,0.0000000,0.00010
1,2,1181,-1,2,0.0000000,0.00010
1,2,1182,-1,2,0.0000000,0.00010
1,2,1183,-1,2,0.0000000,0.00010
1,2,1184,-1,2,0.0000000,0.00010
1,2,1185,-1,2,0.0000000,0.00010
1,2,1186,-1,2,0.0000000,0.00010
1,2,1187,-1,2,0.0000000,0.00010
1,2,1188,-1,2,0.0000000,0.00010
1,2,1189,-1,2,0.0000000,0.00010
1,2,1190,-1,2,0.0000000,0.00010
1,2,1191,-1,2,0.0000000,0.00010
1,2,1192,-1,2,0.0000000,0.00010
1,2,1196,-1,2,0.0000000,0.00010
1,2,1197,-1,2,0.0000000,0.00010
1,2,1201,-1,2,0.0000000,0.00010
1,2,1202,-1,2,0.0000000,0.00010
1,2,1207,-1,2,0.0000000,0.00010
1,2,1208,-1,2,0.0000000,0.00010
1,2,1209,-1,2,0.0000000,0.00010
1,2,1214,-1,2,0.0000000,0.00010
1,2,1215,-1,2,0.0000000,0.00010
1,2,1216,-1,2,0.0000000,0.00010
1,2,1221,-1,2,0.0000000,0.00010
1,2,1222,-1,2,0.0000000,0.00010
1,2,1223,-1,2,0.0000000,0.00010
1,2,1228,-1,2,0.0000000,0.00010
1,2,1229,-1,2,0.0000000,0.00010
1,2,1230,-1,2,0.0000000,0.00010
1,2,1234,-1,2,0.0000000,0.00010
1,2,1235,-1,2,0.0000000,0.00010
1,2,1238,-1,2,0.0000000,0.00010
1,2,1240,-1,2,0.0000000,0.00010
1,2,2,-1,3,0.0000000,0.00010
1,2,3,-1,3,0.0000000,0.00010
1,2,5,-1,3,0.0000000,0.00010
1,2,7,-1,3,0.0000000,0.00010
1,2,9,-1,3,0.0000000,0.00010
1,2,11,-1,3,0.0000000,0.00010
1,2,13,-1,3,0.0000000,0.00010
1,2,14,-1,3,0.0000000,0.00010
1,2,15,-1,3,0.0000000,0.00010
1,2,16,-1,3,0.0000000,0.00010
1,2,17,-1,3,0.0000000,0.00010
1,2,18,-1,3,0.0000000,0.00010
1,2,19,-1,3,0.0000000,0.00010
1,2,20,-1,3,0.0000000,0.00010
1,2,21,-1,3,0.0000000,0.00010
1,2,22,-1,3,0.0000000,0.00010
1,2,23,-1,3,0.0000000,0.00010
1,2,24,-1,3,0.0000000,0.00010
1,2,25,-1,3,0.0000000,0.00010
1,2,26,-1,3,0.0000000,0.00010
1,2,27,-1,3,0.0000000,0.00010
1,2,29,-1,3,0.0000000,0.00010
1,2,30,-1,3,0.0000000,0.00010
1,2,31,-1,3,0.0000000,0.00010
1,2,32,-1,3,0.0000000,0.00010
1,2,33,-1,3,0.0000000,0.00010
1,2,34,-1,3,0.0000000,0.00010
1,2,35,-1,3,0.0000000,0.00010
1,2,36,-1,3,0.0000000,0.00010
1,2,37,-1,3,0.0000000,0.00010
1,2,38,-1,3,0.0000000,0.00010
1,2,39,-1,3,0.0000000,0.00010
1,2,40,-1,3,0.0000000,0.00010
1,2,41,-1,3,0.0000000,0.00010
1,2,42,-1,3,0.0000000,0.00010
1,2,43,-1,3,0.0000000,0.00010
1,2,44,-1,3,0.0000000,0.00010
1,2,45,-1,3,0.0000000,0.00010
1,2,47,-1,3,0.0000000,0.00010
1,2,48,-1,3,0.0000000,0.00010
1,2,49,-1,3,0.0000000,0.00010
1,2,50,-1,3,0.0000000,0.00010
1,2,51,-1,3,0.0000000,0.00010
1,2,52,-1,3,0.0000000,0.00010
1,2,53,-1,3,0.0000000,0.00010
1,2,54,-1,3,0.0000000,0.00010
1,2,55,-1,3,0.0000000,0.00010
1,2,56,-1,3,0.0000000,0.00010
1,2,57,-1,3,0.0000000,0.00010
1,2,58,-1,3,0.0000000,0.00010
1,2,59,-1,3,0.0000000,0.00010
1,2,60,-1,3,0.0000000,0.00010
1,2,61,-1,3,0.0000000,0.00010
1,2,62,-1,3,0.0000000,0.00010
1,2,64,-1,3,0.0000000,0.00010
1,2,65,-1,3,0.0000000,0.00010
1,2,66,-1,3,0.0000000,0.00010
1,2,67,-1,3,0.0000000,0.00010
1,2,68,-1,3,0.0000000,0.00010
1,2,69,-1,3,0.0000000,0.00010
1,2,70,-1,3,0.0000000,0.00010
1,2,71,-1,3,0.0000000,0.00010
1,2,72,-1,3,0.0000000,0.00010
1,2,73,-1,3,0.0000000,0.00010
1,2,74,-1,3,0.0000000,0.00010
1,2,75,-1,3,0.0000000,0.00010
1,2,76,-1,3,0.0000000,0.00010
1,2,77,-1,3,0.0000000,0.00010
1,2,78,-1,3,0.0000000,0.00010
1,2,79,-1,3,0.0000000,0.00010
1,2,80,-1,3,0.0000000,0.00010
1,2,81,-1,3,0.0000000,0.00010
1,2,83,-1,3,0.0000000,0.00010
1,2,84,-1,3,0.0000000,0.00010
1,2,85,-1,3,0.0000000,0.00010
1,2,86,-1,3,0.0000000,0.00010
1,2,87,-1,3,0.0000000,0.00010
1,2,88,-1,3,0.0000000,0.00010
1,2,89,-1,3,0.0000000,0.00010
1,2,90,-1,3,0.0000000,0.00010
1,2,91,-1,3,0.0000000,0.00010
1,2,92,-1,3,0.0000000,0.00010
1,2,93,-1,3,0.0000000,0.00010
1,2,94,-1,3,0.0000000,0.00010
1,2,95,-1,3,0.0000000,0.00010
1,2,96,-1,3,0.0000000,0.00010
1,2,97,-1,3,0.0000000,0.00010
1,2,99,-1,3,0.0000000,0.00010
1,2,100,-1,3,0.0000000,0.00010
1,2,101,-1,3,0.0000000,0.00010
1,2,102,-1,3,0.0000000,0.00010
1,2,103,-1,3,0.0000000,0.00010
1,2,104,-1,3,0.0000000,0.00010
1,2,105,-1,3,0.0000000,0.00010
1,2,106,-1,3,0.0000000,0.00010
1,2,107,-1,3,0.0000000,0.00010
1,2,108,-1,3,0.0000000,0.00010
1,2,109,-1,3,0.0000000,0.00010
1,2,110,-1,3,0.0000000,0.00010
1,2,111,-1,3,0.0000000,0.00010
1,2,112,-1,3,0.0000000,0.00010
1,2,113,-1,3,0.0000000,0.00010
1,2,114,-1,3,0.0000000,0.00010
1,2,115,-1,3,0.0000000,0.00010
1,2,116,-1,3,0.0000000,0.00010
1,2,117,-1,3,0.0000000,0.00010
1,2,119,-1,3,0.0000000,0.00010
1,2,120,-1,3,0.0000000,0.00010
1,2,121,-1,3,0.0000000,0.00010
1,2,122,-1,3,0.0000000,0.00010
1,2,123,-1,3,0.0000000,0.00010
1,2,124,-1,3,0.0000000,0.00010
1,2,125,-1,3,0.0000000,0.00010
1,2,126,-1,3,0.0000000,0.00010
1,2,127,-1,3,0.0000000,0.00010
1,2,128,-1,3,0.0000000,0.00010
1,2,129,-1,3,0.0000000,0.00010
1,2,130,-1,3,0.0000000,0.00010
1,2,131,-1,3,0.0000000,0.00010
1,2,132,-1,3,0.0000000,0.00010
1,2,133,-1,3,0.0000000,0.00010
1,2,134,-1,3,0.0000000,0.00010
1,2,136,-1,3,0.0000000,0.00010
1,2,137,-1,3,0.0000000,0.00010
1,2,138,-1,3,0.0000000,0.00010
1,2,139,-1,3,0.0000000,0.00010
1,2,140,-1,3,0.0000000,0.00010
1,2,141,-1,3,0.0000000,0.00010
1,2,142,-1,3,0.0000000,0.00010
1,2,143,-1,3,0.0000000,0.00010
1,2,144,-1,3,0.0000000,0.00010
1,2,145,-1,3,0.0000000,0.00010
1,2,146,-1,3,0.0000000,0.00010
1,2,147,-1,3,0.0000000,0.00010
1,2,148,-1,3,0.0000000,0.00010
1,2,149,-1,3,0.0000000,0.00010
1,2,150,-1,3,0.0000000,0.00010
1,2,1119,-1,3,0.0000000,0.00010
1,2,1145,-1,3,0.0000000,0.00010
1,2,1146,-1,3,0.0000000,0.00010
1,2,1147,-1,3,0.0000000,0.00010
1,2,1148,-1,3,0.0000000,0.00010
1,2,1149,-1,3,0.0000000,0.00010
1,2,1150,-1,3,0.0000000,0.00010
1,2,1151,-1,3,0.0000000,0.00010
1,2,1152,-1,3,0.0000000,0.00010
1,2,1153,-1,3,0.0000000,0.00010
1,2,1154,-1,3,0.0000000,0.00010
1,2,1155,-1,3,0.0000000,0.00010
1,2,1156,-1,3,0.0000000,0.00010
1,2,1158,-1,3,0.0000000,0.00010
1,2,1159,-1,3,0.0000000,0.00010
1,2,1160,-1,3,0.0000000,0.00010
1,2,1161,-1,3,0.0000000,0.00010
1,2,1162,-1,3,0.0000000,0.00010
1,2,1163,-1,3,0.0000000,0.00010
1,2,1164,-1,3,0.0000000,0.00010
1,2,1165,-1,3,0.0000000,0.00010
1,2,1166,-1,3,0.0000000,0.00010
1,2,1167,-1,3,0.0000000,0.00010
1,2,1168,-1,3,0.0000000,0.00010
1,2,1169,-1,3,0.0000000,0.00010
1,2,1170,-1,3,0.0000000,0.00010
1,2,1171,-1,3,0.0000000,0.00010
1,2,1172,-1,3,0.0000000,0.00010
1,2,1173,-1,3,0.0000000,0.00010
1,2,1174,-1,3,0.0000000,0.00010
1,2,1175,-1,3,0.0000000,0.00010
1,2,1176,-1,3,0.0000000,0.00010
1,2,1177,-1,3,0.0000000,0.00010
1,2,1178,-1,3,0.0000000,0.00010
1,2,1179,-1,3,0.0000000,0.00010
1,2,1180,-1,3,0.0000000,0.00010
1,2,1181,-1,3,0.0000000,0.00010
1,2,1182,-1,3,0.0000000,0.00010
1,2,1183,-1,3,0.0000000,0.00010
1,2,1184,-1,3,0.0000000,0.00010
1,2,1185,-1,3,0.0000000,0.00010
1,2,1186,-1,3,0.0000000,0.00010
1,2,1187,-1,3,0.0000000,0.00010
1,2,1188,-1,3,0.0000000,0.00010
1,2,1189,-1,3,0.0000000,0.00010
1,2,1190,-1,3,0.0000000,0.00010
1,2,1191,-1,3,0.0000000,0.00010
1,2,1192,-1,3,0.0000000,0.00010
1,2,1196,-1,3,0.0000000,0.00010
1,2,1197,-1,3,0.0000000,0.00010
1,2,1201,-1,3,0.0000000,0.00010
1,2,1202,-1,3,0.0000000,0.00010
1,2,1207,-1,3,0.0000000,0.00010
1,2,1208,-1,3,0.0000000,0.00010
1,2,1209,-1,3,0.0000000,0.00010
1,2,1214,-1,3,0.0000000,0.00010
1,2,1215,-1,3,0.0000000,0.00010
1,2,1216,-1,3,0.0000000,0.00010
1,2,1221,-1,3,0.0000000,0.00010
1,2,1222,-1,3,0.0000000,0.00010
1,2,1223,-1,3,0.0000000,0.00010
1,2,1228,-1,3,0.0000000,0.00010
1,2,1229,-1,3,0.0000000,0.00010
1,2,1230,-1,3,0.0000000,0.00010
1,2,1234,-1,3,0.0000000,0.00010
1,2,1235,-1,3,0.0000000,0.00010
1,2,1238,-1,3,0.0000000,0.00010
1,2,1240,-1,3,0.0000000,0.00010
1,3,2,-1,1,0.0000000,0.00010
1,3,3,-1,1,0.0000000,0.00010
1,3,5,-1,1,0.0000000,0.00010
1,3,7,-1,1,0.0000000,0.00010
1,3,9,-1,1,0.0000000,0.00010
1,3,11,-1,1,0.0000000,0.00010
1,3,13,-1,1,0.0000000,0.00010
1,3,14,-1,1,0.0000000,0.00010
1,3,15,-1,1,0.0000000,0.00010
1,3,16,-1,1,0.0000000,0.00010
1,3,17,-1,1,0.0000000,0.00010
1,3,18,-1,1,0.0000000,0.00010
1,3,19,-1,1,0.0000000,0.00010
1,3,20,-1,1,0.0000000,0.00010
1,3,21,-1,1,0.0000000,0.00010
1,3,22,-1,1,0.0000000,0.00010
1,3,23,-1,1,0.0000000,0.00010
1,3,24,-1,1,0.0000000,0.00010
1,3,25,-1,1,0.0000000,0.00010
1,3,26,-1,1,0.0000000,0.00010
1,3,27,-1,1,0.0000000,0.00010
1,3,29,-1,1,0.0000000,0.00010
1,3,30,-1,1,0.0000000,0.00010
1,3,31,-1,1,0.0000000,0.00010
1,3,32,-1,1,0.0000000,0.00010
1,3,33,-1,1,0.0000000,0.00010
1,3,34,-1,1,0.0000000,0.00010
1,3,35,-1,1,0.0000000,0.00010
1,3,36,-1,1,0.0000000,0.00010
1,3,37,-1,1,0.0000000,0.00010
1,3,38,-1,1,0.0000000,0.00010
1,3,39,-1,1,0.0000000,0.00010
1,3,40,-1,1,0.0000000,0.00010
1,3,41,-1,1,0.0000000,0.00010
1,3,42,-1,1,0.0000000,0.00010
1,3,43,-1,1,0.0000000,0.00010
1,3,44,-1,1,0.0000000,0.00010
1,3,45,-1,1,0.0000000,0.00010
1,3,47,-1,1,0.0000000,0.00010
1,3,48,-1,1,0.0000000,0.00010
1,3,49,-1,1,0.0000000,0.00010
1,3,50,-1,1,0.0000000,0.00010
1,3,51,-1,1,0.0000000,0.00010
1,3,52,-1,1,0.0000000,0.00010
1,3,53,-1,1,0.0000000,0.00010
1,3,54,-1,1,0.0000000,0.00010
1,3,55,-1,1,0.0000000,0.00010
1,3,56,-1,1,0.0000000,0.00010
1,3,57,-1,1,0.0000000,0.00010
1,3,58,-1,1,0.0000000,0.00010
1,3,59,-1,1,0.0000000,0.00010
1,3,60,-1,1,0.0000000,0.00010
1,3,61,-1,1,0.0000000,0.00010
1,3,62,-1,1,0.0000000,0.00010
1,3,64,-1,1,0.0000000,0.00010
1,3,65,-1,1,0.0000000,0.00010
1,3,66,-1,1,0.0000000,0.00010
1,3,67,-1,1,0.0000000,0.00010
1,3,68,-1,1,0.0000000,0.00010
1,3,69,-1,1,0.0000000,0.00010
1,3,70,-1,1,0.0000000,0.00010
1,3,71,-1,1,0.0000000,0.00010
1,3,72,-1,1,0.0000000,0.00010
1,3,73,-1,1,0.0000000,0.00010
1,3,74,-1,1,0.0000000,0.00010
1,3,75,-1,1,0.0000000,0.00010
1,3,76,-1,1,0.0000000,0.00010
1,3,77,-1,1,0.0000000,0.00010
1,3,78,-1,1,0.0000000,0.00010
1,3,79,-1,1,0.0000000,0.00010
1,3,80,-1,1,0.0000000,0.00010
1,3,81,-1,1,0.0000000,0.00010
1,3,83,-1,1,0.0000000,0.00010
1,3,84,-1,1,0.0000000,0.00010
1,3,85,-1,1,0.0000000,0.00010
1,3,86,-1,1,0.0000000,0.00010
1,3,87,-1,1,0.0000000,0.00010
1,3,88,-1,1,0.0000000,0.00010
1,3,89,-1,1,0.0000000,0.00010
1,3,90,-1,1,0.0000000,0.00010
1,3,91,-1,1,0.0000000,0.00010
1,3,92,-1,1,0.0000000,0.00010
1,3,93,-1,1,0.0000000,0.00010
1,3,94,-1,1,0.0000000,0.00010
1,3,95,-1,1,0.0000000,0.00010
1,3,96,-1,1,0.0000000,0.00010
1,3,97,-1,1,0.0000000,0.00010
1,3,99,-1,1,0.0000000,0.00010
1,3,100,-1,1,0.0000000,0.00010
1,3,101,-1,1,0.0000000,0.00010
1,3,102,-1,1,0.0000000,0.00010
1,3,103,-1,1,0.0000000,0.00010
1,3,104,-1,1,0.0000000,0.00010
1,3,105,-1,1,0.0000000,0.00010
1,3,106,-1,1,0.0000000,0.00010
1,3,107,-1,1,0.0000000,0.00010
1,3,108,-1,1,0.0000000,0.00010
1,3,109,-1,1,0.0000000,0.00010
1,3,110,-1,1,0.0000000,0.00010
1,3,111,-1,1,0.0000000,0.00010
1,3,112,-1,1,0.0000000,0.00010
1,3,113,-1,1,0.0000000,0.00010
1,3,114,-1,1,0.0000000,0.00010
1,3,115,-1,1,0.0000000,0.00010
1,3,116,-1,1,0.0000000,0.00010
1,3,117,-1,1,0.0000000,0.00010
1,3,119,-1,1,0.0000000,0.00010
1,3,120,-1,1,0.0000000,0.00010
1,3,121,-1,1,0.0000000,0.00010
1,3,122,-1,1,0.0000000,0.00010
1,3,123,-1,1,0.0000000,0.00010
1,3,124,-1,1,0.0000000,0.00010
1,3,125,-1,1,0.0000000,0.00010
1,3,126,-1,1,0.0000000,0.00010
1,3,127,-1,1,0.0000000,0.00010
1,3,128,-1,1,0.0000000,0.00010
1,3,129,-1,1,0.0000000,0.00010
1,3,130,-1,1,0.0000000,0.00010
1,3,131,-1,1,0.0000000,0.00010
1,3,132,-1,1,0.0000000,0.00010
1,3,133,-1,1,0.0000000,0.00010
1,3,134,-1,1,0.0000000,0.00010
1,3,136,-1,1,0.0000000,0.00010
1,3,137,-1,1,0.0000000,0.00010
1,3,138,-1,1,0.0000000,0.00010
1,3,139,-1,1,0.0000000,0.00010
1,3,140,-1,1,0.0000000,0.00010
1,3,141,-1,1,0.0000000,0.00010
1,3,142,-1,1,0.0000000,0.00010
1,3,143,-1,1,0.0000000,0.00010
1,3,144,-1,1,0.0000000,0.00010
1,3,145,-1,1,0.0000000,0.00010
1,3,146,-1,1,0.0000000,0.00010
1,3,147,-1,1,0.0000000,0.00010
1,3,148,-1,1,0.0000000,0.00010
1,3,149,-1,1,0.0000000,0.00010
1,3,150,-1,1,0.0000000,0.00010
1,3,1119,-1,1,0.0000000,0.00010
1,3,1145,-1,1,0.0000000,0.00010
1,3,1146,-1,1,0.0000000,0.00010
1,3,1147,-1,1,0.0000000,0.00010
1,3,1148,-1,1,0.0000000,0.00010
1,3,1149,-1,1,0.0000000,0.00010
1,3,1150,-1,1,0.0000000,0.00010
1,3,1151,-1,1,0.0000000,0.00010
1,3,1152,-1,1,0.0000000,0.00010
1,3,1153,-1,1,0.0000000,0.00010
1,3,1154,-1,1,0.0000000,0.00010
1,3,1155,-1,1,0.0000000,0.00010
1,3,1156,-1,1,0.0000000,0.00010
1,3,1158,-1,1,0.0000000,0.00010
1,3,1159,-1,1,0.0000000,0.00010
1,3,1160,-1,1,0.0000000,0.00010
1,3,1161,-1,1,0.0000000,0.00010
1,3,1162,-1,1,0.0000000,0.00010
1,3,1163,-1,1,0.0000000,0.00010
1,3,1164,-1,1,0.0000000,0.00010
1,3,1165,-1,1,0.0000000,0.00010
1,3,1166,-1,1,0.0000000,0.00010
1,3,1167,-1,1,0.0000000,0.00010
1,3,1168,-1,1,0.0000000,0.00010
1,3,1169,-1,1,0.0000000,0.00010
1,3,1170,-1,1,0.0000000,0.00010
1,3,1171,-1,1,0.0000000,0.00010
1,3,1172,-1,1,0.0000000,0.00010
1,3,1173,-1,1,0.0000000,0.00010
1,3,1174,-1,1,0.0000000,0.00010
1,3,1175,-1,1,0.0000000,0.00010
1,3,1176,-1,1,0.0000000,0.00010
1,3,1177,-1,1,0.0000000,0.00010
1,3,1178,-1,1,0.0000000,0.00010
1,3,1179,-1,1,0.0000000,0.00010
1,3,1180,-1,1,0.0000000,0.00010
1,3,1181,-1,1,0.0000000,0.00010
1,3,1182,-1,1,0.0000000,0.00010
1,3,1183,-1,1,0.0000000,0.00010
1,3,1184,-1,1,0.0000000,0.00010
1,3,1185,-1,1,0.0000000,0.00010
1,3,1186,-1,1,0.0000000,0.00010
1,3,1187,-1,1,0.0000000,0.00010
1,3,1188,-1,1,0.0000000,0.00010
1,3,1189,-1,1,0.0000000,0.00010
1,3,1190,-1,1,0.0000000,0.00010
1,3,1191,-1,1,0.0000000,0.00010
1,3,1192,-1,1,0.0000000,0.00010
1,3,1196,-1,1,0.0000000,0.00010
1,3,1197,-1,1,0.0000000,0.00010
1,3,1201,-1,1,0.0000000,0.00010
1,3,1202,-1,1,0.0000000,0.00010
1,3,1207,-1,1,0.0000000,0.00010
1,3,1208,-1,1,0.0000000,0.00010
1,3,1209,-1,1,0.0000000,0.00010
1,3,1214,-1,1,0.0000000,0.00010
1,3,1215,-1,1,0.0000000,0.00010
1,3,1216,-1,1,0.0000000,0.00010
1,3,1221,-1,1,0.0000000,0.00010
1,3,1222,-1,1,0.0000000,0.00010
1,3,1223,-1,1,0.0000000,0.00010
1,3,1228,-1,1,0.0000000,0.00010
1,3,1229,-1,1,0.0000000,0.00010
1,3,1230,-1,1,0.0000000,0.00010
1,3,1234,-1,1,0.0000000,0.00010
1,3,1235,-1,1,0.0000000,0.00010
1,3,1238,-1,1,0.0000000,0.00010
1,3,1240,-1,1,0.0000000,0.00010
1,3,2,-1,2,0.0000000,0.00010
1,3,3,-1,2,0.0000000,0.00010
1,3,5,-1,2,0.0000000,0.00010
1,3,7,-1,2,0.0000000,0.00010
1,3,9,-1,2,0.0000000,0.00010
1,3,11,-1,2,0.0000000,0.00010
1,3,13,-1,2,0.0000000,0.00010
1,3,14,-1,2,0.0000000,0.00010
1,3,15,-1,2,0.0000000,0.00010
1,3,16,-1,2,0.0000000,0.00010
1,3,17,-1,2,0.0000000,0.00010
1,3,18,-1,2,0.0000000,0.00010
1,3,19,-1,2,0.0000000,0.00010
1,3,20,-1,2,0.0000000,0.00010
1,3,21,-1,2,0.0000000,0.00010
1,3,22,-1,2,0.0000000,0.00010
1,3,23,-1,2,0.0000000,0.00010
1,3,24,-1,2,0.0000000,0.00010
1,3,25,-1,2,0.0000000,0.00010
1,3,26,-1,2,0.0000000,0.00010
1,3,27,-1,2,0.0000000,0.00010
1,3,29,-1,2,0.0000000,0.00010
1,3,30,-1,2,0.0000000,0.00010
1,3,31,-1,2,0.0000000,0.00010
1,3,32,-1,2,0.0000000,0.00010
1,3,33,-1,2,0.0000000,0.00010
1,3,34,-1,2,0.0000000,0.00010
1,3,35,-1,2,0.0000000,0.00010
1,3,36,-1,2,0.0000000,0.00010
1,3,37,-1,2,0.0000000,0.00010
1,3,38,-1,2,0.0000000,0.00010
1,3,39,-1,2,0.0000000,0.00010
1,3,40,-1,2,0.0000000,0.00010
1,3,41,-1,2,0.0000000,0.00010
1,3,42,-1,2,0.0000000,0.00010
1,3,43,-1,2,0.0000000,0.00010
1,3,44,-1,2,0.0000000,0.00010
1,3,45,-1,2,0.0000000,0.00010
1,3,47,-1,2,0.0000000,0.00010
1,3,48,-1,2,0.0000000,0.00010
1,3,49,-1,2,0.0000000,0.00010
1,3,50,-1,2,0.0000000,0.00010
1,3,51,-1,2,0.0000000,0.00010
1,3,52,-1,2,0.0000000,0.00010
1,3,53,-1,2,0.0000000,0.00010
1,3,54,-1,2,0.0000000,0.00010
1,3,55,-1,2,0.0000000,0.00010
1,3,56,-1,2,0.0000000,0.00010
1,3,57,-1,2,0.0000000,0.00010
1,3,58,-1,2,0.0000000,0.00010
1,3,59,-1,2,0.0000000,0.00010
1,3,60,-1,2,0.0000000,0.00010
1,3,61,-1,2,0.0000000,0.00010
1,3,62,-1,2,0.0000000,0.00010
1,3,64,-1,2,0.0000000,0.00010
1,3,65,-1,2,0.0000000,0.00010
1,3,66,-1,2,0.0000000,0.00010
1,3,67,-1,2,0.0000000,0.00010
1,3,68,-1,2,0.0000000,0.00010
1,3,69,-1,2,0.0000000,0.00010
1,3,70,-1,2,0.0000000,0.00010
1,3,71,-1,2,0.0000000,0.00010
1,3,72,-1,2,0.0000000,0.00010
1,3,73,-1,2,0.0000000,0.00010
1,3,74,-1,2,0.0000000,0.00010
1,3,75,-1,2,0.0000000,0.00010
1,3,76,-1,2,0.0000000,0.00010
1,3,77,-1,2,0.0000000,0.00010
1,3,78,-1,2,0.0000000,0.00010
1,3,79,-1,2,0.0000000,0.00010
1,3,80,-1,2,0.0000000,0.00010
1,3,81,-1,2,0.0000000,0.00010
1,3,83,-1,2,0.0000000,0.00010
1,3,84,-1,2,0.0000000,0.00010
1,3,85,-1,2,0.0000000,0.00010
1,3,86,-1,2,0.0000000,0.00010
1,3,87,-1,2,0.0000000,0.00010
1,3,88,-1,2,0.0000000,0.00010
1,3,89,-1,2,0.0000000,0.00010
1,3,90,-1,2,0.0000000,0.00010
1,3,91,-1,2,0.0000000,0.00010
1,3,92,-1,2,0.0000000,0.00010
1,3,93,-1,2,0.0000000,0.00010
1,3,94,-1,2,0.0000000,0.00010
1,3,95,-1,2,0.0000000,0.00010
1,3,96,-1,2,0.0000000,0.00010
1,3,97,-1,2,0.0000000,0.00010
1,3,99,-1,2,0.0000000,0.00010
1,3,100,-1,2,0.0000000,0.00010
1,3,101,-1,2,0.0000000,0.00010
1,3,102,-1,2,0.0000000,0.00010
1,3,103,-1,2,0.0000000,0.00010
1,3,104,-1,2,0.0000000,0.00010
1,3,105,-1,2,0.0000000,0.00010
1,3,106,-1,2,0.0000000,0.00010
1,3,107,-1,2,0.0000000,0.00010
1,3,108,-1,2,0.0000000,0.00010
1,3,109,-1,2,0.0000000,0.00010
1,3,110,-1,2,0.0000000,0.00010
1,3,111,-1,2,0.0000000,0.00010
1,3,112,-1,2,0.0000000,0.00010
1,3,113,-1,2,0.0000000,0.00010
1,3,114,-1,2,0.0000000,0.00010
1,3,115,-1,2,0.0000000,0.00010
1,3,116,-1,2,0.0000000,0.00010
1,3,117,-1,2,0.0000000,0.00010
1,3,119,-1,2,0.0000000,0.00010
1,3,120,-1,2,0.0000000,0.00010
1,3,121,-1,2,0.0000000,0.00010
1,3,122,-1,2,0.0000000,0.00010
1,3,123,-1,2,0.0000000,0.00010
1,3,124,-1,2,0.0000000,0.00010
1,3,125,-1,2,0.0000000,0.00010
1,3,126,-1,2,0.0000000,0.00010
1,3,127,-1,2,0.0000000,0.00010
1,3,128,-1,2,0.0000000,0.00010
1,3,129,-1,2,0.0000000,0.00010
1,3,130,-1,2,0.0000000,0.00010
1,3,131,-1,2,0.0000000,0.00010
1,3,132,-1,2,0.0000000,0.00010
1,3,133,-1,2,0.0000000,0.00010
1,3,134,-1,2,0.0000000,0.00010
1,3,136,-1,2,0.0000000,0.00010
1,3,137,-1,2,0.0000000,0.00010
1,3,138,-1,2,0.0000000,0.00010
1,3,139,-1,2,0.0000000,0.00010
1,3,140,-1,2,0.0000000,0.00010
1,3,141,-1,2,0.0000000,0.00010
1,3,142,-1,2,0.0000000,0.00010
1,3,143,-1,2,0.0000000,0.00010
1,3,144,-1,2,0.0000000,0.00010
1,3,145,-1,2,0.0000000,0.00010
1,3,146,-1,2,0.0000000,0.00010
1,3,147,-1,2,0.0000000,0.00010
1,3,148,-1,2,0.0000000,0.00010
1,3,149,-1,2,0.0000000,0.00010
1,3,150,-1,2,0.0000000,0.00010
1,3,1119,-1,2,0.0000000,0.00010
1,3,1145,-1,2,0.0000000,0.00010
1,3,1146,-1,2,0.0000000,0.00010
1,3,1147,-1,2,0.0000000,0.00010
1,3,1148,-1,2,0.0000000,0.00010
1,3,1149,-1,2,0.0000000,0.00010
1,3,1150,-1,2,0.0000000,0.00010
1,3,1151,-1,2,0.0000000,0.00010
1,3,1152,-1,2,0.0000000,0.00010
1,3,1153,-1,2,0.0000000,0.00010
1,3,1154,-1,2,0.0000000,0.00010
1,3,1155,-1,2,0.0000000,0.00010
1,3,1156,-1,2,0.0000000,0.00010
1,3,1158,-1,2,0.0000000,0.00010
1,3,1159,-1,2,0.0000000,0.00010
1,3,1160,-1,2,0.0000000,0.00010
1,3,1161,-1,2,0.0000000,0.00010
1,3,1162,-1,2,0.0000000,0.00010
1,3,1163,-1,2,0.0000000,0.00010
1,3,1164,-1,2,0.0000000,0.00010
1,3,1165,-1,2,0.0000000,0.00010
1,3,1166,-1,2,0.0000000,0.00010
1,3,1167,-1,2,0.0000000,0.00010
1,3,1168,-1,2,0.0000000,0.00010
1,3,1169,-1,2,0.0000000,0.00010
1,3,1170,-1,2,0.0000000,0.00010
1,3,1171,-1,2,0.0000000,0.00010
1,3,1172,-1,2,0.0000000,0.00010
1,3,1173,-1,2,0.0000000,0.00010
1,3,1174,-1,2,0.0000000,0.00010
1,3,1175,-1,2,0.0000000,0.00010
1,3,1176,-1,2,0.0000000,0.00010
1,3,1177,-1,2,0.0000000,0.00010
1,3,1178,-1,2,0.0000000,0.00010
1,3,1179,-1,2,0.0000000,0.00010
1,3,1180,-1,2,0.0000000,0.00010
1,3,1181,-1,2,0.0000000,0.00010
1,3,1182,-1,2,0.0000000,0.00010
1,3,1183,-1,2,0.0000000,0.00010
1,3,1184,-1,2,0.0000000,0.00010
1,3,1185,-1,2,0.0000000,0.00010
1,3,1186,-1,2,0.0000000,0.00010
1,3,1187,-1,2,0.0000000,0.00010
1,3,1188,-1,2,0.0000000,0.00010
1,3,1189,-1,2,0.0000000,0.00010
1,3,1190,-1,2,0.0000000,0.00010
1,3,1191,-1,2,0.0000000,0.00010
1,3,1192,-1,2,0.0000000,0.00010
1,3,1196,-1,2,0.0000000,0.00010
1,3,1197,-1,2,0.0000000,0.00010
1,3,1201,-1,2,0.0000000,0.00010
1,3,1202,-1,2,0.0000000,0.00010
1,3,1207,-1,2,0.0000000,0.00010
1,3,1208,-1,2,0.0000000,0.00010
1,3,1209,-1,2,0.0000000,0.00010
1,3,1214,-1,2,0.0000000,0.00010
1,3,1215,-1,2,0.0000000,0.00010
1,3,1216,-1,2,0.0000000,0.00010
1,3,1221,-1,2,0.0000000,0.00010
1,3,1222,-1,2,0.0000000,0.00010
1,3,1223,-1,2,0.0000000,0.00010
1,3,1228,-1,2,0.0000000,0.00010
1,3,1229,-1,2,0.0000000,0.00010
1,3,1230,-1,2,0.0000000,0.00010
1,3,1234,-1,2,0.0000000,0.00010
1,3,1235,-1,2,0.0000000,0.00010
1,3,1238,-1,2,0.0000000,0.00010
1,3,1240,-1,2,0.0000000,0.00010
1,3,2,-1,3,0.0000000,0.00010
1,3,3,-1,3,0.0000000,0.00010
1,3,5,-1,3,0.0000000,0.00010
1,3,7,-1,3,0.0000000,0.00010
1,3,9,-1,3,0.0000000,0.00010
1,3,11,-1,3,0.0000000,0.00010
1,3,13,-1,3,0.0000000,0.00010
1,3,14,-1,3,0.0000000,0.00010
1,3,15,-1,3,0.0000000,0.00010
1,3,16,-1,3,0.0000000,0.00010
1,3,17,-1,3,0.0000000,0.00010
1,3,18,-1,3,0.0000000,0.00010
1,3,19,-1,3,0.0000000,0.00010
1,3,20,-1,3,0.0000000,0.00010
1,3,21,-1,3,0.0000000,0.00010
1,3,22,-1,3,0.0000000,0.00010
1,3,23,-1,3,0.0000000,0.00010
1,3,24,-1,3,0.0000000,0.00010
1,3,25,-1,3,0.0000000,0.00010
1,3,26,-1,3,0.0000000,0.00010
1,3,27,-1,3,0.0000000,0.00010
1,3,29,-1,3,0.0000000,0.00010
1,3,30,-1,3,0.0000000,0.00010
1,3,31,-1,3,0.0000000,0.00010
1,3,32,-1,3,0.0000000,0.00010
1,3,33,-1,3,0.0000000,0.00010
1,3,34,-1,3,0.0000000,0.00010
1,3,35,-1,3,0.0000000,0.00010
1,3,36,-1,3,0.0000000,0.00010
1,3,37,-1,3,0.0000000,0.00010
1,3,38,-1,3,0.0000000,0.00010
1,3,39,-1,3,0.0000000,0.00010
1,3,40,-1,3,0.0000000,0.00010
1,3,41,-1,3,0.0000000,0.00010
1,3,42,-1,3,0.0000000,0.00010
1,3,43,-1,3,0.0000000,0.00010
1,3,44,-1,3,0.0000000,0.00010
1,3,45,-1,3,0.0000000,0.00010
1,3,47,-1,3,0.0000000,0.00010
1,3,48,-1,3,0.0000000,0.00010
1,3,49,-1,3,0.0000000,0.00010
1,3,50,-1,3,0.0000000,0.00010
1,3,51,-1,3,0.0000000,0.00010
1,3,52,-1,3,0.0000000,0.00010
1,3,53,-1,3,0.0000000,0.00010
1,3,54,-1,3,0.0000000,0.00010
1,3,55,-1,3,0.0000000,0.00010
1,3,56,-1,3,0.0000000,0.00010
1,3,57,-1,3,0.0000000,0.00010
1,3,58,-1,3,0.0000000,0.00010
1,3,59,-1,3,0.0000000,0.00010
1,3,60,-1,3,0.0000000,0.00010
1,3,61,-1,3,0.0000000,0.00010
1,3,62,-1,3,0.0000000,0.00010
1,3,64,-1,3,0.0000000,0.00010
1,3,65,-1,3,0.0000000,0.00010
1,3,66,-1,3,0.0000000,0.00010
1,3,67,-1,3,0.0000000,0.00010
1,3,68,-1,3,0.0000000,0.00010
1,3,69,-1,3,0.0000000,0.00010
1,3,70,-1,3,0.0000000,0.00010
1,3,71,-1,3,0.0000000,0.00010
1,3,72,-1,3,0.0000000,0.00010
1,3,73,-1,3,0.0000000,0.00010
1,3,74,-1,3,0.0000000,0.00010
1,3,75,-1,3,0.0000000,0.00010
1,3,76,-1,3,0.0000000,0.00010
1,3,77,-1,3,0.0000000,0.00010
1,3,78,-1,3,0.0000000,0.00010
1,3,79,-1,3,0.0000000,0.00010
1,3,80,-1,3,0.0000000,0.00010
1,3,81,-1,3,0.0000000,0.00010
1,3,83,-1,3,0.0000000,0.00010
1,3,84,-1,3,0.0000000,0.00010
1,3,85,-1,3,0.0000000,0.00010
1,3,86,-1,3,0.0000000,0.00010
1,3,87,-1,3,0.0000000,0.00010
1,3,88,-1,3,0.0000000,0.00010
1,3,89,-1,3,0.0000000,0.00010
1,3,90,-1,3,0.0000000,0.00010
1,3,91,-1,3,0.0000000,0.00010
1,3,92,-1,3,0.0000000,0.00010
1,3,93,-1,3,0.0000000,0.00010
1,3,94,-1,3,0.0000000,0.00010
1,3,95,-1,3,0.0000000,0.00010
1,3,96,-1,3,0.0000000,0.00010
1,3,97,-1,3,0.0000000,0.00010
1,3,99,-1,3,0.0000000,0.00010
1,3,100,-1,3,0.0000000,0.00010
1,3,101,-1,3,0.0000000,0.00010
1,3,102,-1,3,0.0000000,0.00010
1,3,103,-1,3,0.0000000,0.00010
1,3,104,-1,3,0.0000000,0.00010
1,3,105,-1,3,0.0000000,0.00010
1,3,106,-1,3,0.0000000,0.00010
1,3,107,-1,3,0.0000000,0.00010
1,3,108,-1,3,0.0000000,0.00010
1,3,109,-1,3,0.0000000,0.00010
1,3,110,-1,3,0.0000000,0.00010
1,3,111,-1,3,0.0000000,0.00010
1,3,112,-1,3,0.0000000,0.00010
1,3,113,-1,3,0.0000000,0.00010
1,3,114,-1,3,0.0000000,0.00010
1,3,115,-1,3,0.0000000,0.00010
1,3,116,-1,3,0.0000000,0.00010
1,3,117,-1,3,0.0000000,0.00010
1,3,119,-1,3,0.0000000,0.00010
1,3,120,-1,3,0.0000000,0.00010
1,3,121,-1,3,0.0000000,0.00010
1,3,122,-1,3,0.0000000,0.00010
1,3,123,-1,3,0.0000000,0.00010
1,3,124,-1,3,0.0000000,0.00010
1,3,125,-1,3,0.0000000,0.00010
1,3,126,-1,3,0.0000000,0.00010
1,3,127,-1,3,0.0000000,0.00010
1,3,128,-1,3,0.0000000,0.00010
1,3,129,-1,3,0.0000000,0.00010
1,3,130,-1,3,0.0000000,0.00010
1,3,131,-1,3,0.0000000,0.00010
1,3,132,-1,3,0.0000000,0.00010
1,3,133,-1,3,0.0000000,0.00010
1,3,134,-1,3,0.0000000,0.00010
1,3,136,-1,3,0.0000000,0.00010
1,3,137,-1,3,0.0000000,0.00010
1,3,138,-1,3,0.0000000,0.00010
1,3,139,-1,3,0.0000000,0.00010
1,3,140,-1,3,0.0000000,0.00010
1,3,141,-1,3,0.0000000,0.00010
1,3,142,-1,3,0.0000000,0.00010
1,3,143,-1,3,0.0000000,0.00010
1,3,144,-1,3,0.0000000,0.00010
1,3,145,-1,3,0.0000000,0.00010
1,3,146,-1,3,0.0000000,0.00010
1,3,147,-1,3,0.0000000,0.00010
1,3,148,-1,3,0.0000000,0.00010
1,3,149,-1,3,0.0000000,0.00010
1,3,150,-1,3,0.0000000,0.00010
1,3,1119,-1,3,0.0000000,0.00010
1,3,1145,-1,3,0.0000000,0.00010
1,3,1146,-1,3,0.0000000,0.00010
1,3,1147,-1,3,0.0000000,0.00010
1,3,1148,-1,3,0.0000000,0.00010
1,3,1149,-1,3,0.0000000,0.00010
1,3,1150,-1,3,0.0000000,0.00010
1,3,1151,-1,3,0.0000000,0.00010
1,3,1152,-1,3,0.0000000,0.00010
1,3,1153,-1,3,0.0000000,0.00010
1,3,1154,-1,3,0.0000000,0.00010
1,3,1155,-1,3,0.0000000,0.00010
1,3,1156,-1,3,0.0000000,0.00010
1,3,1158,-1,3,0.0000000,0.00010
1,3,1159,-1,3,0.0000000,0.00010
1,3,1160,-1,3,0.0000000,0.00010
1,3,1161,-1,3,0.0000000,0.00010
1,3,1162,-1,3,0.0000000,0.00010
1,3,1163,-1,3,0.0000000,0.00010
1,3,1164,-1,3,0.0000000,0.00010
1,3,1165,-1,3,0.0000000,0.00010
1,3,1166,-1,3,0.0000000,0.00010
1,3,1167,-1,3,0.0000000,0.00010
1,3,1168,-1,3,0.0000000,0.00010
1,3,1169,-1,3,0.0000000,0.00010
1,3,1170,-1,3,0.0000000,0.00010
1,3,1171,-1,3,0.0000000,0.00010
1,3,1172,-1,3,0.0000000,0.00010
1,3,1173,-1,3,0.0000000,0.00010
1,3,1174,-1,3,0.0000000,0.00010
1,3,1175,-1,3,0.0000000,0.00010
1,3,1176,-1,3,0.0000000,0.00010
1,3,1177,-1,3,0.0000000,0.00010
1,3,1178,-1,3,0.0000000,0.00010
1,3,1179,-1,3,0.0000000,0.00010
1,3,1180,-1,3,0.0000000,0.00010
1,3,1181,-1,3,0.0000000,0.00010
1,3,1182,-1,3,0.0000000,0.00010
1,3,1183,-1,3,0.0000000,0.00010
1,3,1184,-1,3,0.0000000,0.00010
1,3,1185,-1,3,0.0000000,0.00010
1,3,1186,-1,3,0.0000000,0.00010
1,3,1187,-1,3,0.0000000,0.00010
1,3,1188,-1,3,0.0000000,0.00010
1,3,1189,-1,3,0.0000000,0.00010
1,3,1190,-1,3,0.0000000,0.00010
1,3,1191,-1,3,0.0000000,0.00010
1,3,1192,-1,3,0.0000000,0.00010
1,3,1196,-1,3,0.0000000,0.00010
1,3,1197,-1,3,0.0000000,0.00010
1,3,1201,-1,3,0.0000000,0.00010
1,3,1202,-1,3,0.0000000,0.00010
1,3,1207,-1,3,0.0000000,0.00010
1,3,1208,-1,3,0.0000000,0.00010
1,3,1209,-1,3,0.0000000,0.00010
1,3,1214,-1,3,0.0000000,0.00010
1,3,1215,-1,3,0.0000000,0.00010
1,3,1216,-1,3,0.0000000,0.00010
1,3,1221,-1,3,0.0000000,0.00010
1,3,1222,-1,3,0.0000000,0.00010
1,3,1223,-1,3,0.0000000,0.00010
1,3,1228,-1,3,0.0000000,0.00010
1,3,1229,-1,3,0.0000000,0.00010
1,3,1230,-1,3,0.0000000,0.00010
1,3,1234,-1,3,0.0000000,0.00010
1,3,1235,-1,3,0.0000000,0.00010
1,3,1238,-1,3,0.0000000,0.00010
1,3,1240,-1,3,0.0000000,0.00010
1,4,1,-1,1,139.42950000,0.010000000000
1,4,1,-1,2,139.42950000,0.010000000000
1,4,1,-1,3,139.42950000,0.010000000000
