1,0,1,2,1,14345.293344490001,0.020000000000
1,0,1,2,2,14152.652262269999,0.020000000000
1,0,1,2,3,14191.850499340000,0.020000000000
1,0,2,1,1,-14345.238460959999,0.020000000000
1,0,2,1,2,-14152.629385730001,0.020000000000
1,0,2,1,3,-14191.859520160000,0.020000000000
1,0,2,3,1,7142.304133160000,0.020000000000
1,0,2,3,2,7047.262585810000,0.020000000000
1,0,2,3,3,7068.109419690000,0.020000000000
1,0,2,7,1,7202.934327620000,0.020000000000
1,0,2,7,2,7105.366800010000,0.020000000000
1,0,2,7,3,7123.750100320000,0.020000000000
1,0,3,5,1,7142.290536950000,0.020000000000
1,0,3,5,2,7047.256919530000,0.020000000000
1,0,3,5,3,7068.111652870000,0.020000000000
1,0,5,11,1,1849.805589150000,0.020000000000
1,0,5,11,2,1805.359151070000,0.020000000000
1,0,5,11,3,1970.029534540000,0.020000000000
1,0,5,27,1,1686.680770670000,0.020000000000
1,0,5,27,2,1680.265824670000,0.020000000000
1,0,5,27,3,1672.352412170000,0.020000000000
1,0,5,44,1,3575.501432110000,0.020000000000
1,0,5,44,2,3531.434800550000,0.020000000000
1,0,5,44,3,4318.441423400000,0.020000000000
1,0,5,3,1,-7111.987791920000,0.020000000000
1,0,5,3,2,-7017.059776350000,0.020000000000
1,0,5,3,3,-7960.823370060000,0.020000000000
1,0,7,9,1,7202.920481620000,0.020000000000
1,0,7,9,2,7105.361027620000,0.020000000000
1,0,7,9,3,7123.752377510000,0.020000000000
1,0,9,81,1,1855.351829960000,0.020000000000
1,0,9,81,2,1869.105831930000,0.020000000000
1,0,9,81,3,1996.267013680000,0.020000000000
1,0,9,97,1,2016.377623570000,0.020000000000
1,0,9,97,2,1963.031901100000,0.020000000000
1,0,9,97,3,2604.263129840000,0.020000000000
1,0,9,116,1,3300.486032000000,0.020000000000
1,0,9,116,2,3242.377326060000,0.020000000000
1,0,9,116,3,4553.184924550000,0.020000000000
1,0,9,7,1,-7172.215485620000,0.020000000000
1,0,9,7,2,-7074.515059070000,0.020000000000
1,0,9,7,3,-9153.715068140000,0.020000000000
1,0,11,13,1,1849.745769680000,0.020000000000
1,0,11,13,2,1805.300771270000,0.020000000000
1,0,11,13,3,1969.967093700000,0.020000000000
1,0,27,29,1,1686.632696690000,0.020000000000
1,0,27,29,2,1680.216724740000,0.020000000000
1,0,27,29,3,1672.308676140000,0.020000000000
1,0,44,45,1,1865.343510840000,0.020000000000
1,0,44,45,2,1847.229673200000,0.020000000000
1,0,44,45,3,2493.725567940000,0.020000000000
1,0,44,62,1,1710.046504830000,0.020000000000
1,0,44,62,2,1684.096297680000,0.020000000000
1,0,44,62,3,1824.590154110000,0.020000000000
1,0,45,47,1,1865.313088930000,0.020000000000
1,0,45,47,2,1847.199562950000,0.020000000000
1,0,45,47,3,2493.686417940000,0.020000000000
1,0,62,64,1,1710.021104910000,0.020000000000
1,0,62,64,2,1684.071841740000,0.020000000000
1,0,62,64,3,1824.564081000000,0.020000000000
1,0,81,83,1,1855.292601630000,0.020000000000
1,0,81,83,2,1869.044450440000,0.020000000000
1,0,81,83,3,1996.213839850000,0.020000000000
1,0,97,99,1,2016.308780110000,0.020000000000
1,0,97,99,2,1962.964394260000,0.020000000000
1,0,97,99,3,2604.168741820000,0.020000000000
1,0,116,117,1,1566.312381660000,0.020000000000
1,0,116,117,2,1546.836633940000,0.020000000000
1,0,116,117,3,2570.972113990000,0.020000000000
1,0,116,134,1,1734.077381480000,0.020000000000
1,0,116,134,2,1695.447946480000,0.020000000000
1,0,116,134,3,1982.076572040000,0.020000000000
1,0,117,119,1,1566.290547490000,0.020000000000
1,0,117,119,2,1546.815173250000,0.020000000000
1,0,117,119,3,2570.931380200000,0.020000000000
1,0,134,136,1,1734.050971070000,0.020000000000
1,0,134,136,2,1695.422960230000,0.020000000000
1,0,134,136,3,1982.045247130000,0.020000000000
1,1,1,2,1,9778.787592540000,0.020000000000
1,1,1,2,2,9844.746748449999,0.020000000000
1,1,1,2,3,9644.935099410000,0.020000000000
1,1,2,1,1,-9778.454500190001,0.020000000000
1,1,2,1,2,-9844.436388540000,0.020000000000
1,1,2,1,3,-9644.609292740000,0.020000000000
1,1,2,3,1,4863.188927080000,0.020000000000
1,1,2,3,2,4894.028175620000,0.020000000000
1,1,2,3,3,4796.284308420000,0.020000000000
1,1,2,7,1,4915.265573040000,0.020000000000
1,1,2,7,2,4950.408212320000,0.020000000000
1,1,2,7,3,4848.324984890000,0.020000000000
1,1,3,5,1,4863.106412090000,0.020000000000
1,1,3,5,2,4893.951303220000,0.020000000000
1,1,3,5,3,4796.203569080000,0.020000000000
1,1,5,11,1,1205.064516520000,0.020000000000
1,1,5,11,2,1221.175503920000,0.020000000000
1,1,5,11,3,1094.048708980000,0.020000000000
1,1,5,27,1,1035.502853290000,0.020000000000
1,1,5,27,2,1082.479260810000,0.020000000000
1,1,5,27,3,871.533545990000,0.020000000000
1,1,5,44,1,2317.853132770000,0.020000000000
1,1,5,44,2,2289.927641320000,0.020000000000
1,1,5,44,3,1339.490781260000,0.020000000000
1,1,5,3,1,-4558.420502590000,0.020000000000
1,1,5,3,2,-4593.582406010000,0.020000000000
1,1,5,3,3,-3305.073036210000,0.020000000000
1,1,7,9,1,4915.181538610000,0.020000000000
1,1,7,9,2,4950.329901570000,0.020000000000
1,1,7,9,3,4848.242817590000,0.020000000000
1,1,9,81,1,1175.513809790000,0.020000000000
1,1,9,81,2,1224.233497910000,0.020000000000
1,1,9,81,3,579.358073340000,0.020000000000
1,1,9,97,1,1241.297537610000,0.020000000000
1,1,9,97,2,1280.209146320000,0.020000000000
1,1,9,97,3,943.655878210000,0.020000000000
1,1,9,116,1,2188.061960520000,0.020000000000
1,1,9,116,2,2140.030392560000,0.020000000000
1,1,9,116,3,1190.435587500000,0.020000000000
1,1,9,7,1,-4604.873308010000,0.020000000000
1,1,9,7,2,-4644.473036830000,0.020000000000
1,1,9,7,3,-2713.449539030000,0.020000000000
1,1,11,13,1,1205.033715660000,0.020000000000
1,1,11,13,2,1221.145364820000,0.020000000000
1,1,11,13,3,1094.016644490000,0.020000000000
1,1,27,29,1,1035.478098040000,0.020000000000
1,1,27,29,2,1082.453919340000,0.020000000000
1,1,27,29,3,871.511086490000,0.020000000000
1,1,44,45,1,1215.693030910000,0.020000000000
1,1,44,45,2,1220.478646360000,0.020000000000
1,1,44,45,3,384.774362640000,0.020000000000
1,1,44,62,1,1102.102726750000,0.020000000000
1,1,44,62,2,1069.392836040000,0.020000000000
1,1,44,62,3,954.651910040000,0.020000000000
1,1,45,47,1,1215.677362290000,0.020000000000
1,1,45,47,2,1220.463113840000,0.020000000000
1,1,45,47,3,384.754280860000,0.020000000000
1,1,62,64,1,1102.089649100000,0.020000000000
1,1,62,64,2,1069.380211460000,0.020000000000
1,1,62,64,3,954.638520630000,0.020000000000
1,1,81,83,1,1175.483305890000,0.020000000000
1,1,81,83,2,1224.201835280000,0.020000000000
1,1,81,83,3,579.330788740000,0.020000000000
1,1,97,99,1,1241.262085680000,0.020000000000
1,1,97,99,2,1280.174293040000,0.020000000000
1,1,97,99,3,943.607432130000,0.020000000000
1,1,116,117,1,1050.256314110000,0.020000000000
1,1,116,117,2,1049.143876440000,0.020000000000
1,1,116,117,3,111.473325730000,0.020000000000
1,1,116,134,1,1137.756070010000,0.020000000000
1,1,116,134,2,1090.838649180000,0.020000000000
1,1,116,134,3,1078.892354960000,0.020000000000
1,1,117,119,1,1050.245066840000,0.020000000000
1,1,117,119,2,1049.132806510000,0.020000000000
1,1,117,119,3,111.452435680000,0.020000000000
1,1,134,136,1,1137.742472640000,0.020000000000
1,1,134,136,2,1090.825747320000,0.020000000000
1,1,134,136,3,1078.876268660000,0.020000000000
1,2,1,-1,1,-14345.293344490001,0.020000000000
1,2,1,-1,2,-14152.652262269999,0.020000000000
1,2,1,-1,3,-14191.850499340000,0.020000000000
1,2,1001,-1,1,48.901000000000,0.300000000000
1,2,1001,-1,2,46.649000000000,0.300000000000
1,2,1001,-1,3,49.980000000000,0.300000000000
1,2,1002,-1,1,43.475000000000,0.300000000000
1,2,1002,-1,2,44.564000000000,0.300000000000
1,2,1002,-1,3,48.160000000000,0.300000000000
1,2,1003,-1,1,49.377000000000,0.300000000000
1,2,1003,-1,2,44.789000000000,0.300000000000
1,2,1003,-1,3,43.544000000000,0.300000000000
1,2,1005,-1,1,42.905000000000,0.300000000000
1,2,1005,-1,2,49.137000000000,0.300000000000
1,2,1005,-1,3,43.528000000000,0.300000000000
1,2,1006,-1,1,45.054000000000,0.300000000000
1,2,1006,-1,2,43.897000000000,0.300000000000
1,2,1006,-1,3,45.969000000000,0.300000000000
1,2,1007,-1,1,43.521000000000,0.300000000000
1,2,1007,-1,2,46.320000000000,0.300000000000
1,2,1007,-1,3,46.619000000000,0.300000000000
1,2,1008,-1,1,44.967000000000,0.300000000000
1,2,1008,-1,2,42.584000000000,0.300000000000
1,2,1008,-1,3,49.079000000000,0.300000000000
1,2,1010,-1,1,46.020000000000,0.300000000000
1,2,1010,-1,2,46.905000000000,0.300000000000
1,2,1010,-1,3,41.825000000000,0.300000000000
1,2,1011,-1,1,40.206000000000,0.300000000000
1,2,1011,-1,2,48.546000000000,0.300000000000
1,2,1011,-1,3,43.308000000000,0.300000000000
1,2,1012,-1,1,44.805000000000,0.300000000000
1,2,1012,-1,2,47.767000000000,0.300000000000
1,2,1012,-1,3,42.448000000000,0.300000000000
1,2,1013,-1,1,48.073000000000,0.300000000000
1,2,1013,-1,2,45.035000000000,0.300000000000
1,2,1013,-1,3,49.253000000000,0.300000000000
1,2,1015,-1,1,44.280000000000,0.300000000000
1,2,1015,-1,2,44.715000000000,0.300000000000
1,2,1015,-1,3,46.885000000000,0.300000000000
1,2,1016,-1,1,48.447000000000,0.300000000000
1,2,1016,-1,2,44.799000000000,0.300000000000
1,2,1016,-1,3,46.574000000000,0.300000000000
1,2,1017,-1,1,45.849000000000,0.300000000000
1,2,1017,-1,2,45.710000000000,0.300000000000
1,2,1017,-1,3,41.291000000000,0.300000000000
1,2,1018,-1,1,46.949000000000,0.300000000000
1,2,1018,-1,2,47.109000000000,0.300000000000
1,2,1018,-1,3,47.232000000000,0.300000000000
1,2,1020,-1,1,47.140000000000,0.300000000000
1,2,1020,-1,2,44.072000000000,0.300000000000
1,2,1020,-1,3,45.768000000000,0.300000000000
1,2,1021,-1,1,46.894000000000,0.300000000000
1,2,1021,-1,2,45.920000000000,0.300000000000
1,2,1021,-1,3,48.776000000000,0.300000000000
1,2,1022,-1,1,50.183000000000,0.300000000000
1,2,1022,-1,2,47.412000000000,0.300000000000
1,2,1022,-1,3,47.475000000000,0.300000000000
1,2,1023,-1,1,138.950000000000,0.300000000000
1,2,1023,-1,2,153.202000000000,0.300000000000
1,2,1023,-1,3,140.248000000000,0.300000000000
1,2,1024,-1,1,120.802000000000,0.300000000000
1,2,1024,-1,2,134.696000000000,0.300000000000
1,2,1024,-1,3,136.072000000000,0.300000000000
1,2,1025,-1,1,133.102000000000,0.300000000000
1,2,1025,-1,2,157.624000000000,0.300000000000
1,2,1025,-1,3,148.474000000000,0.300000000000
1,2,1026,-1,1,46.427000000000,0.300000000000
1,2,1026,-1,2,42.864000000000,0.300000000000
1,2,1026,-1,3,50.099000000000,0.300000000000
1,2,1031,-1,1,48.271000000000,0.300000000000
1,2,1031,-1,2,48.030000000000,0.300000000000
1,2,1031,-1,3,47.999000000000,0.300000000000
1,2,1032,-1,1,41.268000000000,0.300000000000
1,2,1032,-1,2,43.354000000000,0.300000000000
1,2,1032,-1,3,41.768000000000,0.300000000000
1,2,1037,-1,1,50.197000000000,0.300000000000
1,2,1037,-1,2,49.192000000000,0.300000000000
1,2,1037,-1,3,51.181000000000,0.300000000000
1,2,1038,-1,1,163.271000000000,0.300000000000
1,2,1038,-1,2,175.762000000000,0.300000000000
1,2,1038,-1,3,164.887000000000,0.300000000000
1,2,1039,-1,1,182.938000000000,0.300000000000
1,2,1039,-1,2,152.377000000000,0.300000000000
1,2,1039,-1,3,152.515000000000,0.300000000000
1,2,1040,-1,1,185.504000000000,0.300000000000
1,2,1040,-1,2,186.931000000000,0.300000000000
1,2,1040,-1,3,186.534000000000,0.300000000000
1,2,1041,-1,1,47.593000000000,0.300000000000
1,2,1041,-1,2,48.077000000000,0.300000000000
1,2,1041,-1,3,44.400000000000,0.300000000000
1,2,1042,-1,1,101.495000000000,0.300000000000
1,2,1042,-1,2,89.503000000000,0.300000000000
1,2,1042,-1,3,92.503000000000,0.300000000000
1,2,1043,-1,1,89.110000000000,0.300000000000
1,2,1043,-1,2,94.011000000000,0.300000000000
1,2,1043,-1,3,88.170000000000,0.300000000000
1,2,1046,-1,1,166.484000000000,0.300000000000
1,2,1046,-1,2,164.140000000000,0.300000000000
1,2,1046,-1,3,158.095000000000,0.300000000000
1,2,1047,-1,1,178.291000000000,0.300000000000
1,2,1047,-1,2,180.752000000000,0.300000000000
1,2,1047,-1,3,175.617000000000,0.300000000000
1,2,1048,-1,1,179.637000000000,0.300000000000
1,2,1048,-1,2,171.226000000000,0.300000000000
1,2,1048,-1,3,185.227000000000,0.300000000000
1,2,1051,-1,1,160.958000000000,0.300000000000
1,2,1051,-1,2,176.825000000000,0.300000000000
1,2,1051,-1,3,170.766000000000,0.300000000000
1,2,1052,-1,1,162.675000000000,0.300000000000
1,2,1052,-1,2,164.009000000000,0.300000000000
1,2,1052,-1,3,159.576000000000,0.300000000000
1,2,1053,-1,1,153.426000000000,0.300000000000
1,2,1053,-1,2,153.419000000000,0.300000000000
1,2,1053,-1,3,154.544000000000,0.300000000000
1,2,1056,-1,1,158.845000000000,0.300000000000
1,2,1056,-1,2,169.801000000000,0.300000000000
1,2,1056,-1,3,159.874000000000,0.300000000000
1,2,1057,-1,1,186.703000000000,0.300000000000
1,2,1057,-1,2,185.992000000000,0.300000000000
1,2,1057,-1,3,182.615000000000,0.300000000000
1,2,1058,-1,1,158.719000000000,0.300000000000
1,2,1058,-1,2,155.017000000000,0.300000000000
1,2,1058,-1,3,159.463000000000,0.300000000000
1,2,1061,-1,1,86.458000000000,0.300000000000
1,2,1061,-1,2,84.739000000000,0.300000000000
1,2,1061,-1,3,87.253000000000,0.300000000000
1,2,1062,-1,1,43.498000000000,0.300000000000
1,2,1062,-1,2,47.116000000000,0.300000000000
1,2,1062,-1,3,44.126000000000,0.300000000000
1,2,1063,-1,1,48.616000000000,0.300000000000
1,2,1063,-1,2,42.285000000000,0.300000000000
1,2,1063,-1,3,47.909000000000,0.300000000000
1,2,1064,-1,1,179.828000000000,0.300000000000
1,2,1064,-1,2,172.075000000000,0.300000000000
1,2,1064,-1,3,162.857000000000,0.300000000000
1,2,1065,-1,1,160.192000000000,0.300000000000
1,2,1065,-1,2,162.619000000000,0.300000000000
1,2,1065,-1,3,177.338000000000,0.300000000000
1,2,1066,-1,1,170.738000000000,0.300000000000
1,2,1066,-1,2,168.868000000000,0.300000000000
1,2,1066,-1,3,168.604000000000,0.300000000000
1,2,1067,-1,1,50.848000000000,0.300000000000
1,2,1067,-1,2,44.454000000000,0.300000000000
1,2,1067,-1,3,48.458000000000,0.300000000000
1,2,1072,-1,1,40.216000000000,0.300000000000
1,2,1072,-1,2,42.455000000000,0.300000000000
1,2,1072,-1,3,46.359000000000,0.300000000000
1,2,1073,-1,1,46.675000000000,0.300000000000
1,2,1073,-1,2,44.852000000000,0.300000000000
1,2,1073,-1,3,43.573000000000,0.300000000000
1,2,1078,-1,1,48.193000000000,0.300000000000
1,2,1078,-1,2,47.474000000000,0.300000000000
1,2,1078,-1,3,46.233000000000,0.300000000000
1,2,1079,-1,1,131.245000000000,0.300000000000
1,2,1079,-1,2,126.313000000000,0.300000000000
1,2,1079,-1,3,133.411000000000,0.300000000000
1,2,1080,-1,1,157.568000000000,0.300000000000
1,2,1080,-1,2,163.305000000000,0.300000000000
1,2,1080,-1,3,160.786000000000,0.300000000000
1,2,1081,-1,1,206.295000000000,0.300000000000
1,2,1081,-1,2,201.361000000000,0.300000000000
1,2,1081,-1,3,182.184000000000,0.300000000000
1,2,1082,-1,1,49.354000000000,0.300000000000
1,2,1082,-1,2,46.187000000000,0.300000000000
1,2,1082,-1,3,45.649000000000,0.300000000000
1,2,1083,-1,1,48.740000000000,0.300000000000
1,2,1083,-1,2,49.416000000000,0.300000000000
1,2,1083,-1,3,43.635000000000,0.300000000000
1,2,1084,-1,1,129.957000000000,0.300000000000
1,2,1084,-1,2,138.429000000000,0.300000000000
1,2,1084,-1,3,153.804000000000,0.300000000000
1,2,1087,-1,1,134.917000000000,0.300000000000
1,2,1087,-1,2,125.056000000000,0.300000000000
1,2,1087,-1,3,119.848000000000,0.300000000000
1,2,1088,-1,1,186.039000000000,0.300000000000
1,2,1088,-1,2,184.316000000000,0.300000000000
1,2,1088,-1,3,191.654000000000,0.300000000000
1,2,1089,-1,1,160.439000000000,0.300000000000
1,2,1089,-1,2,167.107000000000,0.300000000000
1,2,1089,-1,3,163.124000000000,0.300000000000
1,2,1092,-1,1,170.873000000000,0.300000000000
1,2,1092,-1,2,161.324000000000,0.300000000000
1,2,1092,-1,3,157.953000000000,0.300000000000
1,2,1093,-1,1,153.915000000000,0.300000000000
1,2,1093,-1,2,161.412000000000,0.300000000000
1,2,1093,-1,3,153.962000000000,0.300000000000
1,2,1094,-1,1,159.067000000000,0.300000000000
1,2,1094,-1,2,156.617000000000,0.300000000000
1,2,1094,-1,3,152.836000000000,0.300000000000
1,2,1097,-1,1,113.283000000000,0.300000000000
1,2,1097,-1,2,118.323000000000,0.300000000000
1,2,1097,-1,3,103.934000000000,0.300000000000
1,2,1098,-1,1,128.631000000000,0.300000000000
1,2,1098,-1,2,123.562000000000,0.300000000000
1,2,1098,-1,3,127.208000000000,0.300000000000
1,2,1099,-1,1,125.719000000000,0.300000000000
1,2,1099,-1,2,111.106000000000,0.300000000000
1,2,1099,-1,3,116.755000000000,0.300000000000
1,2,1102,-1,1,96.504000000000,0.300000000000
1,2,1102,-1,2,94.258000000000,0.300000000000
1,2,1102,-1,3,93.148000000000,0.300000000000
1,2,1103,-1,1,42.493000000000,0.300000000000
1,2,1103,-1,2,46.782000000000,0.300000000000
1,2,1103,-1,3,47.875000000000,0.300000000000
1,2,1104,-1,1,44.943000000000,0.300000000000
1,2,1104,-1,2,43.529000000000,0.300000000000
1,2,1104,-1,3,43.158000000000,0.300000000000
1,2,1105,-1,1,142.644000000000,0.300000000000
1,2,1105,-1,2,129.551000000000,0.300000000000
1,2,1105,-1,3,124.675000000000,0.300000000000
1,2,1106,-1,1,162.421000000000,0.300000000000
1,2,1106,-1,2,169.006000000000,0.300000000000
1,2,1106,-1,3,157.053000000000,0.300000000000
1,2,1107,-1,1,161.623000000000,0.300000000000
1,2,1107,-1,2,169.669000000000,0.300000000000
1,2,1107,-1,3,163.078000000000,0.300000000000
1,2,1108,-1,1,47.728000000000,0.300000000000
1,2,1108,-1,2,45.347000000000,0.300000000000
1,2,1108,-1,3,43.445000000000,0.300000000000
1,2,1113,-1,1,44.240000000000,0.300000000000
1,2,1113,-1,2,45.100000000000,0.300000000000
1,2,1113,-1,3,44.660000000000,0.300000000000
1,2,1114,-1,1,42.754000000000,0.300000000000
1,2,1114,-1,2,48.755000000000,0.300000000000
1,2,1114,-1,3,48.191000000000,0.300000000000
1,2,1120,-1,1,140.220000000000,0.300000000000
1,2,1120,-1,2,131.408000000000,0.300000000000
1,2,1120,-1,3,130.022000000000,0.300000000000
1,2,1121,-1,1,143.491000000000,0.300000000000
1,2,1121,-1,2,128.498000000000,0.300000000000
1,2,1121,-1,3,130.141000000000,0.300000000000
1,2,1122,-1,1,149.667000000000,0.300000000000
1,2,1122,-1,2,146.526000000000,0.300000000000
1,2,1122,-1,3,148.157000000000,0.300000000000
1,2,1123,-1,1,46.817000000000,0.300000000000
1,2,1123,-1,2,50.017000000000,0.300000000000
1,2,1123,-1,3,52.556000000000,0.300000000000
1,2,1124,-1,1,49.929000000000,0.300000000000
1,2,1124,-1,2,43.475000000000,0.300000000000
1,2,1124,-1,3,44.686000000000,0.300000000000
1,2,1125,-1,1,43.346000000000,0.300000000000
1,2,1125,-1,2,41.704000000000,0.300000000000
1,2,1125,-1,3,44.390000000000,0.300000000000
1,2,1127,-1,1,51.000000000000,0.300000000000
1,2,1127,-1,2,46.878000000000,0.300000000000
1,2,1127,-1,3,44.432000000000,0.300000000000
1,2,1128,-1,1,45.486000000000,0.300000000000
1,2,1128,-1,2,43.206000000000,0.300000000000
1,2,1128,-1,3,48.398000000000,0.300000000000
1,2,1129,-1,1,40.016000000000,0.300000000000
1,2,1129,-1,2,49.411000000000,0.300000000000
1,2,1129,-1,3,46.413000000000,0.300000000000
1,2,1130,-1,1,51.144000000000,0.300000000000
1,2,1130,-1,2,49.417000000000,0.300000000000
1,2,1130,-1,3,48.148000000000,0.300000000000
1,2,1132,-1,1,52.315000000000,0.300000000000
1,2,1132,-1,2,41.958000000000,0.300000000000
1,2,1132,-1,3,47.767000000000,0.300000000000
1,2,1133,-1,1,48.280000000000,0.300000000000
1,2,1133,-1,2,44.244000000000,0.300000000000
1,2,1133,-1,3,43.486000000000,0.300000000000
1,2,1134,-1,1,47.269000000000,0.300000000000
1,2,1134,-1,2,50.538000000000,0.300000000000
1,2,1134,-1,3,51.283000000000,0.300000000000
1,2,1135,-1,1,48.492000000000,0.300000000000
1,2,1135,-1,2,47.411000000000,0.300000000000
1,2,1135,-1,3,47.757000000000,0.300000000000
1,2,1137,-1,1,41.219000000000,0.300000000000
1,2,1137,-1,2,47.050000000000,0.300000000000
1,2,1137,-1,3,42.291000000000,0.300000000000
1,2,1138,-1,1,48.172000000000,0.300000000000
1,2,1138,-1,2,42.620000000000,0.300000000000
1,2,1138,-1,3,43.428000000000,0.300000000000
1,2,1139,-1,1,45.941000000000,0.300000000000
1,2,1139,-1,2,49.761000000000,0.300000000000
1,2,1139,-1,3,50.488000000000,0.300000000000
1,2,1140,-1,1,43.789000000000,0.300000000000
1,2,1140,-1,2,43.966000000000,0.300000000000
1,2,1140,-1,3,45.195000000000,0.300000000000
1,2,1142,-1,1,49.650000000000,0.300000000000
1,2,1142,-1,2,43.728000000000,0.300000000000
1,2,1142,-1,3,49.312000000000,0.300000000000
1,2,1143,-1,1,43.962000000000,0.300000000000
1,2,1143,-1,2,50.533000000000,0.300000000000
1,2,1143,-1,3,47.036000000000,0.300000000000
1,2,1144,-1,1,41.917000000000,0.300000000000
1,2,1144,-1,2,50.082000000000,0.300000000000
1,2,1144,-1,3,46.402000000000,0.300000000000
1,2,1193,-1,1,457.757000000000,0.300000000000
1,2,1193,-1,2,537.388000000000,0.300000000000
1,2,1193,-1,3,466.779000000000,0.300000000000
1,2,1198,-1,1,275.677000000000,0.300000000000
1,2,1198,-1,2,291.196000000000,0.300000000000
1,2,1198,-1,3,301.280000000000,0.300000000000
1,2,1203,-1,1,812.866000000000,0.300000000000
1,2,1203,-1,2,730.003000000000,0.300000000000
1,2,1203,-1,3,732.046000000000,0.300000000000
1,2,1210,-1,1,907.061000000000,0.300000000000
1,2,1210,-1,2,899.178000000000,0.300000000000
1,2,1210,-1,3,897.367000000000,0.300000000000
1,2,1217,-1,1,983.776000000000,0.300000000000
1,2,1217,-1,2,939.490000000000,0.300000000000
1,2,1217,-1,3,937.103000000000,0.300000000000
1,2,1224,-1,1,1016.648000000000,0.300000000000
1,2,1224,-1,2,979.874000000000,0.300000000000
1,2,1224,-1,3,883.202000000000,0.300000000000
1,2,1231,-1,1,146.042000000000,0.300000000000
1,2,1231,-1,2,130.956000000000,0.300000000000
1,2,1231,-1,3,149.152000000000,0.300000000000
1,2,1236,-1,1,884.114000000000,0.300000000000
1,2,1236,-1,2,943.664000000000,0.300000000000
1,2,1236,-1,3,876.219000000000,0.300000000000
1,2,2,-1,1,0.000000000000,0.000100000000
1,2,2,-1,2,0.000000000000,0.000100000000
1,2,2,-1,3,0.000000000000,0.000100000000
1,2,3,-1,1,0.000000000000,0.000100000000
1,2,3,-1,2,0.000000000000,0.000100000000
1,2,3,-1,3,0.000000000000,0.000100000000
1,2,5,-1,1,0.000000000000,0.000100000000
1,2,5,-1,2,0.000000000000,0.000100000000
1,2,5,-1,3,0.000000000000,0.000100000000
1,2,7,-1,1,0.000000000000,0.000100000000
1,2,7,-1,2,0.000000000000,0.000100000000
1,2,7,-1,3,0.000000000000,0.000100000000
1,2,9,-1,1,0.000000000000,0.000100000000
1,2,9,-1,2,0.000000000000,0.000100000000
1,2,9,-1,3,0.000000000000,0.000100000000
1,2,11,-1,1,0.000000000000,0.000100000000
1,2,11,-1,2,0.000000000000,0.000100000000
1,2,11,-1,3,0.000000000000,0.000100000000
1,2,13,-1,1,0.000000000000,0.000100000000
1,2,13,-1,2,0.000000000000,0.000100000000
1,2,13,-1,3,0.000000000000,0.000100000000
1,2,14,-1,1,0.000000000000,0.000100000000
1,2,14,-1,2,0.000000000000,0.000100000000
1,2,14,-1,3,0.000000000000,0.000100000000
1,2,15,-1,1,0.000000000000,0.000100000000
1,2,15,-1,2,0.000000000000,0.000100000000
1,2,15,-1,3,0.000000000000,0.000100000000
1,2,16,-1,1,0.000000000000,0.000100000000
1,2,16,-1,2,0.000000000000,0.000100000000
1,2,16,-1,3,0.000000000000,0.000100000000
1,2,17,-1,1,0.000000000000,0.000100000000
1,2,17,-1,2,0.000000000000,0.000100000000
1,2,17,-1,3,0.000000000000,0.000100000000
1,2,18,-1,1,0.000000000000,0.000100000000
1,2,18,-1,2,0.000000000000,0.000100000000
1,2,18,-1,3,0.000000000000,0.000100000000
1,2,19,-1,1,0.000000000000,0.000100000000
1,2,19,-1,2,0.000000000000,0.000100000000
1,2,19,-1,3,0.000000000000,0.000100000000
1,2,20,-1,1,0.000000000000,0.000100000000
1,2,20,-1,2,0.000000000000,0.000100000000
1,2,20,-1,3,0.000000000000,0.000100000000
1,2,21,-1,1,0.000000000000,0.000100000000
1,2,21,-1,2,0.000000000000,0.000100000000
1,2,21,-1,3,0.000000000000,0.000100000000
1,2,22,-1,1,0.000000000000,0.000100000000
1,2,22,-1,2,0.000000000000,0.000100000000
1,2,22,-1,3,0.000000000000,0.000100000000
1,2,23,-1,1,0.000000000000,0.000100000000
1,2,23,-1,2,0.000000000000,0.000100000000
1,2,23,-1,3,0.000000000000,0.000100000000
1,2,24,-1,1,0.000000000000,0.000100000000
1,2,24,-1,2,0.000000000000,0.000100000000
1,2,24,-1,3,0.000000000000,0.000100000000
1,2,25,-1,1,0.000000000000,0.000100000000
1,2,25,-1,2,0.000000000000,0.000100000000
1,2,25,-1,3,0.000000000000,0.000100000000
1,2,26,-1,1,0.000000000000,0.000100000000
1,2,26,-1,2,0.000000000000,0.000100000000
1,2,26,-1,3,0.000000000000,0.000100000000
1,2,27,-1,1,0.000000000000,0.000100000000
1,2,27,-1,2,0.000000000000,0.000100000000
1,2,27,-1,3,0.000000000000,0.000100000000
1,2,29,-1,1,0.000000000000,0.000100000000
1,2,29,-1,2,0.000000000000,0.000100000000
1,2,29,-1,3,0.000000000000,0.000100000000
1,2,30,-1,1,0.000000000000,0.000100000000
1,2,30,-1,2,0.000000000000,0.000100000000
1,2,30,-1,3,0.000000000000,0.000100000000
1,2,31,-1,1,0.000000000000,0.000100000000
1,2,31,-1,2,0.000000000000,0.000100000000
1,2,31,-1,3,0.000000000000,0.000100000000
1,2,32,-1,1,0.000000000000,0.000100000000
1,2,32,-1,2,0.000000000000,0.000100000000
1,2,32,-1,3,0.000000000000,0.000100000000
1,2,33,-1,1,0.000000000000,0.000100000000
1,2,33,-1,2,0.000000000000,0.000100000000
1,2,33,-1,3,0.000000000000,0.000100000000
1,2,34,-1,1,0.000000000000,0.000100000000
1,2,34,-1,2,0.000000000000,0.000100000000
1,2,34,-1,3,0.000000000000,0.000100000000
1,2,35,-1,1,0.000000000000,0.000100000000
1,2,35,-1,2,0.000000000000,0.000100000000
1,2,35,-1,3,0.000000000000,0.000100000000
1,2,36,-1,1,0.000000000000,0.000100000000
1,2,36,-1,2,0.000000000000,0.000100000000
1,2,36,-1,3,0.000000000000,0.000100000000
1,2,37,-1,1,0.000000000000,0.000100000000
1,2,37,-1,2,0.000000000000,0.000100000000
1,2,37,-1,3,0.000000000000,0.000100000000
1,2,38,-1,1,0.000000000000,0.000100000000
1,2,38,-1,2,0.000000000000,0.000100000000
1,2,38,-1,3,0.000000000000,0.000100000000
1,2,39,-1,1,0.000000000000,0.000100000000
1,2,39,-1,2,0.000000000000,0.000100000000
1,2,39,-1,3,0.000000000000,0.000100000000
1,2,40,-1,1,0.000000000000,0.000100000000
1,2,40,-1,2,0.000000000000,0.000100000000
1,2,40,-1,3,0.000000000000,0.000100000000
1,2,41,-1,1,0.000000000000,0.000100000000
1,2,41,-1,2,0.000000000000,0.000100000000
1,2,41,-1,3,0.000000000000,0.000100000000
1,2,42,-1,1,0.000000000000,0.000100000000
1,2,42,-1,2,0.000000000000,0.000100000000
1,2,42,-1,3,0.000000000000,0.000100000000
1,2,43,-1,1,0.000000000000,0.000100000000
1,2,43,-1,2,0.000000000000,0.000100000000
1,2,43,-1,3,0.000000000000,0.000100000000
1,2,44,-1,1,0.000000000000,0.000100000000
1,2,44,-1,2,0.000000000000,0.000100000000
1,2,44,-1,3,0.000000000000,0.000100000000
1,2,45,-1,1,0.000000000000,0.000100000000
1,2,45,-1,2,0.000000000000,0.000100000000
1,2,45,-1,3,0.000000000000,0.000100000000
1,2,47,-1,1,0.000000000000,0.000100000000
1,2,47,-1,2,0.000000000000,0.000100000000
1,2,47,-1,3,0.000000000000,0.000100000000
1,2,48,-1,1,0.000000000000,0.000100000000
1,2,48,-1,2,0.000000000000,0.000100000000
1,2,48,-1,3,0.000000000000,0.000100000000
1,2,49,-1,1,0.000000000000,0.000100000000
1,2,49,-1,2,0.000000000000,0.000100000000
1,2,49,-1,3,0.000000000000,0.000100000000
1,2,50,-1,1,0.000000000000,0.000100000000
1,2,50,-1,2,0.000000000000,0.000100000000
1,2,50,-1,3,0.000000000000,0.000100000000
1,2,51,-1,1,0.000000000000,0.000100000000
1,2,51,-1,2,0.000000000000,0.000100000000
1,2,51,-1,3,0.000000000000,0.000100000000
1,2,52,-1,1,0.000000000000,0.000100000000
1,2,52,-1,2,0.000000000000,0.000100000000
1,2,52,-1,3,0.000000000000,0.000100000000
1,2,53,-1,1,0.000000000000,0.000100000000
1,2,53,-1,2,0.000000000000,0.000100000000
1,2,53,-1,3,0.000000000000,0.000100000000
1,2,54,-1,1,0.000000000000,0.000100000000
1,2,54,-1,2,0.000000000000,0.000100000000
1,2,54,-1,3,0.000000000000,0.000100000000
1,2,55,-1,1,0.000000000000,0.000100000000
1,2,55,-1,2,0.000000000000,0.000100000000
1,2,55,-1,3,0.000000000000,0.000100000000
1,2,56,-1,1,0.000000000000,0.000100000000
1,2,56,-1,2,0.000000000000,0.000100000000
1,2,56,-1,3,0.000000000000,0.000100000000
1,2,57,-1,1,0.000000000000,0.000100000000
1,2,57,-1,2,0.000000000000,0.000100000000
1,2,57,-1,3,0.000000000000,0.000100000000
1,2,58,-1,1,0.000000000000,0.000100000000
1,2,58,-1,2,0.000000000000,0.000100000000
1,2,58,-1,3,0.000000000000,0.000100000000
1,2,59,-1,1,0.000000000000,0.000100000000
1,2,59,-1,2,0.000000000000,0.000100000000
1,2,59,-1,3,0.000000000000,0.000100000000
1,2,60,-1,1,0.000000000000,0.000100000000
1,2,60,-1,2,0.000000000000,0.000100000000
1,2,60,-1,3,0.000000000000,0.000100000000
1,2,61,-1,1,0.000000000000,0.000100000000
1,2,61,-1,2,0.000000000000,0.000100000000
1,2,61,-1,3,0.000000000000,0.000100000000
1,2,62,-1,1,0.000000000000,0.000100000000
1,2,62,-1,2,0.000000000000,0.000100000000
1,2,62,-1,3,0.000000000000,0.000100000000
1,2,64,-1,1,0.000000000000,0.000100000000
1,2,64,-1,2,0.000000000000,0.000100000000
1,2,64,-1,3,0.000000000000,0.000100000000
1,2,65,-1,1,0.000000000000,0.000100000000
1,2,65,-1,2,0.000000000000,0.000100000000
1,2,65,-1,3,0.000000000000,0.000100000000
1,2,66,-1,1,0.000000000000,0.000100000000
1,2,66,-1,2,0.000000000000,0.000100000000
1,2,66,-1,3,0.000000000000,0.000100000000
1,2,67,-1,1,0.000000000000,0.000100000000
1,2,67,-1,2,0.000000000000,0.000100000000
1,2,67,-1,3,0.000000000000,0.000100000000
1,2,68,-1,1,0.000000000000,0.000100000000
1,2,68,-1,2,0.000000000000,0.000100000000
1,2,68,-1,3,0.000000000000,0.000100000000
1,2,69,-1,1,0.000000000000,0.000100000000
1,2,69,-1,2,0.000000000000,0.000100000000
1,2,69,-1,3,0.000000000000,0.000100000000
1,2,70,-1,1,0.000000000000,0.000100000000
1,2,70,-1,2,0.000000000000,0.000100000000
1,2,70,-1,3,0.000000000000,0.000100000000
1,2,71,-1,1,0.000000000000,0.000100000000
1,2,71,-1,2,0.000000000000,0.000100000000
1,2,71,-1,3,0.000000000000,0.000100000000
1,2,72,-1,1,0.000000000000,0.000100000000
1,2,72,-1,2,0.000000000000,0.000100000000
1,2,72,-1,3,0.000000000000,0.000100000000
1,2,73,-1,1,0.000000000000,0.000100000000
1,2,73,-1,2,0.000000000000,0.000100000000
1,2,73,-1,3,0.000000000000,0.000100000000
1,2,74,-1,1,0.000000000000,0.000100000000
1,2,74,-1,2,0.000000000000,0.000100000000
1,2,74,-1,3,0.000000000000,0.000100000000
1,2,75,-1,1,0.000000000000,0.000100000000
1,2,75,-1,2,0.000000000000,0.000100000000
1,2,75,-1,3,0.000000000000,0.000100000000
1,2,76,-1,1,0.000000000000,0.000100000000
1,2,76,-1,2,0.000000000000,0.000100000000
1,2,76,-1,3,0.000000000000,0.000100000000
1,2,77,-1,1,0.000000000000,0.000100000000
1,2,77,-1,2,0.000000000000,0.000100000000
1,2,77,-1,3,0.000000000000,0.000100000000
1,2,78,-1,1,0.000000000000,0.000100000000
1,2,78,-1,2,0.000000000000,0.000100000000
1,2,78,-1,3,0.000000000000,0.000100000000
1,2,79,-1,1,0.000000000000,0.000100000000
1,2,79,-1,2,0.000000000000,0.000100000000
1,2,79,-1,3,0.000000000000,0.000100000000
1,2,80,-1,1,0.000000000000,0.000100000000
1,2,80,-1,2,0.000000000000,0.000100000000
1,2,80,-1,3,0.000000000000,0.000100000000
1,2,81,-1,1,0.000000000000,0.000100000000
1,2,81,-1,2,0.000000000000,0.000100000000
1,2,81,-1,3,0.000000000000,0.000100000000
1,2,83,-1,1,0.000000000000,0.000100000000
1,2,83,-1,2,0.000000000000,0.000100000000
1,2,83,-1,3,0.000000000000,0.000100000000
1,2,84,-1,1,0.000000000000,0.000100000000
1,2,84,-1,2,0.000000000000,0.000100000000
1,2,84,-1,3,0.000000000000,0.000100000000
1,2,85,-1,1,0.000000000000,0.000100000000
1,2,85,-1,2,0.000000000000,0.000100000000
1,2,85,-1,3,0.000000000000,0.000100000000
1,2,86,-1,1,0.000000000000,0.000100000000
1,2,86,-1,2,0.000000000000,0.000100000000
1,2,86,-1,3,0.000000000000,0.000100000000
1,2,87,-1,1,0.000000000000,0.000100000000
1,2,87,-1,2,0.000000000000,0.000100000000
1,2,87,-1,3,0.000000000000,0.000100000000
1,2,88,-1,1,0.000000000000,0.000100000000
1,2,88,-1,2,0.000000000000,0.000100000000
1,2,88,-1,3,0.000000000000,0.000100000000
1,2,89,-1,1,0.000000000000,0.000100000000
1,2,89,-1,2,0.000000000000,0.000100000000
1,2,89,-1,3,0.000000000000,0.000100000000
1,2,90,-1,1,0.000000000000,0.000100000000
1,2,90,-1,2,0.000000000000,0.000100000000
1,2,90,-1,3,0.000000000000,0.000100000000
1,2,91,-1,1,0.000000000000,0.000100000000
1,2,91,-1,2,0.000000000000,0.000100000000
1,2,91,-1,3,0.000000000000,0.000100000000
1,2,92,-1,1,0.000000000000,0.000100000000
1,2,92,-1,2,0.000000000000,0.000100000000
1,2,92,-1,3,0.000000000000,0.000100000000
1,2,93,-1,1,0.000000000000,0.000100000000
1,2,93,-1,2,0.000000000000,0.000100000000
1,2,93,-1,3,0.000000000000,0.000100000000
1,2,94,-1,1,0.000000000000,0.000100000000
1,2,94,-1,2,0.000000000000,0.000100000000
1,2,94,-1,3,0.000000000000,0.000100000000
1,2,95,-1,1,0.000000000000,0.000100000000
1,2,95,-1,2,0.000000000000,0.000100000000
1,2,95,-1,3,0.000000000000,0.000100000000
1,2,96,-1,1,0.000000000000,0.000100000000
1,2,96,-1,2,0.000000000000,0.000100000000
1,2,96,-1,3,0.000000000000,0.000100000000
1,2,97,-1,1,0.000000000000,0.000100000000
1,2,97,-1,2,0.000000000000,0.000100000000
1,2,97,-1,3,0.000000000000,0.000100000000
1,2,99,-1,1,0.000000000000,0.000100000000
1,2,99,-1,2,0.000000000000,0.000100000000
1,2,99,-1,3,0.000000000000,0.000100000000
1,2,100,-1,1,0.000000000000,0.000100000000
1,2,100,-1,2,0.000000000000,0.000100000000
1,2,100,-1,3,0.000000000000,0.000100000000
1,2,101,-1,1,0.000000000000,0.000100000000
1,2,101,-1,2,0.000000000000,0.000100000000
1,2,101,-1,3,0.000000000000,0.000100000000
1,2,102,-1,1,0.000000000000,0.000100000000
1,2,102,-1,2,0.000000000000,0.000100000000
1,2,102,-1,3,0.000000000000,0.000100000000
1,2,103,-1,1,0.000000000000,0.000100000000
1,2,103,-1,2,0.000000000000,0.000100000000
1,2,103,-1,3,0.000000000000,0.000100000000
1,2,104,-1,1,0.000000000000,0.000100000000
1,2,104,-1,2,0.000000000000,0.000100000000
1,2,104,-1,3,0.000000000000,0.000100000000
1,2,105,-1,1,0.000000000000,0.000100000000
1,2,105,-1,2,0.000000000000,0.000100000000
1,2,105,-1,3,0.000000000000,0.000100000000
1,2,106,-1,1,0.000000000000,0.000100000000
1,2,106,-1,2,0.000000000000,0.000100000000
1,2,106,-1,3,0.000000000000,0.000100000000
1,2,107,-1,1,0.000000000000,0.000100000000
1,2,107,-1,2,0.000000000000,0.000100000000
1,2,107,-1,3,0.000000000000,0.000100000000
1,2,108,-1,1,0.000000000000,0.000100000000
1,2,108,-1,2,0.000000000000,0.000100000000
1,2,108,-1,3,0.000000000000,0.000100000000
1,2,109,-1,1,0.000000000000,0.000100000000
1,2,109,-1,2,0.000000000000,0.000100000000
1,2,109,-1,3,0.000000000000,0.000100000000
1,2,110,-1,1,0.000000000000,0.000100000000
1,2,110,-1,2,0.000000000000,0.000100000000
1,2,110,-1,3,0.000000000000,0.000100000000
1,2,111,-1,1,0.000000000000,0.000100000000
1,2,111,-1,2,0.000000000000,0.000100000000
1,2,111,-1,3,0.000000000000,0.000100000000
1,2,112,-1,1,0.000000000000,0.000100000000
1,2,112,-1,2,0.000000000000,0.000100000000
1,2,112,-1,3,0.000000000000,0.000100000000
1,2,113,-1,1,0.000000000000,0.000100000000
1,2,113,-1,2,0.000000000000,0.000100000000
1,2,113,-1,3,0.000000000000,0.000100000000
1,2,114,-1,1,0.000000000000,0.000100000000
1,2,114,-1,2,0.000000000000,0.000100000000
1,2,114,-1,3,0.000000000000,0.000100000000
1,2,115,-1,1,0.000000000000,0.000100000000
1,2,115,-1,2,0.000000000000,0.000100000000
1,2,115,-1,3,0.000000000000,0.000100000000
1,2,116,-1,1,0.000000000000,0.000100000000
1,2,116,-1,2,0.000000000000,0.000100000000
1,2,116,-1,3,0.000000000000,0.000100000000
1,2,117,-1,1,0.000000000000,0.000100000000
1,2,117,-1,2,0.000000000000,0.000100000000
1,2,117,-1,3,0.000000000000,0.000100000000
1,2,119,-1,1,0.000000000000,0.000100000000
1,2,119,-1,2,0.000000000000,0.000100000000
1,2,119,-1,3,0.000000000000,0.000100000000
1,2,120,-1,1,0.000000000000,0.000100000000
1,2,120,-1,2,0.000000000000,0.000100000000
1,2,120,-1,3,0.000000000000,0.000100000000
1,2,121,-1,1,0.000000000000,0.000100000000
1,2,121,-1,2,0.000000000000,0.000100000000
1,2,121,-1,3,0.000000000000,0.000100000000
1,2,122,-1,1,0.000000000000,0.000100000000
1,2,122,-1,2,0.000000000000,0.000100000000
1,2,122,-1,3,0.000000000000,0.000100000000
1,2,123,-1,1,0.000000000000,0.000100000000
1,2,123,-1,2,0.000000000000,0.000100000000
1,2,123,-1,3,0.000000000000,0.000100000000
1,2,124,-1,1,0.000000000000,0.000100000000
1,2,124,-1,2,0.000000000000,0.000100000000
1,2,124,-1,3,0.000000000000,0.000100000000
1,2,125,-1,1,0.000000000000,0.000100000000
1,2,125,-1,2,0.000000000000,0.000100000000
1,2,125,-1,3,0.000000000000,0.000100000000
1,2,126,-1,1,0.000000000000,0.000100000000
1,2,126,-1,2,0.000000000000,0.000100000000
1,2,126,-1,3,0.000000000000,0.000100000000
1,2,127,-1,1,0.000000000000,0.000100000000
1,2,127,-1,2,0.000000000000,0.000100000000
1,2,127,-1,3,0.000000000000,0.000100000000
1,2,128,-1,1,0.000000000000,0.000100000000
1,2,128,-1,2,0.000000000000,0.000100000000
1,2,128,-1,3,0.000000000000,0.000100000000
1,2,129,-1,1,0.000000000000,0.000100000000
1,2,129,-1,2,0.000000000000,0.000100000000
1,2,129,-1,3,0.000000000000,0.000100000000
1,2,130,-1,1,0.000000000000,0.000100000000
1,2,130,-1,2,0.000000000000,0.000100000000
1,2,130,-1,3,0.000000000000,0.000100000000
1,2,131,-1,1,0.000000000000,0.000100000000
1,2,131,-1,2,0.000000000000,0.000100000000
1,2,131,-1,3,0.000000000000,0.000100000000
1,2,132,-1,1,0.000000000000,0.000100000000
1,2,132,-1,2,0.000000000000,0.000100000000
1,2,132,-1,3,0.000000000000,0.000100000000
1,2,133,-1,1,0.000000000000,0.000100000000
1,2,133,-1,2,0.000000000000,0.000100000000
1,2,133,-1,3,0.000000000000,0.000100000000
1,2,134,-1,1,0.000000000000,0.000100000000
1,2,134,-1,2,0.000000000000,0.000100000000
1,2,134,-1,3,0.000000000000,0.000100000000
1,2,136,-1,1,0.000000000000,0.000100000000
1,2,136,-1,2,0.000000000000,0.000100000000
1,2,136,-1,3,0.000000000000,0.000100000000
1,2,137,-1,1,0.000000000000,0.000100000000
1,2,137,-1,2,0.000000000000,0.000100000000
1,2,137,-1,3,0.000000000000,0.000100000000
1,2,138,-1,1,0.000000000000,0.000100000000
1,2,138,-1,2,0.000000000000,0.000100000000
1,2,138,-1,3,0.000000000000,0.000100000000
1,2,139,-1,1,0.000000000000,0.000100000000
1,2,139,-1,2,0.000000000000,0.000100000000
1,2,139,-1,3,0.000000000000,0.000100000000
1,2,140,-1,1,0.000000000000,0.000100000000
1,2,140,-1,2,0.000000000000,0.000100000000
1,2,140,-1,3,0.000000000000,0.000100000000
1,2,141,-1,1,0.000000000000,0.000100000000
1,2,141,-1,2,0.000000000000,0.000100000000
1,2,141,-1,3,0.000000000000,0.000100000000
1,2,142,-1,1,0.000000000000,0.000100000000
1,2,142,-1,2,0.000000000000,0.000100000000
1,2,142,-1,3,0.000000000000,0.000100000000
1,2,143,-1,1,0.000000000000,0.000100000000
1,2,143,-1,2,0.000000000000,0.000100000000
1,2,143,-1,3,0.000000000000,0.000100000000
1,2,144,-1,1,0.000000000000,0.000100000000
1,2,144,-1,2,0.000000000000,0.000100000000
1,2,144,-1,3,0.000000000000,0.000100000000
1,2,145,-1,1,0.000000000000,0.000100000000
1,2,145,-1,2,0.000000000000,0.000100000000
1,2,145,-1,3,0.000000000000,0.000100000000
1,2,146,-1,1,0.000000000000,0.000100000000
1,2,146,-1,2,0.000000000000,0.000100000000
1,2,146,-1,3,0.000000000000,0.000100000000
1,2,147,-1,1,0.000000000000,0.000100000000
1,2,147,-1,2,0.000000000000,0.000100000000
1,2,147,-1,3,0.000000000000,0.000100000000
1,2,148,-1,1,0.000000000000,0.000100000000
1,2,148,-1,2,0.000000000000,0.000100000000
1,2,148,-1,3,0.000000000000,0.000100000000
1,2,149,-1,1,0.000000000000,0.000100000000
1,2,149,-1,2,0.000000000000,0.000100000000
1,2,149,-1,3,0.000000000000,0.000100000000
1,2,150,-1,1,0.000000000000,0.000100000000
1,2,150,-1,2,0.000000000000,0.000100000000
1,2,150,-1,3,0.000000000000,0.000100000000
1,2,1019,-1,1,0.000000000000,0.000100000000
1,2,1019,-1,2,0.000000000000,0.000100000000
1,2,1019,-1,3,0.000000000000,0.000100000000
1,2,1119,-1,1,0.000000000000,0.000100000000
1,2,1119,-1,2,0.000000000000,0.000100000000
1,2,1119,-1,3,0.000000000000,0.000100000000
1,2,1145,-1,1,0.000000000000,0.000100000000
1,2,1145,-1,2,0.000000000000,0.000100000000
1,2,1145,-1,3,0.000000000000,0.000100000000
1,2,1146,-1,1,0.000000000000,0.000100000000
1,2,1146,-1,2,0.000000000000,0.000100000000
1,2,1146,-1,3,0.000000000000,0.000100000000
1,2,1147,-1,1,0.000000000000,0.000100000000
1,2,1147,-1,2,0.000000000000,0.000100000000
1,2,1147,-1,3,0.000000000000,0.000100000000
1,2,1148,-1,1,0.000000000000,0.000100000000
1,2,1148,-1,2,0.000000000000,0.000100000000
1,2,1148,-1,3,0.000000000000,0.000100000000
1,2,1149,-1,1,0.000000000000,0.000100000000
1,2,1149,-1,2,0.000000000000,0.000100000000
1,2,1149,-1,3,0.000000000000,0.000100000000
1,2,1150,-1,1,0.000000000000,0.000100000000
1,2,1150,-1,2,0.000000000000,0.000100000000
1,2,1150,-1,3,0.000000000000,0.000100000000
1,2,1151,-1,1,0.000000000000,0.000100000000
1,2,1151,-1,2,0.000000000000,0.000100000000
1,2,1151,-1,3,0.000000000000,0.000100000000
1,2,1152,-1,1,0.000000000000,0.000100000000
1,2,1152,-1,2,0.000000000000,0.000100000000
1,2,1152,-1,3,0.000000000000,0.000100000000
1,2,1153,-1,1,0.000000000000,0.000100000000
1,2,1153,-1,2,0.000000000000,0.000100000000
1,2,1153,-1,3,0.000000000000,0.000100000000
1,2,1154,-1,1,0.000000000000,0.000100000000
1,2,1154,-1,2,0.000000000000,0.000100000000
1,2,1154,-1,3,0.000000000000,0.000100000000
1,2,1155,-1,1,0.000000000000,0.000100000000
1,2,1155,-1,2,0.000000000000,0.000100000000
1,2,1155,-1,3,0.000000000000,0.000100000000
1,2,1156,-1,1,0.000000000000,0.000100000000
1,2,1156,-1,2,0.000000000000,0.000100000000
1,2,1156,-1,3,0.000000000000,0.000100000000
1,2,1158,-1,1,0.000000000000,0.000100000000
1,2,1158,-1,2,0.000000000000,0.000100000000
1,2,1158,-1,3,0.000000000000,0.000100000000
1,2,1159,-1,1,0.000000000000,0.000100000000
1,2,1159,-1,2,0.000000000000,0.000100000000
1,2,1159,-1,3,0.000000000000,0.000100000000
1,2,1160,-1,1,0.000000000000,0.000100000000
1,2,1160,-1,2,0.000000000000,0.000100000000
1,2,1160,-1,3,0.000000000000,0.000100000000
1,2,1161,-1,1,0.000000000000,0.000100000000
1,2,1161,-1,2,0.000000000000,0.000100000000
1,2,1161,-1,3,0.000000000000,0.000100000000
1,2,1162,-1,1,0.000000000000,0.000100000000
1,2,1162,-1,2,0.000000000000,0.000100000000
1,2,1162,-1,3,0.000000000000,0.000100000000
1,2,1163,-1,1,0.000000000000,0.000100000000
1,2,1163,-1,2,0.000000000000,0.000100000000
1,2,1163,-1,3,0.000000000000,0.000100000000
1,2,1164,-1,1,0.000000000000,0.000100000000
1,2,1164,-1,2,0.000000000000,0.000100000000
1,2,1164,-1,3,0.000000000000,0.000100000000
1,2,1165,-1,1,0.000000000000,0.000100000000
1,2,1165,-1,2,0.000000000000,0.000100000000
1,2,1165,-1,3,0.000000000000,0.000100000000
1,2,1166,-1,1,0.000000000000,0.000100000000
1,2,1166,-1,2,0.000000000000,0.000100000000
1,2,1166,-1,3,0.000000000000,0.000100000000
1,2,1167,-1,1,0.000000000000,0.000100000000
1,2,1167,-1,2,0.000000000000,0.000100000000
1,2,1167,-1,3,0.000000000000,0.000100000000
1,2,1168,-1,1,0.000000000000,0.000100000000
1,2,1168,-1,2,0.000000000000,0.000100000000
1,2,1168,-1,3,0.000000000000,0.000100000000
1,2,1169,-1,1,0.000000000000,0.000100000000
1,2,1169,-1,2,0.000000000000,0.000100000000
1,2,1169,-1,3,0.000000000000,0.000100000000
1,2,1170,-1,1,0.000000000000,0.000100000000
1,2,1170,-1,2,0.000000000000,0.000100000000
1,2,1170,-1,3,0.000000000000,0.000100000000
1,2,1171,-1,1,0.000000000000,0.000100000000
1,2,1171,-1,2,0.000000000000,0.000100000000
1,2,1171,-1,3,0.000000000000,0.000100000000
1,2,1172,-1,1,0.000000000000,0.000100000000
1,2,1172,-1,2,0.000000000000,0.000100000000
1,2,1172,-1,3,0.000000000000,0.000100000000
1,2,1173,-1,1,0.000000000000,0.000100000000
1,2,1173,-1,2,0.000000000000,0.000100000000
1,2,1173,-1,3,0.000000000000,0.000100000000
1,2,1174,-1,1,0.000000000000,0.000100000000
1,2,1174,-1,2,0.000000000000,0.000100000000
1,2,1174,-1,3,0.000000000000,0.000100000000
1,2,1175,-1,1,0.000000000000,0.000100000000
1,2,1175,-1,2,0.000000000000,0.000100000000
1,2,1175,-1,3,0.000000000000,0.000100000000
1,2,1176,-1,1,0.000000000000,0.000100000000
1,2,1176,-1,2,0.000000000000,0.000100000000
1,2,1176,-1,3,0.000000000000,0.000100000000
1,2,1177,-1,1,0.000000000000,0.000100000000
1,2,1177,-1,2,0.000000000000,0.000100000000
1,2,1177,-1,3,0.000000000000,0.000100000000
1,2,1178,-1,1,0.000000000000,0.000100000000
1,2,1178,-1,2,0.000000000000,0.000100000000
1,2,1178,-1,3,0.000000000000,0.000100000000
1,2,1179,-1,1,0.000000000000,0.000100000000
1,2,1179,-1,2,0.000000000000,0.000100000000
1,2,1179,-1,3,0.000000000000,0.000100000000
1,2,1180,-1,1,0.000000000000,0.000100000000
1,2,1180,-1,2,0.000000000000,0.000100000000
1,2,1180,-1,3,0.000000000000,0.000100000000
1,2,1181,-1,1,0.000000000000,0.000100000000
1,2,1181,-1,2,0.000000000000,0.000100000000
1,2,1181,-1,3,0.000000000000,0.000100000000
1,2,1182,-1,1,0.000000000000,0.000100000000
1,2,1182,-1,2,0.000000000000,0.000100000000
1,2,1182,-1,3,0.000000000000,0.000100000000
1,2,1183,-1,1,0.000000000000,0.000100000000
1,2,1183,-1,2,0.000000000000,0.000100000000
1,2,1183,-1,3,0.000000000000,0.000100000000
1,2,1184,-1,1,0.000000000000,0.000100000000
1,2,1184,-1,2,0.000000000000,0.000100000000
1,2,1184,-1,3,0.000000000000,0.000100000000
1,2,1185,-1,1,0.000000000000,0.000100000000
1,2,1185,-1,2,0.000000000000,0.000100000000
1,2,1185,-1,3,0.000000000000,0.000100000000
1,2,1186,-1,1,0.000000000000,0.000100000000
1,2,1186,-1,2,0.000000000000,0.000100000000
1,2,1186,-1,3,0.000000000000,0.000100000000
1,2,1187,-1,1,0.000000000000,0.000100000000
1,2,1187,-1,2,0.000000000000,0.000100000000
1,2,1187,-1,3,0.000000000000,0.000100000000
1,2,1188,-1,1,0.000000000000,0.000100000000
1,2,1188,-1,2,0.000000000000,0.000100000000
1,2,1188,-1,3,0.000000000000,0.000100000000
1,2,1189,-1,1,0.000000000000,0.000100000000
1,2,1189,-1,2,0.000000000000,0.000100000000
1,2,1189,-1,3,0.000000000000,0.000100000000
1,2,1190,-1,1,0.000000000000,0.000100000000
1,2,1190,-1,2,0.000000000000,0.000100000000
1,2,1190,-1,3,0.000000000000,0.000100000000
1,2,1191,-1,1,0.000000000000,0.000100000000
1,2,1191,-1,2,0.000000000000,0.000100000000
1,2,1191,-1,3,0.000000000000,0.000100000000
1,2,1192,-1,1,0.000000000000,0.000100000000
1,2,1192,-1,2,0.000000000000,0.000100000000
1,2,1192,-1,3,0.000000000000,0.000100000000
1,2,1196,-1,1,0.000000000000,0.000100000000
1,2,1196,-1,2,0.000000000000,0.000100000000
1,2,1196,-1,3,0.000000000000,0.000100000000
1,2,1197,-1,1,0.000000000000,0.000100000000
1,2,1197,-1,2,0.000000000000,0.000100000000
1,2,1197,-1,3,0.000000000000,0.000100000000
1,2,1201,-1,1,0.000000000000,0.000100000000
1,2,1201,-1,2,0.000000000000,0.000100000000
1,2,1201,-1,3,0.000000000000,0.000100000000
1,2,1202,-1,1,0.000000000000,0.000100000000
1,2,1202,-1,2,0.000000000000,0.000100000000
1,2,1202,-1,3,0.000000000000,0.000100000000
1,2,1207,-1,1,0.000000000000,0.000100000000
1,2,1207,-1,2,0.000000000000,0.000100000000
1,2,1207,-1,3,0.000000000000,0.000100000000
1,2,1208,-1,1,0.000000000000,0.000100000000
1,2,1208,-1,2,0.000000000000,0.000100000000
1,2,1208,-1,3,0.000000000000,0.000100000000
1,2,1209,-1,1,0.000000000000,0.000100000000
1,2,1209,-1,2,0.000000000000,0.000100000000
1,2,1209,-1,3,0.000000000000,0.000100000000
1,2,1214,-1,1,0.000000000000,0.000100000000
1,2,1214,-1,2,0.000000000000,0.000100000000
1,2,1214,-1,3,0.000000000000,0.000100000000
1,2,1215,-1,1,0.000000000000,0.000100000000
1,2,1215,-1,2,0.000000000000,0.000100000000
1,2,1215,-1,3,0.000000000000,0.000100000000
1,2,1216,-1,1,0.000000000000,0.000100000000
1,2,1216,-1,2,0.000000000000,0.000100000000
1,2,1216,-1,3,0.000000000000,0.000100000000
1,2,1221,-1,1,0.000000000000,0.000100000000
1,2,1221,-1,2,0.000000000000,0.000100000000
1,2,1221,-1,3,0.000000000000,0.000100000000
1,2,1222,-1,1,0.000000000000,0.000100000000
1,2,1222,-1,2,0.000000000000,0.000100000000
1,2,1222,-1,3,0.000000000000,0.000100000000
1,2,1223,-1,1,0.000000000000,0.000100000000
1,2,1223,-1,2,0.000000000000,0.000100000000
1,2,1223,-1,3,0.000000000000,0.000100000000
1,2,1228,-1,1,0.000000000000,0.000100000000
1,2,1228,-1,2,0.000000000000,0.000100000000
1,2,1228,-1,3,0.000000000000,0.000100000000
1,2,1229,-1,1,0.000000000000,0.000100000000
1,2,1229,-1,2,0.000000000000,0.000100000000
1,2,1229,-1,3,0.000000000000,0.000100000000
1,2,1230,-1,1,0.000000000000,0.000100000000
1,2,1230,-1,2,0.000000000000,0.000100000000
1,2,1230,-1,3,0.000000000000,0.000100000000
1,2,1234,-1,1,0.000000000000,0.000100000000
1,2,1234,-1,2,0.000000000000,0.000100000000
1,2,1234,-1,3,0.000000000000,0.000100000000
1,2,1235,-1,1,0.000000000000,0.000100000000
1,2,1235,-1,2,0.000000000000,0.000100000000
1,2,1235,-1,3,0.000000000000,0.000100000000
1,2,1238,-1,1,0.000000000000,0.000100000000
1,2,1238,-1,2,0.000000000000,0.000100000000
1,2,1238,-1,3,0.000000000000,0.000100000000
1,2,1240,-1,1,0.000000000000,0.000100000000
1,2,1240,-1,2,0.000000000000,0.000100000000
1,2,1240,-1,3,0.000000000000,0.000100000000
1,3,1,-1,1,-9778.787592540000,0.020000000000
1,3,1,-1,2,-9844.746748449999,0.020000000000
1,3,1,-1,3,-9644.935099410000,0.020000000000
1,3,1001,-1,1,31.809000000000,0.300000000000
1,3,1001,-1,2,30.020000000000,0.300000000000
1,3,1001,-1,3,34.943000000000,0.300000000000
1,3,1002,-1,1,32.751000000000,0.300000000000
1,3,1002,-1,2,27.180000000000,0.300000000000
1,3,1002,-1,3,27.924000000000,0.300000000000
1,3,1003,-1,1,29.789000000000,0.300000000000
1,3,1003,-1,2,27.628000000000,0.300000000000
1,3,1003,-1,3,24.469000000000,0.300000000000
1,3,1005,-1,1,27.687000000000,0.300000000000
1,3,1005,-1,2,26.399000000000,0.300000000000
1,3,1005,-1,3,32.034000000000,0.300000000000
1,3,1006,-1,1,28.501000000000,0.300000000000
1,3,1006,-1,2,26.697000000000,0.300000000000
1,3,1006,-1,3,26.195000000000,0.300000000000
1,3,1007,-1,1,31.478000000000,0.300000000000
1,3,1007,-1,2,29.039000000000,0.300000000000
1,3,1007,-1,3,29.154000000000,0.300000000000
1,3,1008,-1,1,30.590000000000,0.300000000000
1,3,1008,-1,2,22.491000000000,0.300000000000
1,3,1008,-1,3,28.341000000000,0.300000000000
1,3,1010,-1,1,27.130000000000,0.300000000000
1,3,1010,-1,2,31.475000000000,0.300000000000
1,3,1010,-1,3,30.896000000000,0.300000000000
1,3,1011,-1,1,23.016000000000,0.300000000000
1,3,1011,-1,2,27.821000000000,0.300000000000
1,3,1011,-1,3,29.575000000000,0.300000000000
1,3,1012,-1,1,27.388000000000,0.300000000000
1,3,1012,-1,2,20.619000000000,0.300000000000
1,3,1012,-1,3,26.682000000000,0.300000000000
1,3,1013,-1,1,30.440000000000,0.300000000000
1,3,1013,-1,2,26.683000000000,0.300000000000
1,3,1013,-1,3,28.323000000000,0.300000000000
1,3,1015,-1,1,26.218000000000,0.300000000000
1,3,1015,-1,2,19.294000000000,0.300000000000
1,3,1015,-1,3,26.122000000000,0.300000000000
1,3,1016,-1,1,27.529000000000,0.300000000000
1,3,1016,-1,2,28.963000000000,0.300000000000
1,3,1016,-1,3,26.617000000000,0.300000000000
1,3,1017,-1,1,25.386000000000,0.300000000000
1,3,1017,-1,2,30.456000000000,0.300000000000
1,3,1017,-1,3,32.415000000000,0.300000000000
1,3,1018,-1,1,28.352000000000,0.300000000000
1,3,1018,-1,2,27.141000000000,0.300000000000
1,3,1018,-1,3,24.772000000000,0.300000000000
1,3,1020,-1,1,28.333000000000,0.300000000000
1,3,1020,-1,2,30.029000000000,0.300000000000
1,3,1020,-1,3,28.869000000000,0.300000000000
1,3,1021,-1,1,31.866000000000,0.300000000000
1,3,1021,-1,2,27.860000000000,0.300000000000
1,3,1021,-1,3,28.574000000000,0.300000000000
1,3,1022,-1,1,31.596000000000,0.300000000000
1,3,1022,-1,2,31.171000000000,0.300000000000
1,3,1022,-1,3,28.240000000000,0.300000000000
1,3,1023,-1,1,86.289000000000,0.300000000000
1,3,1023,-1,2,90.183000000000,0.300000000000
1,3,1023,-1,3,91.635000000000,0.300000000000
1,3,1024,-1,1,82.243000000000,0.300000000000
1,3,1024,-1,2,82.745000000000,0.300000000000
1,3,1024,-1,3,93.508000000000,0.300000000000
1,3,1025,-1,1,92.695000000000,0.300000000000
1,3,1025,-1,2,86.462000000000,0.300000000000
1,3,1025,-1,3,94.459000000000,0.300000000000
1,3,1026,-1,1,34.475000000000,0.300000000000
1,3,1026,-1,2,26.982000000000,0.300000000000
1,3,1026,-1,3,29.921000000000,0.300000000000
1,3,1031,-1,1,28.505000000000,0.300000000000
1,3,1031,-1,2,31.960000000000,0.300000000000
1,3,1031,-1,3,30.339000000000,0.300000000000
1,3,1032,-1,1,24.869000000000,0.300000000000
1,3,1032,-1,2,27.835000000000,0.300000000000
1,3,1032,-1,3,28.601000000000,0.300000000000
1,3,1037,-1,1,33.213000000000,0.300000000000
1,3,1037,-1,2,29.214000000000,0.300000000000
1,3,1037,-1,3,29.476000000000,0.300000000000
1,3,1038,-1,1,101.860000000000,0.300000000000
1,3,1038,-1,2,106.415000000000,0.300000000000
1,3,1038,-1,3,99.319000000000,0.300000000000
1,3,1039,-1,1,100.886000000000,0.300000000000
1,3,1039,-1,2,105.565000000000,0.300000000000
1,3,1039,-1,3,96.537000000000,0.300000000000
1,3,1040,-1,1,114.839000000000,0.300000000000
1,3,1040,-1,2,104.394000000000,0.300000000000
1,3,1040,-1,3,116.066000000000,0.300000000000
1,3,1041,-1,1,27.818000000000,0.300000000000
1,3,1041,-1,2,28.858000000000,0.300000000000
1,3,1041,-1,3,24.021000000000,0.300000000000
1,3,1042,-1,1,59.346000000000,0.300000000000
1,3,1042,-1,2,60.597000000000,0.300000000000
1,3,1042,-1,3,50.033000000000,0.300000000000
1,3,1043,-1,1,48.929000000000,0.300000000000
1,3,1043,-1,2,48.753000000000,0.300000000000
1,3,1043,-1,3,57.904000000000,0.300000000000
1,3,1046,-1,1,96.863000000000,0.300000000000
1,3,1046,-1,2,103.568000000000,0.300000000000
1,3,1046,-1,3,98.272000000000,0.300000000000
1,3,1047,-1,1,116.955000000000,0.300000000000
1,3,1047,-1,2,104.176000000000,0.300000000000
1,3,1047,-1,3,116.415000000000,0.300000000000
1,3,1048,-1,1,123.247000000000,0.300000000000
1,3,1048,-1,2,94.066000000000,0.300000000000
1,3,1048,-1,3,101.989000000000,0.300000000000
1,3,1051,-1,1,101.382000000000,0.300000000000
1,3,1051,-1,2,109.035000000000,0.300000000000
1,3,1051,-1,3,124.124000000000,0.300000000000
1,3,1052,-1,1,103.234000000000,0.300000000000
1,3,1052,-1,2,102.009000000000,0.300000000000
1,3,1052,-1,3,102.723000000000,0.300000000000
1,3,1053,-1,1,85.501000000000,0.300000000000
1,3,1053,-1,2,94.907000000000,0.300000000000
1,3,1053,-1,3,80.053000000000,0.300000000000
1,3,1056,-1,1,97.592000000000,0.300000000000
1,3,1056,-1,2,105.138000000000,0.300000000000
1,3,1056,-1,3,100.900000000000,0.300000000000
1,3,1057,-1,1,112.508000000000,0.300000000000
1,3,1057,-1,2,105.310000000000,0.300000000000
1,3,1057,-1,3,118.667000000000,0.300000000000
1,3,1058,-1,1,104.417000000000,0.300000000000
1,3,1058,-1,2,84.837000000000,0.300000000000
1,3,1058,-1,3,99.028000000000,0.300000000000
1,3,1061,-1,1,56.525000000000,0.300000000000
1,3,1061,-1,2,50.385000000000,0.300000000000
1,3,1061,-1,3,51.792000000000,0.300000000000
1,3,1062,-1,1,26.679000000000,0.300000000000
1,3,1062,-1,2,27.023000000000,0.300000000000
1,3,1062,-1,3,30.209000000000,0.300000000000
1,3,1063,-1,1,29.752000000000,0.300000000000
1,3,1063,-1,2,30.646000000000,0.300000000000
1,3,1063,-1,3,28.219000000000,0.300000000000
1,3,1064,-1,1,110.270000000000,0.300000000000
1,3,1064,-1,2,103.577000000000,0.300000000000
1,3,1064,-1,3,97.914000000000,0.300000000000
1,3,1065,-1,1,110.829000000000,0.300000000000
1,3,1065,-1,2,92.864000000000,0.300000000000
1,3,1065,-1,3,97.867000000000,0.300000000000
1,3,1066,-1,1,100.377000000000,0.300000000000
1,3,1066,-1,2,109.763000000000,0.300000000000
1,3,1066,-1,3,106.637000000000,0.300000000000
1,3,1067,-1,1,31.283000000000,0.300000000000
1,3,1067,-1,2,29.428000000000,0.300000000000
1,3,1067,-1,3,27.807000000000,0.300000000000
1,3,1072,-1,1,27.133000000000,0.300000000000
1,3,1072,-1,2,27.784000000000,0.300000000000
1,3,1072,-1,3,25.492000000000,0.300000000000
1,3,1073,-1,1,27.782000000000,0.300000000000
1,3,1073,-1,2,32.974000000000,0.300000000000
1,3,1073,-1,3,28.141000000000,0.300000000000
1,3,1078,-1,1,27.259000000000,0.300000000000
1,3,1078,-1,2,30.884000000000,0.300000000000
1,3,1078,-1,3,30.028000000000,0.300000000000
1,3,1079,-1,1,84.800000000000,0.300000000000
1,3,1079,-1,2,78.780000000000,0.300000000000
1,3,1079,-1,3,78.557000000000,0.300000000000
1,3,1080,-1,1,110.808000000000,0.300000000000
1,3,1080,-1,2,99.010000000000,0.300000000000
1,3,1080,-1,3,103.651000000000,0.300000000000
1,3,1081,-1,1,116.062000000000,0.300000000000
1,3,1081,-1,2,127.230000000000,0.300000000000
1,3,1081,-1,3,110.530000000000,0.300000000000
1,3,1082,-1,1,31.197000000000,0.300000000000
1,3,1082,-1,2,30.293000000000,0.300000000000
1,3,1082,-1,3,29.892000000000,0.300000000000
1,3,1083,-1,1,24.822000000000,0.300000000000
1,3,1083,-1,2,30.677000000000,0.300000000000
1,3,1083,-1,3,29.317000000000,0.300000000000
1,3,1084,-1,1,97.944000000000,0.300000000000
1,3,1084,-1,2,86.158000000000,0.300000000000
1,3,1084,-1,3,88.888000000000,0.300000000000
1,3,1087,-1,1,80.029000000000,0.300000000000
1,3,1087,-1,2,78.392000000000,0.300000000000
1,3,1087,-1,3,82.671000000000,0.300000000000
1,3,1088,-1,1,116.557000000000,0.300000000000
1,3,1088,-1,2,117.518000000000,0.300000000000
1,3,1088,-1,3,120.194000000000,0.300000000000
1,3,1089,-1,1,93.514000000000,0.300000000000
1,3,1089,-1,2,97.706000000000,0.300000000000
1,3,1089,-1,3,99.263000000000,0.300000000000
1,3,1092,-1,1,102.682000000000,0.300000000000
1,3,1092,-1,2,101.038000000000,0.300000000000
1,3,1092,-1,3,100.696000000000,0.300000000000
1,3,1093,-1,1,87.090000000000,0.300000000000
1,3,1093,-1,2,82.122000000000,0.300000000000
1,3,1093,-1,3,83.250000000000,0.300000000000
1,3,1094,-1,1,93.510000000000,0.300000000000
1,3,1094,-1,2,99.094000000000,0.300000000000
1,3,1094,-1,3,99.653000000000,0.300000000000
1,3,1097,-1,1,73.025000000000,0.300000000000
1,3,1097,-1,2,76.632000000000,0.300000000000
1,3,1097,-1,3,66.001000000000,0.300000000000
1,3,1098,-1,1,83.542000000000,0.300000000000
1,3,1098,-1,2,80.649000000000,0.300000000000
1,3,1098,-1,3,76.129000000000,0.300000000000
1,3,1099,-1,1,74.545000000000,0.300000000000
1,3,1099,-1,2,67.587000000000,0.300000000000
1,3,1099,-1,3,66.039000000000,0.300000000000
1,3,1102,-1,1,61.290000000000,0.300000000000
1,3,1102,-1,2,67.065000000000,0.300000000000
1,3,1102,-1,3,53.854000000000,0.300000000000
1,3,1103,-1,1,29.759000000000,0.300000000000
1,3,1103,-1,2,27.580000000000,0.300000000000
1,3,1103,-1,3,30.628000000000,0.300000000000
1,3,1104,-1,1,29.982000000000,0.300000000000
1,3,1104,-1,2,28.381000000000,0.300000000000
1,3,1104,-1,3,30.426000000000,0.300000000000
1,3,1105,-1,1,90.047000000000,0.300000000000
1,3,1105,-1,2,94.268000000000,0.300000000000
1,3,1105,-1,3,75.944000000000,0.300000000000
1,3,1106,-1,1,89.618000000000,0.300000000000
1,3,1106,-1,2,101.878000000000,0.300000000000
1,3,1106,-1,3,100.934000000000,0.300000000000
1,3,1107,-1,1,86.589000000000,0.300000000000
1,3,1107,-1,2,95.012000000000,0.300000000000
1,3,1107,-1,3,109.044000000000,0.300000000000
1,3,1108,-1,1,26.599000000000,0.300000000000
1,3,1108,-1,2,30.329000000000,0.300000000000
1,3,1108,-1,3,29.917000000000,0.300000000000
1,3,1113,-1,1,29.871000000000,0.300000000000
1,3,1113,-1,2,24.540000000000,0.300000000000
1,3,1113,-1,3,32.830000000000,0.300000000000
1,3,1114,-1,1,28.314000000000,0.300000000000
1,3,1114,-1,2,24.628000000000,0.300000000000
1,3,1114,-1,3,28.493000000000,0.300000000000
1,3,1120,-1,1,86.123000000000,0.300000000000
1,3,1120,-1,2,86.365000000000,0.300000000000
1,3,1120,-1,3,87.534000000000,0.300000000000
1,3,1121,-1,1,73.121000000000,0.300000000000
1,3,1121,-1,2,93.374000000000,0.300000000000
1,3,1121,-1,3,76.630000000000,0.300000000000
1,3,1122,-1,1,99.503000000000,0.300000000000
1,3,1122,-1,2,86.490000000000,0.300000000000
1,3,1122,-1,3,87.049000000000,0.300000000000
1,3,1123,-1,1,32.874000000000,0.300000000000
1,3,1123,-1,2,29.483000000000,0.300000000000
1,3,1123,-1,3,33.376000000000,0.300000000000
1,3,1124,-1,1,27.563000000000,0.300000000000
1,3,1124,-1,2,28.814000000000,0.300000000000
1,3,1124,-1,3,26.468000000000,0.300000000000
1,3,1125,-1,1,29.850000000000,0.300000000000
1,3,1125,-1,2,29.925000000000,0.300000000000
1,3,1125,-1,3,24.380000000000,0.300000000000
1,3,1127,-1,1,30.507000000000,0.300000000000
1,3,1127,-1,2,33.344000000000,0.300000000000
1,3,1127,-1,3,33.576000000000,0.300000000000
1,3,1128,-1,1,29.972000000000,0.300000000000
1,3,1128,-1,2,26.779000000000,0.300000000000
1,3,1128,-1,3,25.898000000000,0.300000000000
1,3,1129,-1,1,27.173000000000,0.300000000000
1,3,1129,-1,2,24.356000000000,0.300000000000
1,3,1129,-1,3,32.956000000000,0.300000000000
1,3,1130,-1,1,34.412000000000,0.300000000000
1,3,1130,-1,2,29.379000000000,0.300000000000
1,3,1130,-1,3,30.264000000000,0.300000000000
1,3,1132,-1,1,30.315000000000,0.300000000000
1,3,1132,-1,2,26.210000000000,0.300000000000
1,3,1132,-1,3,26.556000000000,0.300000000000
1,3,1133,-1,1,28.122000000000,0.300000000000
1,3,1133,-1,2,31.903000000000,0.300000000000
1,3,1133,-1,3,27.731000000000,0.300000000000
1,3,1134,-1,1,28.650000000000,0.300000000000
1,3,1134,-1,2,31.432000000000,0.300000000000
1,3,1134,-1,3,31.130000000000,0.300000000000
1,3,1135,-1,1,30.564000000000,0.300000000000
1,3,1135,-1,2,32.224000000000,0.300000000000
1,3,1135,-1,3,29.362000000000,0.300000000000
1,3,1137,-1,1,23.716000000000,0.300000000000
1,3,1137,-1,2,24.941000000000,0.300000000000
1,3,1137,-1,3,32.681000000000,0.300000000000
1,3,1138,-1,1,25.102000000000,0.300000000000
1,3,1138,-1,2,33.524000000000,0.300000000000
1,3,1138,-1,3,23.704000000000,0.300000000000
1,3,1139,-1,1,30.135000000000,0.300000000000
1,3,1139,-1,2,26.541000000000,0.300000000000
1,3,1139,-1,3,32.210000000000,0.300000000000
1,3,1140,-1,1,22.870000000000,0.300000000000
1,3,1140,-1,2,25.026000000000,0.300000000000
1,3,1140,-1,3,25.174000000000,0.300000000000
1,3,1142,-1,1,36.688000000000,0.300000000000
1,3,1142,-1,2,32.266000000000,0.300000000000
1,3,1142,-1,3,28.419000000000,0.300000000000
1,3,1143,-1,1,26.783000000000,0.300000000000
1,3,1143,-1,2,27.271000000000,0.300000000000
1,3,1143,-1,3,31.333000000000,0.300000000000
1,3,1144,-1,1,25.513000000000,0.300000000000
1,3,1144,-1,2,28.703000000000,0.300000000000
1,3,1144,-1,3,29.409000000000,0.300000000000
1,3,1193,-1,1,163.107000000000,0.300000000000
1,3,1193,-1,2,222.940000000000,0.300000000000
1,3,1193,-1,3,262.430000000000,0.300000000000
1,3,1198,-1,1,182.193000000000,0.300000000000
1,3,1198,-1,2,165.984000000000,0.300000000000
1,3,1198,-1,3,199.874000000000,0.300000000000
1,3,1203,-1,1,451.409000000000,0.300000000000
1,3,1203,-1,2,542.098000000000,0.300000000000
1,3,1203,-1,3,362.031000000000,0.300000000000
1,3,1210,-1,1,512.738000000000,0.300000000000
1,3,1210,-1,2,468.995000000000,0.300000000000
1,3,1210,-1,3,491.703000000000,0.300000000000
1,3,1217,-1,1,597.388000000000,0.300000000000
1,3,1217,-1,2,602.659000000000,0.300000000000
1,3,1217,-1,3,597.721000000000,0.300000000000
1,3,1224,-1,1,629.254000000000,0.300000000000
1,3,1224,-1,2,609.776000000000,0.300000000000
1,3,1224,-1,3,581.683000000000,0.300000000000
1,3,1231,-1,1,91.809000000000,0.300000000000
1,3,1231,-1,2,80.292000000000,0.300000000000
1,3,1231,-1,3,89.595000000000,0.300000000000
1,3,1236,-1,1,532.605000000000,0.300000000000
1,3,1236,-1,2,554.983000000000,0.300000000000
1,3,1236,-1,3,635.934000000000,0.300000000000
1,3,2,-1,1,0.000000000000,0.000100000000
1,3,2,-1,2,0.000000000000,0.000100000000
1,3,2,-1,3,0.000000000000,0.000100000000
1,3,3,-1,1,0.000000000000,0.000100000000
1,3,3,-1,2,0.000000000000,0.000100000000
1,3,3,-1,3,0.000000000000,0.000100000000
1,3,5,-1,1,0.000000000000,0.000100000000
1,3,5,-1,2,0.000000000000,0.000100000000
1,3,5,-1,3,0.000000000000,0.000100000000
1,3,7,-1,1,0.000000000000,0.000100000000
1,3,7,-1,2,0.000000000000,0.000100000000
1,3,7,-1,3,0.000000000000,0.000100000000
1,3,9,-1,1,0.000000000000,0.000100000000
1,3,9,-1,2,0.000000000000,0.000100000000
1,3,9,-1,3,0.000000000000,0.000100000000
1,3,11,-1,1,0.000000000000,0.000100000000
1,3,11,-1,2,0.000000000000,0.000100000000
1,3,11,-1,3,0.000000000000,0.000100000000
1,3,13,-1,1,0.000000000000,0.000100000000
1,3,13,-1,2,0.000000000000,0.000100000000
1,3,13,-1,3,0.000000000000,0.000100000000
1,3,14,-1,1,0.000000000000,0.000100000000
1,3,14,-1,2,0.000000000000,0.000100000000
1,3,14,-1,3,0.000000000000,0.000100000000
1,3,15,-1,1,0.000000000000,0.000100000000
1,3,15,-1,2,0.000000000000,0.000100000000
1,3,15,-1,3,0.000000000000,0.000100000000
1,3,16,-1,1,0.000000000000,0.000100000000
1,3,16,-1,2,0.000000000000,0.000100000000
1,3,16,-1,3,0.000000000000,0.000100000000
1,3,17,-1,1,0.000000000000,0.000100000000
1,3,17,-1,2,0.000000000000,0.000100000000
1,3,17,-1,3,0.000000000000,0.000100000000
1,3,18,-1,1,0.000000000000,0.000100000000
1,3,18,-1,2,0.000000000000,0.000100000000
1,3,18,-1,3,0.000000000000,0.000100000000
1,3,19,-1,1,0.000000000000,0.000100000000
1,3,19,-1,2,0.000000000000,0.000100000000
1,3,19,-1,3,0.000000000000,0.000100000000
1,3,20,-1,1,0.000000000000,0.000100000000
1,3,20,-1,2,0.000000000000,0.000100000000
1,3,20,-1,3,0.000000000000,0.000100000000
1,3,21,-1,1,0.000000000000,0.000100000000
1,3,21,-1,2,0.000000000000,0.000100000000
1,3,21,-1,3,0.000000000000,0.000100000000
1,3,22,-1,1,0.000000000000,0.000100000000
1,3,22,-1,2,0.000000000000,0.000100000000
1,3,22,-1,3,0.000000000000,0.000100000000
1,3,23,-1,1,0.000000000000,0.000100000000
1,3,23,-1,2,0.000000000000,0.000100000000
1,3,23,-1,3,0.000000000000,0.000100000000
1,3,24,-1,1,0.000000000000,0.000100000000
1,3,24,-1,2,0.000000000000,0.000100000000
1,3,24,-1,3,0.000000000000,0.000100000000
1,3,25,-1,1,0.000000000000,0.000100000000
1,3,25,-1,2,0.000000000000,0.000100000000
1,3,25,-1,3,0.000000000000,0.000100000000
1,3,26,-1,1,0.000000000000,0.000100000000
1,3,26,-1,2,0.000000000000,0.000100000000
1,3,26,-1,3,0.000000000000,0.000100000000
1,3,27,-1,1,0.000000000000,0.000100000000
1,3,27,-1,2,0.000000000000,0.000100000000
1,3,27,-1,3,0.000000000000,0.000100000000
1,3,29,-1,1,0.000000000000,0.000100000000
1,3,29,-1,2,0.000000000000,0.000100000000
1,3,29,-1,3,0.000000000000,0.000100000000
1,3,30,-1,1,0.000000000000,0.000100000000
1,3,30,-1,2,0.000000000000,0.000100000000
1,3,30,-1,3,0.000000000000,0.000100000000
1,3,31,-1,1,0.000000000000,0.000100000000
1,3,31,-1,2,0.000000000000,0.000100000000
1,3,31,-1,3,0.000000000000,0.000100000000
1,3,32,-1,1,0.000000000000,0.000100000000
1,3,32,-1,2,0.000000000000,0.000100000000
1,3,32,-1,3,0.000000000000,0.000100000000
1,3,33,-1,1,0.000000000000,0.000100000000
1,3,33,-1,2,0.000000000000,0.000100000000
1,3,33,-1,3,0.000000000000,0.000100000000
1,3,34,-1,1,0.000000000000,0.000100000000
1,3,34,-1,2,0.000000000000,0.000100000000
1,3,34,-1,3,0.000000000000,0.000100000000
1,3,35,-1,1,0.000000000000,0.000100000000
1,3,35,-1,2,0.000000000000,0.000100000000
1,3,35,-1,3,0.000000000000,0.000100000000
1,3,36,-1,1,0.000000000000,0.000100000000
1,3,36,-1,2,0.000000000000,0.000100000000
1,3,36,-1,3,0.000000000000,0.000100000000
1,3,37,-1,1,0.000000000000,0.000100000000
1,3,37,-1,2,0.000000000000,0.000100000000
1,3,37,-1,3,0.000000000000,0.000100000000
1,3,38,-1,1,0.000000000000,0.000100000000
1,3,38,-1,2,0.000000000000,0.000100000000
1,3,38,-1,3,0.000000000000,0.000100000000
1,3,39,-1,1,0.000000000000,0.000100000000
1,3,39,-1,2,0.000000000000,0.000100000000
1,3,39,-1,3,0.000000000000,0.000100000000
1,3,40,-1,1,0.000000000000,0.000100000000
1,3,40,-1,2,0.000000000000,0.000100000000
1,3,40,-1,3,0.000000000000,0.000100000000
1,3,41,-1,1,0.000000000000,0.000100000000
1,3,41,-1,2,0.000000000000,0.000100000000
1,3,41,-1,3,0.000000000000,0.000100000000
1,3,42,-1,1,0.000000000000,0.000100000000
1,3,42,-1,2,0.000000000000,0.000100000000
1,3,42,-1,3,0.000000000000,0.000100000000
1,3,43,-1,1,0.000000000000,0.000100000000
1,3,43,-1,2,0.000000000000,0.000100000000
1,3,43,-1,3,0.000000000000,0.000100000000
1,3,44,-1,1,0.000000000000,0.000100000000
1,3,44,-1,2,0.000000000000,0.000100000000
1,3,44,-1,3,0.000000000000,0.000100000000
1,3,45,-1,1,0.000000000000,0.000100000000
1,3,45,-1,2,0.000000000000,0.000100000000
1,3,45,-1,3,0.000000000000,0.000100000000
1,3,47,-1,1,0.000000000000,0.000100000000
1,3,47,-1,2,0.000000000000,0.000100000000
1,3,47,-1,3,0.000000000000,0.000100000000
1,3,48,-1,1,0.000000000000,0.000100000000
1,3,48,-1,2,0.000000000000,0.000100000000
1,3,48,-1,3,0.000000000000,0.000100000000
1,3,49,-1,1,0.000000000000,0.000100000000
1,3,49,-1,2,0.000000000000,0.000100000000
1,3,49,-1,3,0.000000000000,0.000100000000
1,3,50,-1,1,0.000000000000,0.000100000000
1,3,50,-1,2,0.000000000000,0.000100000000
1,3,50,-1,3,0.000000000000,0.000100000000
1,3,51,-1,1,0.000000000000,0.000100000000
1,3,51,-1,2,0.000000000000,0.000100000000
1,3,51,-1,3,0.000000000000,0.000100000000
1,3,52,-1,1,0.000000000000,0.000100000000
1,3,52,-1,2,0.000000000000,0.000100000000
1,3,52,-1,3,0.000000000000,0.000100000000
1,3,53,-1,1,0.000000000000,0.000100000000
1,3,53,-1,2,0.000000000000,0.000100000000
1,3,53,-1,3,0.000000000000,0.000100000000
1,3,54,-1,1,0.000000000000,0.000100000000
1,3,54,-1,2,0.000000000000,0.000100000000
1,3,54,-1,3,0.000000000000,0.000100000000
1,3,55,-1,1,0.000000000000,0.000100000000
1,3,55,-1,2,0.000000000000,0.000100000000
1,3,55,-1,3,0.000000000000,0.000100000000
1,3,56,-1,1,0.000000000000,0.000100000000
1,3,56,-1,2,0.000000000000,0.000100000000
1,3,56,-1,3,0.000000000000,0.000100000000
1,3,57,-1,1,0.000000000000,0.000100000000
1,3,57,-1,2,0.000000000000,0.000100000000
1,3,57,-1,3,0.000000000000,0.000100000000
1,3,58,-1,1,0.000000000000,0.000100000000
1,3,58,-1,2,0.000000000000,0.000100000000
1,3,58,-1,3,0.000000000000,0.000100000000
1,3,59,-1,1,0.000000000000,0.000100000000
1,3,59,-1,2,0.000000000000,0.000100000000
1,3,59,-1,3,0.000000000000,0.000100000000
1,3,60,-1,1,0.000000000000,0.000100000000
1,3,60,-1,2,0.000000000000,0.000100000000
1,3,60,-1,3,0.000000000000,0.000100000000
1,3,61,-1,1,0.000000000000,0.000100000000
1,3,61,-1,2,0.000000000000,0.000100000000
1,3,61,-1,3,0.000000000000,0.000100000000
1,3,62,-1,1,0.000000000000,0.000100000000
1,3,62,-1,2,0.000000000000,0.000100000000
1,3,62,-1,3,0.000000000000,0.000100000000
1,3,64,-1,1,0.000000000000,0.000100000000
1,3,64,-1,2,0.000000000000,0.000100000000
1,3,64,-1,3,0.000000000000,0.000100000000
1,3,65,-1,1,0.000000000000,0.000100000000
1,3,65,-1,2,0.000000000000,0.000100000000
1,3,65,-1,3,0.000000000000,0.000100000000
1,3,66,-1,1,0.000000000000,0.000100000000
1,3,66,-1,2,0.000000000000,0.000100000000
1,3,66,-1,3,0.000000000000,0.000100000000
1,3,67,-1,1,0.000000000000,0.000100000000
1,3,67,-1,2,0.000000000000,0.000100000000
1,3,67,-1,3,0.000000000000,0.000100000000
1,3,68,-1,1,0.000000000000,0.000100000000
1,3,68,-1,2,0.000000000000,0.000100000000
1,3,68,-1,3,0.000000000000,0.000100000000
1,3,69,-1,1,0.000000000000,0.000100000000
1,3,69,-1,2,0.000000000000,0.000100000000
1,3,69,-1,3,0.000000000000,0.000100000000
1,3,70,-1,1,0.000000000000,0.000100000000
1,3,70,-1,2,0.000000000000,0.000100000000
1,3,70,-1,3,0.000000000000,0.000100000000
1,3,71,-1,1,0.000000000000,0.000100000000
1,3,71,-1,2,0.000000000000,0.000100000000
1,3,71,-1,3,0.000000000000,0.000100000000
1,3,72,-1,1,0.000000000000,0.000100000000
1,3,72,-1,2,0.000000000000,0.000100000000
1,3,72,-1,3,0.000000000000,0.000100000000
1,3,73,-1,1,0.000000000000,0.000100000000
1,3,73,-1,2,0.000000000000,0.000100000000
1,3,73,-1,3,0.000000000000,0.000100000000
1,3,74,-1,1,0.000000000000,0.000100000000
1,3,74,-1,2,0.000000000000,0.000100000000
1,3,74,-1,3,0.000000000000,0.000100000000
1,3,75,-1,1,0.000000000000,0.000100000000
1,3,75,-1,2,0.000000000000,0.000100000000
1,3,75,-1,3,0.000000000000,0.000100000000
1,3,76,-1,1,0.000000000000,0.000100000000
1,3,76,-1,2,0.000000000000,0.000100000000
1,3,76,-1,3,0.000000000000,0.000100000000
1,3,77,-1,1,0.000000000000,0.000100000000
1,3,77,-1,2,0.000000000000,0.000100000000
1,3,77,-1,3,0.000000000000,0.000100000000
1,3,78,-1,1,0.000000000000,0.000100000000
1,3,78,-1,2,0.000000000000,0.000100000000
1,3,78,-1,3,0.000000000000,0.000100000000
1,3,79,-1,1,0.000000000000,0.000100000000
1,3,79,-1,2,0.000000000000,0.000100000000
1,3,79,-1,3,0.000000000000,0.000100000000
1,3,80,-1,1,0.000000000000,0.000100000000
1,3,80,-1,2,0.000000000000,0.000100000000
1,3,80,-1,3,0.000000000000,0.000100000000
1,3,81,-1,1,0.000000000000,0.000100000000
1,3,81,-1,2,0.000000000000,0.000100000000
1,3,81,-1,3,0.000000000000,0.000100000000
1,3,83,-1,1,0.000000000000,0.000100000000
1,3,83,-1,2,0.000000000000,0.000100000000
1,3,83,-1,3,0.000000000000,0.000100000000
1,3,84,-1,1,0.000000000000,0.000100000000
1,3,84,-1,2,0.000000000000,0.000100000000
1,3,84,-1,3,0.000000000000,0.000100000000
1,3,85,-1,1,0.000000000000,0.000100000000
1,3,85,-1,2,0.000000000000,0.000100000000
1,3,85,-1,3,0.000000000000,0.000100000000
1,3,86,-1,1,0.000000000000,0.000100000000
1,3,86,-1,2,0.000000000000,0.000100000000
1,3,86,-1,3,0.000000000000,0.000100000000
1,3,87,-1,1,0.000000000000,0.000100000000
1,3,87,-1,2,0.000000000000,0.000100000000
1,3,87,-1,3,0.000000000000,0.000100000000
1,3,88,-1,1,0.000000000000,0.000100000000
1,3,88,-1,2,0.000000000000,0.000100000000
1,3,88,-1,3,0.000000000000,0.000100000000
1,3,89,-1,1,0.000000000000,0.000100000000
1,3,89,-1,2,0.000000000000,0.000100000000
1,3,89,-1,3,0.000000000000,0.000100000000
1,3,90,-1,1,0.000000000000,0.000100000000
1,3,90,-1,2,0.000000000000,0.000100000000
1,3,90,-1,3,0.000000000000,0.000100000000
1,3,91,-1,1,0.000000000000,0.000100000000
1,3,91,-1,2,0.000000000000,0.000100000000
1,3,91,-1,3,0.000000000000,0.000100000000
1,3,92,-1,1,0.000000000000,0.000100000000
1,3,92,-1,2,0.000000000000,0.000100000000
1,3,92,-1,3,0.000000000000,0.000100000000
1,3,93,-1,1,0.000000000000,0.000100000000
1,3,93,-1,2,0.000000000000,0.000100000000
1,3,93,-1,3,0.000000000000,0.000100000000
1,3,94,-1,1,0.000000000000,0.000100000000
1,3,94,-1,2,0.000000000000,0.000100000000
1,3,94,-1,3,0.000000000000,0.000100000000
1,3,95,-1,1,0.000000000000,0.000100000000
1,3,95,-1,2,0.000000000000,0.000100000000
1,3,95,-1,3,0.000000000000,0.000100000000
1,3,96,-1,1,0.000000000000,0.000100000000
1,3,96,-1,2,0.000000000000,0.000100000000
1,3,96,-1,3,0.000000000000,0.000100000000
1,3,97,-1,1,0.000000000000,0.000100000000
1,3,97,-1,2,0.000000000000,0.000100000000
1,3,97,-1,3,0.000000000000,0.000100000000
1,3,99,-1,1,0.000000000000,0.000100000000
1,3,99,-1,2,0.000000000000,0.000100000000
1,3,99,-1,3,0.000000000000,0.000100000000
1,3,100,-1,1,0.000000000000,0.000100000000
1,3,100,-1,2,0.000000000000,0.000100000000
1,3,100,-1,3,0.000000000000,0.000100000000
1,3,101,-1,1,0.000000000000,0.000100000000
1,3,101,-1,2,0.000000000000,0.000100000000
1,3,101,-1,3,0.000000000000,0.000100000000
1,3,102,-1,1,0.000000000000,0.000100000000
1,3,102,-1,2,0.000000000000,0.000100000000
1,3,102,-1,3,0.000000000000,0.000100000000
1,3,103,-1,1,0.000000000000,0.000100000000
1,3,103,-1,2,0.000000000000,0.000100000000
1,3,103,-1,3,0.000000000000,0.000100000000
1,3,104,-1,1,0.000000000000,0.000100000000
1,3,104,-1,2,0.000000000000,0.000100000000
1,3,104,-1,3,0.000000000000,0.000100000000
1,3,105,-1,1,0.000000000000,0.000100000000
1,3,105,-1,2,0.000000000000,0.000100000000
1,3,105,-1,3,0.000000000000,0.000100000000
1,3,106,-1,1,0.000000000000,0.000100000000
1,3,106,-1,2,0.000000000000,0.000100000000
1,3,106,-1,3,0.000000000000,0.000100000000
1,3,107,-1,1,0.000000000000,0.000100000000
1,3,107,-1,2,0.000000000000,0.000100000000
1,3,107,-1,3,0.000000000000,0.000100000000
1,3,108,-1,1,0.000000000000,0.000100000000
1,3,108,-1,2,0.000000000000,0.000100000000
1,3,108,-1,3,0.000000000000,0.000100000000
1,3,109,-1,1,0.000000000000,0.000100000000
1,3,109,-1,2,0.000000000000,0.000100000000
1,3,109,-1,3,0.000000000000,0.000100000000
1,3,110,-1,1,0.000000000000,0.000100000000
1,3,110,-1,2,0.000000000000,0.000100000000
1,3,110,-1,3,0.000000000000,0.000100000000
1,3,111,-1,1,0.000000000000,0.000100000000
1,3,111,-1,2,0.000000000000,0.000100000000
1,3,111,-1,3,0.000000000000,0.000100000000
1,3,112,-1,1,0.000000000000,0.000100000000
1,3,112,-1,2,0.000000000000,0.000100000000
1,3,112,-1,3,0.000000000000,0.000100000000
1,3,113,-1,1,0.000000000000,0.000100000000
1,3,113,-1,2,0.000000000000,0.000100000000
1,3,113,-1,3,0.000000000000,0.000100000000
1,3,114,-1,1,0.000000000000,0.000100000000
1,3,114,-1,2,0.000000000000,0.000100000000
1,3,114,-1,3,0.000000000000,0.000100000000
1,3,115,-1,1,0.000000000000,0.000100000000
1,3,115,-1,2,0.000000000000,0.000100000000
1,3,115,-1,3,0.000000000000,0.000100000000
1,3,116,-1,1,0.000000000000,0.000100000000
1,3,116,-1,2,0.000000000000,0.000100000000
1,3,116,-1,3,0.000000000000,0.000100000000
1,3,117,-1,1,0.000000000000,0.000100000000
1,3,117,-1,2,0.000000000000,0.000100000000
1,3,117,-1,3,0.000000000000,0.000100000000
1,3,119,-1,1,0.000000000000,0.000100000000
1,3,119,-1,2,0.000000000000,0.000100000000
1,3,119,-1,3,0.000000000000,0.000100000000
1,3,120,-1,1,0.000000000000,0.000100000000
1,3,120,-1,2,0.000000000000,0.000100000000
1,3,120,-1,3,0.000000000000,0.000100000000
1,3,121,-1,1,0.000000000000,0.000100000000
1,3,121,-1,2,0.000000000000,0.000100000000
1,3,121,-1,3,0.000000000000,0.000100000000
1,3,122,-1,1,0.000000000000,0.000100000000
1,3,122,-1,2,0.000000000000,0.000100000000
1,3,122,-1,3,0.000000000000,0.000100000000
1,3,123,-1,1,0.000000000000,0.000100000000
1,3,123,-1,2,0.000000000000,0.000100000000
1,3,123,-1,3,0.000000000000,0.000100000000
1,3,124,-1,1,0.000000000000,0.000100000000
1,3,124,-1,2,0.000000000000,0.000100000000
1,3,124,-1,3,0.000000000000,0.000100000000
1,3,125,-1,1,0.000000000000,0.000100000000
1,3,125,-1,2,0.000000000000,0.000100000000
1,3,125,-1,3,0.000000000000,0.000100000000
1,3,126,-1,1,0.000000000000,0.000100000000
1,3,126,-1,2,0.000000000000,0.000100000000
1,3,126,-1,3,0.000000000000,0.000100000000
1,3,127,-1,1,0.000000000000,0.000100000000
1,3,127,-1,2,0.000000000000,0.000100000000
1,3,127,-1,3,0.000000000000,0.000100000000
1,3,128,-1,1,0.000000000000,0.000100000000
1,3,128,-1,2,0.000000000000,0.000100000000
1,3,128,-1,3,0.000000000000,0.000100000000
1,3,129,-1,1,0.000000000000,0.000100000000
1,3,129,-1,2,0.000000000000,0.000100000000
1,3,129,-1,3,0.000000000000,0.000100000000
1,3,130,-1,1,0.000000000000,0.000100000000
1,3,130,-1,2,0.000000000000,0.000100000000
1,3,130,-1,3,0.000000000000,0.000100000000
1,3,131,-1,1,0.000000000000,0.000100000000
1,3,131,-1,2,0.000000000000,0.000100000000
1,3,131,-1,3,0.000000000000,0.000100000000
1,3,132,-1,1,0.000000000000,0.000100000000
1,3,132,-1,2,0.000000000000,0.000100000000
1,3,132,-1,3,0.000000000000,0.000100000000
1,3,133,-1,1,0.000000000000,0.000100000000
1,3,133,-1,2,0.000000000000,0.000100000000
1,3,133,-1,3,0.000000000000,0.000100000000
1,3,134,-1,1,0.000000000000,0.000100000000
1,3,134,-1,2,0.000000000000,0.000100000000
1,3,134,-1,3,0.000000000000,0.000100000000
1,3,136,-1,1,0.000000000000,0.000100000000
1,3,136,-1,2,0.000000000000,0.000100000000
1,3,136,-1,3,0.000000000000,0.000100000000
1,3,137,-1,1,0.000000000000,0.000100000000
1,3,137,-1,2,0.000000000000,0.000100000000
1,3,137,-1,3,0.000000000000,0.000100000000
1,3,138,-1,1,0.000000000000,0.000100000000
1,3,138,-1,2,0.000000000000,0.000100000000
1,3,138,-1,3,0.000000000000,0.000100000000
1,3,139,-1,1,0.000000000000,0.000100000000
1,3,139,-1,2,0.000000000000,0.000100000000
1,3,139,-1,3,0.000000000000,0.000100000000
1,3,140,-1,1,0.000000000000,0.000100000000
1,3,140,-1,2,0.000000000000,0.000100000000
1,3,140,-1,3,0.000000000000,0.000100000000
1,3,141,-1,1,0.000000000000,0.000100000000
1,3,141,-1,2,0.000000000000,0.000100000000
1,3,141,-1,3,0.000000000000,0.000100000000
1,3,142,-1,1,0.000000000000,0.000100000000
1,3,142,-1,2,0.000000000000,0.000100000000
1,3,142,-1,3,0.000000000000,0.000100000000
1,3,143,-1,1,0.000000000000,0.000100000000
1,3,143,-1,2,0.000000000000,0.000100000000
1,3,143,-1,3,0.000000000000,0.000100000000
1,3,144,-1,1,0.000000000000,0.000100000000
1,3,144,-1,2,0.000000000000,0.000100000000
1,3,144,-1,3,0.000000000000,0.000100000000
1,3,145,-1,1,0.000000000000,0.000100000000
1,3,145,-1,2,0.000000000000,0.000100000000
1,3,145,-1,3,0.000000000000,0.000100000000
1,3,146,-1,1,0.000000000000,0.000100000000
1,3,146,-1,2,0.000000000000,0.000100000000
1,3,146,-1,3,0.000000000000,0.000100000000
1,3,147,-1,1,0.000000000000,0.000100000000
1,3,147,-1,2,0.000000000000,0.000100000000
1,3,147,-1,3,0.000000000000,0.000100000000
1,3,148,-1,1,0.000000000000,0.000100000000
1,3,148,-1,2,0.000000000000,0.000100000000
1,3,148,-1,3,0.000000000000,0.000100000000
1,3,149,-1,1,0.000000000000,0.000100000000
1,3,149,-1,2,0.000000000000,0.000100000000
1,3,149,-1,3,0.000000000000,0.000100000000
1,3,150,-1,1,0.000000000000,0.000100000000
1,3,150,-1,2,0.000000000000,0.000100000000
1,3,150,-1,3,0.000000000000,0.000100000000
1,3,1019,-1,1,0.000000000000,0.000100000000
1,3,1019,-1,2,0.000000000000,0.000100000000
1,3,1019,-1,3,0.000000000000,0.000100000000
1,3,1119,-1,1,0.000000000000,0.000100000000
1,3,1119,-1,2,0.000000000000,0.000100000000
1,3,1119,-1,3,0.000000000000,0.000100000000
1,3,1145,-1,1,0.000000000000,0.000100000000
1,3,1145,-1,2,0.000000000000,0.000100000000
1,3,1145,-1,3,0.000000000000,0.000100000000
1,3,1146,-1,1,0.000000000000,0.000100000000
1,3,1146,-1,2,0.000000000000,0.000100000000
1,3,1146,-1,3,0.000000000000,0.000100000000
1,3,1147,-1,1,0.000000000000,0.000100000000
1,3,1147,-1,2,0.000000000000,0.000100000000
1,3,1147,-1,3,0.000000000000,0.000100000000
1,3,1148,-1,1,0.000000000000,0.000100000000
1,3,1148,-1,2,0.000000000000,0.000100000000
1,3,1148,-1,3,0.000000000000,0.000100000000
1,3,1149,-1,1,0.000000000000,0.000100000000
1,3,1149,-1,2,0.000000000000,0.000100000000
1,3,1149,-1,3,0.000000000000,0.000100000000
1,3,1150,-1,1,0.000000000000,0.000100000000
1,3,1150,-1,2,0.000000000000,0.000100000000
1,3,1150,-1,3,0.000000000000,0.000100000000
1,3,1151,-1,1,0.000000000000,0.000100000000
1,3,1151,-1,2,0.000000000000,0.000100000000
1,3,1151,-1,3,0.000000000000,0.000100000000
1,3,1152,-1,1,0.000000000000,0.000100000000
1,3,1152,-1,2,0.000000000000,0.000100000000
1,3,1152,-1,3,0.000000000000,0.000100000000
1,3,1153,-1,1,0.000000000000,0.000100000000
1,3,1153,-1,2,0.000000000000,0.000100000000
1,3,1153,-1,3,0.000000000000,0.000100000000
1,3,1154,-1,1,0.000000000000,0.000100000000
1,3,1154,-1,2,0.000000000000,0.000100000000
1,3,1154,-1,3,0.000000000000,0.000100000000
1,3,1155,-1,1,0.000000000000,0.000100000000
1,3,1155,-1,2,0.000000000000,0.000100000000
1,3,1155,-1,3,0.000000000000,0.000100000000
1,3,1156,-1,1,0.000000000000,0.000100000000
1,3,1156,-1,2,0.000000000000,0.000100000000
1,3,1156,-1,3,0.000000000000,0.000100000000
1,3,1158,-1,1,0.000000000000,0.000100000000
1,3,1158,-1,2,0.000000000000,0.000100000000
1,3,1158,-1,3,0.000000000000,0.000100000000
1,3,1159,-1,1,0.000000000000,0.000100000000
1,3,1159,-1,2,0.000000000000,0.000100000000
1,3,1159,-1,3,0.000000000000,0.000100000000
1,3,1160,-1,1,0.000000000000,0.000100000000
1,3,1160,-1,2,0.000000000000,0.000100000000
1,3,1160,-1,3,0.000000000000,0.000100000000
1,3,1161,-1,1,0.000000000000,0.000100000000
1,3,1161,-1,2,0.000000000000,0.000100000000
1,3,1161,-1,3,0.000000000000,0.000100000000
1,3,1162,-1,1,0.000000000000,0.000100000000
1,3,1162,-1,2,0.000000000000,0.000100000000
1,3,1162,-1,3,0.000000000000,0.000100000000
1,3,1163,-1,1,0.000000000000,0.000100000000
1,3,1163,-1,2,0.000000000000,0.000100000000
1,3,1163,-1,3,0.000000000000,0.000100000000
1,3,1164,-1,1,0.000000000000,0.000100000000
1,3,1164,-1,2,0.000000000000,0.000100000000
1,3,1164,-1,3,0.000000000000,0.000100000000
1,3,1165,-1,1,0.000000000000,0.000100000000
1,3,1165,-1,2,0.000000000000,0.000100000000
1,3,1165,-1,3,0.000000000000,0.000100000000
1,3,1166,-1,1,0.000000000000,0.000100000000
1,3,1166,-1,2,0.000000000000,0.000100000000
1,3,1166,-1,3,0.000000000000,0.000100000000
1,3,1167,-1,1,0.000000000000,0.000100000000
1,3,1167,-1,2,0.000000000000,0.000100000000
1,3,1167,-1,3,0.000000000000,0.000100000000
1,3,1168,-1,1,0.000000000000,0.000100000000
1,3,1168,-1,2,0.000000000000,0.000100000000
1,3,1168,-1,3,0.000000000000,0.000100000000
1,3,1169,-1,1,0.000000000000,0.000100000000
1,3,1169,-1,2,0.000000000000,0.000100000000
1,3,1169,-1,3,0.000000000000,0.000100000000
1,3,1170,-1,1,0.000000000000,0.000100000000
1,3,1170,-1,2,0.000000000000,0.000100000000
1,3,1170,-1,3,0.000000000000,0.000100000000
1,3,1171,-1,1,0.000000000000,0.000100000000
1,3,1171,-1,2,0.000000000000,0.000100000000
1,3,1171,-1,3,0.000000000000,0.000100000000
1,3,1172,-1,1,0.000000000000,0.000100000000
1,3,1172,-1,2,0.000000000000,0.000100000000
1,3,1172,-1,3,0.000000000000,0.000100000000
1,3,1173,-1,1,0.000000000000,0.000100000000
1,3,1173,-1,2,0.000000000000,0.000100000000
1,3,1173,-1,3,0.000000000000,0.000100000000
1,3,1174,-1,1,0.000000000000,0.000100000000
1,3,1174,-1,2,0.000000000000,0.000100000000
1,3,1174,-1,3,0.000000000000,0.000100000000
1,3,1175,-1,1,0.000000000000,0.000100000000
1,3,1175,-1,2,0.000000000000,0.000100000000
1,3,1175,-1,3,0.000000000000,0.000100000000
1,3,1176,-1,1,0.000000000000,0.000100000000
1,3,1176,-1,2,0.000000000000,0.000100000000
1,3,1176,-1,3,0.000000000000,0.000100000000
1,3,1177,-1,1,0.000000000000,0.000100000000
1,3,1177,-1,2,0.000000000000,0.000100000000
1,3,1177,-1,3,0.000000000000,0.000100000000
1,3,1178,-1,1,0.000000000000,0.000100000000
1,3,1178,-1,2,0.000000000000,0.000100000000
1,3,1178,-1,3,0.000000000000,0.000100000000
1,3,1179,-1,1,0.000000000000,0.000100000000
1,3,1179,-1,2,0.000000000000,0.000100000000
1,3,1179,-1,3,0.000000000000,0.000100000000
1,3,1180,-1,1,0.000000000000,0.000100000000
1,3,1180,-1,2,0.000000000000,0.000100000000
1,3,1180,-1,3,0.000000000000,0.000100000000
1,3,1181,-1,1,0.000000000000,0.000100000000
1,3,1181,-1,2,0.000000000000,0.000100000000
1,3,1181,-1,3,0.000000000000,0.000100000000
1,3,1182,-1,1,0.000000000000,0.000100000000
1,3,1182,-1,2,0.000000000000,0.000100000000
1,3,1182,-1,3,0.000000000000,0.000100000000
1,3,1183,-1,1,0.000000000000,0.000100000000
1,3,1183,-1,2,0.000000000000,0.000100000000
1,3,1183,-1,3,0.000000000000,0.000100000000
1,3,1184,-1,1,0.000000000000,0.000100000000
1,3,1184,-1,2,0.000000000000,0.000100000000
1,3,1184,-1,3,0.000000000000,0.000100000000
1,3,1185,-1,1,0.000000000000,0.000100000000
1,3,1185,-1,2,0.000000000000,0.000100000000
1,3,1185,-1,3,0.000000000000,0.000100000000
1,3,1186,-1,1,0.000000000000,0.000100000000
1,3,1186,-1,2,0.000000000000,0.000100000000
1,3,1186,-1,3,0.000000000000,0.000100000000
1,3,1187,-1,1,0.000000000000,0.000100000000
1,3,1187,-1,2,0.000000000000,0.000100000000
1,3,1187,-1,3,0.000000000000,0.000100000000
1,3,1188,-1,1,0.000000000000,0.000100000000
1,3,1188,-1,2,0.000000000000,0.000100000000
1,3,1188,-1,3,0.000000000000,0.000100000000
1,3,1189,-1,1,0.000000000000,0.000100000000
1,3,1189,-1,2,0.000000000000,0.000100000000
1,3,1189,-1,3,0.000000000000,0.000100000000
1,3,1190,-1,1,0.000000000000,0.000100000000
1,3,1190,-1,2,0.000000000000,0.000100000000
1,3,1190,-1,3,0.000000000000,0.000100000000
1,3,1191,-1,1,0.000000000000,0.000100000000
1,3,1191,-1,2,0.000000000000,0.000100000000
1,3,1191,-1,3,0.000000000000,0.000100000000
1,3,1192,-1,1,0.000000000000,0.000100000000
1,3,1192,-1,2,0.000000000000,0.000100000000
1,3,1192,-1,3,0.000000000000,0.000100000000
1,3,1196,-1,1,0.000000000000,0.000100000000
1,3,1196,-1,2,0.000000000000,0.000100000000
1,3,1196,-1,3,0.000000000000,0.000100000000
1,3,1197,-1,1,0.000000000000,0.000100000000
1,3,1197,-1,2,0.000000000000,0.000100000000
1,3,1197,-1,3,0.000000000000,0.000100000000
1,3,1201,-1,1,0.000000000000,0.000100000000
1,3,1201,-1,2,0.000000000000,0.000100000000
1,3,1201,-1,3,0.000000000000,0.000100000000
1,3,1202,-1,1,0.000000000000,0.000100000000
1,3,1202,-1,2,0.000000000000,0.000100000000
1,3,1202,-1,3,0.000000000000,0.000100000000
1,3,1207,-1,1,0.000000000000,0.000100000000
1,3,1207,-1,2,0.000000000000,0.000100000000
1,3,1207,-1,3,0.000000000000,0.000100000000
1,3,1208,-1,1,0.000000000000,0.000100000000
1,3,1208,-1,2,0.000000000000,0.000100000000
1,3,1208,-1,3,0.000000000000,0.000100000000
1,3,1209,-1,1,0.000000000000,0.000100000000
1,3,1209,-1,2,0.000000000000,0.000100000000
1,3,1209,-1,3,0.000000000000,0.000100000000
1,3,1214,-1,1,0.000000000000,0.000100000000
1,3,1214,-1,2,0.000000000000,0.000100000000
1,3,1214,-1,3,0.000000000000,0.000100000000
1,3,1215,-1,1,0.000000000000,0.000100000000
1,3,1215,-1,2,0.000000000000,0.000100000000
1,3,1215,-1,3,0.000000000000,0.000100000000
1,3,1216,-1,1,0.000000000000,0.000100000000
1,3,1216,-1,2,0.000000000000,0.000100000000
1,3,1216,-1,3,0.000000000000,0.000100000000
1,3,1221,-1,1,0.000000000000,0.000100000000
1,3,1221,-1,2,0.000000000000,0.000100000000
1,3,1221,-1,3,0.000000000000,0.000100000000
1,3,1222,-1,1,0.000000000000,0.000100000000
1,3,1222,-1,2,0.000000000000,0.000100000000
1,3,1222,-1,3,0.000000000000,0.000100000000
1,3,1223,-1,1,0.000000000000,0.000100000000
1,3,1223,-1,2,0.000000000000,0.000100000000
1,3,1223,-1,3,0.000000000000,0.000100000000
1,3,1228,-1,1,0.000000000000,0.000100000000
1,3,1228,-1,2,0.000000000000,0.000100000000
1,3,1228,-1,3,0.000000000000,0.000100000000
1,3,1229,-1,1,0.000000000000,0.000100000000
1,3,1229,-1,2,0.000000000000,0.000100000000
1,3,1229,-1,3,0.000000000000,0.000100000000
1,3,1230,-1,1,0.000000000000,0.000100000000
1,3,1230,-1,2,0.000000000000,0.000100000000
1,3,1230,-1,3,0.000000000000,0.000100000000
1,3,1234,-1,1,0.000000000000,0.000100000000
1,3,1234,-1,2,0.000000000000,0.000100000000
1,3,1234,-1,3,0.000000000000,0.000100000000
1,3,1235,-1,1,0.000000000000,0.000100000000
1,3,1235,-1,2,0.000000000000,0.000100000000
1,3,1235,-1,3,0.000000000000,0.000100000000
1,3,1238,-1,1,0.000000000000,0.000100000000
1,3,1238,-1,2,0.000000000000,0.000100000000
1,3,1238,-1,3,0.000000000000,0.000100000000
1,3,1240,-1,1,0.000000000000,0.000100000000
1,3,1240,-1,2,0.000000000000,0.000100000000
1,3,1240,-1,3,0.000000000000,0.000100000000
1,4,1,-1,1,139.429500000000,0.010000000000
1,4,1,-1,2,139.429500000000,0.010000000000
1,4,1,-1,3,139.429500000000,0.010000000000
1,4,3,-1,1,139.426698340000,0.010000000000
1,4,3,-1,2,139.427126600000,0.010000000000
1,4,3,-1,3,139.427362710000,0.010000000000
1,4,5,-1,1,8.178490360000,0.010000000000
1,4,5,-1,2,8.177454850000,0.010000000000
1,4,5,-1,3,8.180708650000,0.010000000000
1,4,7,-1,1,139.426688830000,0.010000000000
1,4,7,-1,2,139.427117770000,0.010000000000
1,4,7,-1,3,139.427354990000,0.010000000000
1,4,9,-1,1,8.176689450000,0.010000000000
1,4,9,-1,2,8.175382740000,0.010000000000
1,4,9,-1,3,8.178656320000,0.010000000000
1,4,11,-1,1,8.178242400000,0.010000000000
1,4,11,-1,2,8.177210080000,0.010000000000
1,4,11,-1,3,8.180453960000,0.010000000000
1,4,27,-1,1,8.178267540000,0.010000000000
1,4,27,-1,2,8.177229830000,0.010000000000
1,4,27,-1,3,8.180495370000,0.010000000000
1,4,45,-1,1,8.178125980000,0.010000000000
1,4,45,-1,2,8.177093670000,0.010000000000
1,4,45,-1,3,8.180321480000,0.010000000000
1,4,62,-1,1,8.178136710000,0.010000000000
1,4,62,-1,2,8.177105720000,0.010000000000
1,4,62,-1,3,8.180340420000,0.010000000000
1,4,81,-1,1,8.176442410000,0.010000000000
1,4,81,-1,2,8.175131380000,0.010000000000
1,4,81,-1,3,8.178425470000,0.010000000000
1,4,97,-1,1,8.176422820000,0.010000000000
1,4,97,-1,2,8.175119070000,0.010000000000
1,4,97,-1,3,8.178345560000,0.010000000000
1,4,117,-1,1,8.176361420000,0.010000000000
1,4,117,-1,2,8.175059500000,0.010000000000
1,4,117,-1,3,8.178264320000,0.010000000000
1,4,134,-1,1,8.176350740000,0.010000000000
1,4,134,-1,2,8.175050840000,0.010000000000
1,4,134,-1,3,8.178268950000,0.010000000000
1,4,1001,-1,1,0.119981450000,0.010000000000
1,4,1001,-1,2,0.120181460000,0.010000000000
1,4,1001,-1,3,0.120240800000,0.010000000000
1,4,1196,-1,1,0.280903050000,0.010000000000
1,4,1196,-1,2,0.279800150000,0.010000000000
1,4,1196,-1,3,0.279436530000,0.010000000000
1,4,1201,-1,1,0.279868080000,0.010000000000
1,4,1201,-1,2,0.280121420000,0.010000000000
1,4,1201,-1,3,0.279567100000,0.010000000000
1,4,1207,-1,1,0.278761390000,0.010000000000
1,4,1207,-1,2,0.277900190000,0.010000000000
1,4,1207,-1,3,0.279717570000,0.010000000000
1,4,1214,-1,1,0.279247970000,0.010000000000
1,4,1214,-1,2,0.279521560000,0.010000000000
1,4,1214,-1,3,0.279443000000,0.010000000000
1,4,1221,-1,1,0.277074850000,0.010000000000
1,4,1221,-1,2,0.277015630000,0.010000000000
1,4,1221,-1,3,0.277185790000,0.010000000000
1,4,1228,-1,1,0.278153880000,0.010000000000
1,4,1228,-1,2,0.278338180000,0.010000000000
1,4,1228,-1,3,0.278771840000,0.010000000000
1,4,1234,-1,1,0.282516440000,0.010000000000
1,4,1234,-1,2,0.282613390000,0.010000000000
1,4,1234,-1,3,0.282536620000,0.010000000000
1,4,1238,-1,1,0.276612810000,0.010000000000
1,4,1238,-1,2,0.276133300000,0.010000000000
1,4,1238,-1,3,0.275403380000,0.010000000000
