1,2,1193,-1,1,457.757000000000005,0.000100000000000
1,2,1193,-1,2,537.388000000000034,0.000100000000000
1,2,1193,-1,3,466.778999999999996,0.000100000000000
1,2,1198,-1,1,275.677000000000021,0.000100000000000
1,2,1198,-1,2,291.196000000000026,0.000100000000000
1,2,1198,-1,3,301.279999999999973,0.000100000000000
1,2,1203,-1,1,812.865999999999985,0.000100000000000
1,2,1203,-1,2,730.003000000000043,0.000100000000000
1,2,1203,-1,3,732.046000000000049,0.000100000000000
1,2,1210,-1,1,907.061000000000035,0.000100000000000
1,2,1210,-1,2,899.177999999999997,0.000100000000000
1,2,1210,-1,3,897.366999999999962,0.000100000000000
1,2,1217,-1,1,983.775999999999954,0.000100000000000
1,2,1217,-1,2,939.490000000000009,0.000100000000000
1,2,1217,-1,3,937.102999999999952,0.000100000000000
1,2,1224,-1,1,1016.648000000000025,0.000100000000000
1,2,1224,-1,2,979.874000000000024,0.000100000000000
1,2,1224,-1,3,883.201999999999998,0.000100000000000
1,2,1231,-1,1,146.042000000000002,0.000100000000000
1,2,1231,-1,2,130.955999999999989,0.000100000000000
1,2,1231,-1,3,149.151999999999987,0.000100000000000
1,2,1236,-1,1,884.114000000000033,0.000100000000000
1,2,1236,-1,2,943.663999999999987,0.000100000000000
1,2,1236,-1,3,876.219000000000051,0.000100000000000
1,2,1001,-1,1,48.901000000000003,0.000100000000000
1,2,1001,-1,2,46.649000000000001,0.000100000000000
1,2,1001,-1,3,49.979999999999997,0.000100000000000
1,2,1002,-1,1,43.475000000000001,0.000100000000000
1,2,1002,-1,2,44.564000000000000,0.000100000000000
1,2,1002,-1,3,48.159999999999997,0.000100000000000
1,2,1003,-1,1,49.377000000000002,0.000100000000000
1,2,1003,-1,2,44.789000000000001,0.000100000000000
1,2,1003,-1,3,43.543999999999997,0.000100000000000
1,2,1005,-1,1,42.905000000000001,0.000100000000000
1,2,1005,-1,2,49.137000000000000,0.000100000000000
1,2,1005,-1,3,43.527999999999999,0.000100000000000
1,2,1006,-1,1,45.054000000000002,0.000100000000000
1,2,1006,-1,2,43.896999999999998,0.000100000000000
1,2,1006,-1,3,45.969000000000001,0.000100000000000
1,2,1007,-1,1,43.521000000000001,0.000100000000000
1,2,1007,-1,2,46.320000000000000,0.000100000000000
1,2,1007,-1,3,46.619000000000000,0.000100000000000
1,2,1008,-1,1,44.966999999999999,0.000100000000000
1,2,1008,-1,2,42.584000000000003,0.000100000000000
1,2,1008,-1,3,49.079000000000001,0.000100000000000
1,2,1010,-1,1,46.020000000000003,0.000100000000000
1,2,1010,-1,2,46.905000000000001,0.000100000000000
1,2,1010,-1,3,41.825000000000003,0.000100000000000
1,2,1011,-1,1,40.206000000000003,0.000100000000000
1,2,1011,-1,2,48.545999999999999,0.000100000000000
1,2,1011,-1,3,43.308000000000000,0.000100000000000
1,2,1012,-1,1,44.805000000000000,0.000100000000000
1,2,1012,-1,2,47.767000000000003,0.000100000000000
1,2,1012,-1,3,42.448000000000000,0.000100000000000
1,2,1013,-1,1,48.073000000000000,0.000100000000000
1,2,1013,-1,2,45.034999999999997,0.000100000000000
1,2,1013,-1,3,49.253000000000000,0.000100000000000
1,2,1015,-1,1,44.280000000000001,0.000100000000000
1,2,1015,-1,2,44.715000000000003,0.000100000000000
1,2,1015,-1,3,46.884999999999998,0.000100000000000
1,2,1016,-1,1,48.447000000000003,0.000100000000000
1,2,1016,-1,2,44.798999999999999,0.000100000000000
1,2,1016,-1,3,46.573999999999998,0.000100000000000
1,2,1017,-1,1,45.848999999999997,0.000100000000000
1,2,1017,-1,2,45.710000000000001,0.000100000000000
1,2,1017,-1,3,41.290999999999997,0.000100000000000
1,2,1018,-1,1,46.948999999999998,0.000100000000000
1,2,1018,-1,2,47.109000000000002,0.000100000000000
1,2,1018,-1,3,47.231999999999999,0.000100000000000
1,2,1019,-1,1,44.273000000000003,0.000100000000000
1,2,1019,-1,2,49.137000000000000,0.000100000000000
1,2,1019,-1,3,44.890000000000001,0.000100000000000
1,2,1020,-1,1,47.140000000000001,0.000100000000000
1,2,1020,-1,2,44.072000000000003,0.000100000000000
1,2,1020,-1,3,45.768000000000001,0.000100000000000
1,2,1021,-1,1,46.893999999999998,0.000100000000000
1,2,1021,-1,2,45.920000000000002,0.000100000000000
1,2,1021,-1,3,48.776000000000003,0.000100000000000
1,2,1022,-1,1,50.183000000000000,0.000100000000000
1,2,1022,-1,2,47.411999999999999,0.000100000000000
1,2,1022,-1,3,47.475000000000001,0.000100000000000
1,2,1023,-1,1,138.949999999999989,0.000100000000000
1,2,1023,-1,2,153.201999999999998,0.000100000000000
1,2,1023,-1,3,140.247999999999990,0.000100000000000
1,2,1024,-1,1,120.802000000000007,0.000100000000000
1,2,1024,-1,2,134.695999999999998,0.000100000000000
1,2,1024,-1,3,136.072000000000003,0.000100000000000
1,2,1025,-1,1,133.102000000000004,0.000100000000000
1,2,1025,-1,2,157.623999999999995,0.000100000000000
1,2,1025,-1,3,148.473999999999990,0.000100000000000
1,2,1026,-1,1,46.427000000000000,0.000100000000000
1,2,1026,-1,2,42.863999999999997,0.000100000000000
1,2,1026,-1,3,50.098999999999997,0.000100000000000
1,2,1031,-1,1,48.271000000000001,0.000100000000000
1,2,1031,-1,2,48.030000000000001,0.000100000000000
1,2,1031,-1,3,47.999000000000002,0.000100000000000
1,2,1032,-1,1,41.268000000000001,0.000100000000000
1,2,1032,-1,2,43.353999999999999,0.000100000000000
1,2,1032,-1,3,41.768000000000001,0.000100000000000
1,2,1037,-1,1,50.197000000000003,0.000100000000000
1,2,1037,-1,2,49.192000000000000,0.000100000000000
1,2,1037,-1,3,51.180999999999997,0.000100000000000
1,2,1038,-1,1,163.270999999999987,0.000100000000000
1,2,1038,-1,2,175.762000000000000,0.000100000000000
1,2,1038,-1,3,164.887000000000000,0.000100000000000
1,2,1039,-1,1,182.937999999999988,0.000100000000000
1,2,1039,-1,2,152.377000000000010,0.000100000000000
1,2,1039,-1,3,152.514999999999986,0.000100000000000
1,2,1040,-1,1,185.503999999999991,0.000100000000000
1,2,1040,-1,2,186.931000000000012,0.000100000000000
1,2,1040,-1,3,186.533999999999992,0.000100000000000
1,2,1041,-1,1,47.593000000000004,0.000100000000000
1,2,1041,-1,2,48.076999999999998,0.000100000000000
1,2,1041,-1,3,44.399999999999999,0.000100000000000
1,2,1042,-1,1,101.495000000000005,0.000100000000000
1,2,1042,-1,2,89.503000000000000,0.000100000000000
1,2,1042,-1,3,92.503000000000000,0.000100000000000
1,2,1043,-1,1,89.109999999999999,0.000100000000000
1,2,1043,-1,2,94.010999999999996,0.000100000000000
1,2,1043,-1,3,88.170000000000002,0.000100000000000
1,2,1046,-1,1,166.484000000000009,0.000100000000000
1,2,1046,-1,2,164.139999999999986,0.000100000000000
1,2,1046,-1,3,158.094999999999999,0.000100000000000
1,2,1047,-1,1,178.290999999999997,0.000100000000000
1,2,1047,-1,2,180.752000000000010,0.000100000000000
1,2,1047,-1,3,175.616999999999990,0.000100000000000
1,2,1048,-1,1,179.637000000000000,0.000100000000000
1,2,1048,-1,2,171.225999999999999,0.000100000000000
1,2,1048,-1,3,185.227000000000004,0.000100000000000
1,2,1051,-1,1,160.957999999999998,0.000100000000000
1,2,1051,-1,2,176.824999999999989,0.000100000000000
1,2,1051,-1,3,170.765999999999991,0.000100000000000
1,2,1052,-1,1,162.675000000000011,0.000100000000000
1,2,1052,-1,2,164.008999999999986,0.000100000000000
1,2,1052,-1,3,159.575999999999993,0.000100000000000
1,2,1053,-1,1,153.425999999999988,0.000100000000000
1,2,1053,-1,2,153.419000000000011,0.000100000000000
1,2,1053,-1,3,154.544000000000011,0.000100000000000
1,2,1056,-1,1,158.844999999999999,0.000100000000000
1,2,1056,-1,2,169.800999999999988,0.000100000000000
1,2,1056,-1,3,159.873999999999995,0.000100000000000
1,2,1057,-1,1,186.703000000000003,0.000100000000000
1,2,1057,-1,2,185.991999999999990,0.000100000000000
1,2,1057,-1,3,182.615000000000009,0.000100000000000
1,2,1058,-1,1,158.718999999999994,0.000100000000000
1,2,1058,-1,2,155.016999999999996,0.000100000000000
1,2,1058,-1,3,159.462999999999994,0.000100000000000
1,2,1061,-1,1,86.457999999999998,0.000100000000000
1,2,1061,-1,2,84.739000000000004,0.000100000000000
1,2,1061,-1,3,87.253000000000000,0.000100000000000
1,2,1062,-1,1,43.497999999999998,0.000100000000000
1,2,1062,-1,2,47.116000000000000,0.000100000000000
1,2,1062,-1,3,44.125999999999998,0.000100000000000
1,2,1063,-1,1,48.616000000000000,0.000100000000000
1,2,1063,-1,2,42.284999999999997,0.000100000000000
1,2,1063,-1,3,47.908999999999999,0.000100000000000
1,2,1064,-1,1,179.828000000000003,0.000100000000000
1,2,1064,-1,2,172.074999999999989,0.000100000000000
1,2,1064,-1,3,162.856999999999999,0.000100000000000
1,2,1065,-1,1,160.192000000000007,0.000100000000000
1,2,1065,-1,2,162.619000000000000,0.000100000000000
1,2,1065,-1,3,177.337999999999994,0.000100000000000
1,2,1066,-1,1,170.738000000000000,0.000100000000000
1,2,1066,-1,2,168.867999999999995,0.000100000000000
1,2,1066,-1,3,168.604000000000013,0.000100000000000
1,2,1067,-1,1,50.847999999999999,0.000100000000000
1,2,1067,-1,2,44.454000000000001,0.000100000000000
1,2,1067,-1,3,48.457999999999998,0.000100000000000
1,2,1072,-1,1,40.216000000000001,0.000100000000000
1,2,1072,-1,2,42.454999999999998,0.000100000000000
1,2,1072,-1,3,46.359000000000002,0.000100000000000
1,2,1073,-1,1,46.674999999999997,0.000100000000000
1,2,1073,-1,2,44.851999999999997,0.000100000000000
1,2,1073,-1,3,43.573000000000000,0.000100000000000
1,2,1078,-1,1,48.192999999999998,0.000100000000000
1,2,1078,-1,2,47.473999999999997,0.000100000000000
1,2,1078,-1,3,46.232999999999997,0.000100000000000
1,2,1079,-1,1,131.245000000000005,0.000100000000000
1,2,1079,-1,2,126.313000000000002,0.000100000000000
1,2,1079,-1,3,133.411000000000001,0.000100000000000
1,2,1080,-1,1,157.568000000000012,0.000100000000000
1,2,1080,-1,2,163.305000000000007,0.000100000000000
1,2,1080,-1,3,160.786000000000001,0.000100000000000
1,2,1081,-1,1,206.294999999999987,0.000100000000000
1,2,1081,-1,2,201.360999999999990,0.000100000000000
1,2,1081,-1,3,182.183999999999997,0.000100000000000
1,2,1082,-1,1,49.353999999999999,0.000100000000000
1,2,1082,-1,2,46.186999999999998,0.000100000000000
1,2,1082,-1,3,45.649000000000001,0.000100000000000
1,2,1083,-1,1,48.740000000000002,0.000100000000000
1,2,1083,-1,2,49.415999999999997,0.000100000000000
1,2,1083,-1,3,43.634999999999998,0.000100000000000
1,2,1084,-1,1,129.956999999999994,0.000100000000000
1,2,1084,-1,2,138.429000000000002,0.000100000000000
1,2,1084,-1,3,153.804000000000002,0.000100000000000
1,2,1087,-1,1,134.917000000000002,0.000100000000000
1,2,1087,-1,2,125.055999999999997,0.000100000000000
1,2,1087,-1,3,119.847999999999999,0.000100000000000
1,2,1088,-1,1,186.038999999999987,0.000100000000000
1,2,1088,-1,2,184.316000000000003,0.000100000000000
1,2,1088,-1,3,191.653999999999996,0.000100000000000
1,2,1089,-1,1,160.438999999999993,0.000100000000000
1,2,1089,-1,2,167.106999999999999,0.000100000000000
1,2,1089,-1,3,163.123999999999995,0.000100000000000
1,2,1092,-1,1,170.872999999999990,0.000100000000000
1,2,1092,-1,2,161.324000000000012,0.000100000000000
1,2,1092,-1,3,157.953000000000003,0.000100000000000
1,2,1093,-1,1,153.914999999999992,0.000100000000000
1,2,1093,-1,2,161.412000000000006,0.000100000000000
1,2,1093,-1,3,153.961999999999989,0.000100000000000
1,2,1094,-1,1,159.067000000000007,0.000100000000000
1,2,1094,-1,2,156.616999999999990,0.000100000000000
1,2,1094,-1,3,152.836000000000013,0.000100000000000
1,2,1097,-1,1,113.283000000000001,0.000100000000000
1,2,1097,-1,2,118.322999999999993,0.000100000000000
1,2,1097,-1,3,103.933999999999997,0.000100000000000
1,2,1098,-1,1,128.631000000000000,0.000100000000000
1,2,1098,-1,2,123.561999999999998,0.000100000000000
1,2,1098,-1,3,127.207999999999998,0.000100000000000
1,2,1099,-1,1,125.718999999999994,0.000100000000000
1,2,1099,-1,2,111.105999999999995,0.000100000000000
1,2,1099,-1,3,116.754999999999995,0.000100000000000
1,2,1102,-1,1,96.504000000000005,0.000100000000000
1,2,1102,-1,2,94.257999999999996,0.000100000000000
1,2,1102,-1,3,93.147999999999996,0.000100000000000
1,2,1103,-1,1,42.493000000000002,0.000100000000000
1,2,1103,-1,2,46.781999999999996,0.000100000000000
1,2,1103,-1,3,47.875000000000000,0.000100000000000
1,2,1104,-1,1,44.942999999999998,0.000100000000000
1,2,1104,-1,2,43.529000000000003,0.000100000000000
1,2,1104,-1,3,43.158000000000001,0.000100000000000
1,2,1105,-1,1,142.644000000000005,0.000100000000000
1,2,1105,-1,2,129.550999999999988,0.000100000000000
1,2,1105,-1,3,124.674999999999997,0.000100000000000
1,2,1106,-1,1,162.420999999999992,0.000100000000000
1,2,1106,-1,2,169.006000000000000,0.000100000000000
1,2,1106,-1,3,157.052999999999997,0.000100000000000
1,2,1107,-1,1,161.622999999999990,0.000100000000000
1,2,1107,-1,2,169.669000000000011,0.000100000000000
1,2,1107,-1,3,163.078000000000003,0.000100000000000
1,2,1108,-1,1,47.728000000000002,0.000100000000000
1,2,1108,-1,2,45.347000000000001,0.000100000000000
1,2,1108,-1,3,43.445000000000000,0.000100000000000
1,2,1113,-1,1,44.240000000000002,0.000100000000000
1,2,1113,-1,2,45.100000000000001,0.000100000000000
1,2,1113,-1,3,44.659999999999997,0.000100000000000
1,2,1114,-1,1,42.753999999999998,0.000100000000000
1,2,1114,-1,2,48.755000000000003,0.000100000000000
1,2,1114,-1,3,48.191000000000003,0.000100000000000
1,2,1120,-1,1,140.219999999999999,0.000100000000000
1,2,1120,-1,2,131.407999999999987,0.000100000000000
1,2,1120,-1,3,130.021999999999991,0.000100000000000
1,2,1121,-1,1,143.491000000000014,0.000100000000000
1,2,1121,-1,2,128.497999999999990,0.000100000000000
1,2,1121,-1,3,130.140999999999991,0.000100000000000
1,2,1122,-1,1,149.667000000000002,0.000100000000000
1,2,1122,-1,2,146.526000000000010,0.000100000000000
1,2,1122,-1,3,148.157000000000011,0.000100000000000
1,2,1123,-1,1,46.817000000000000,0.000100000000000
1,2,1123,-1,2,50.017000000000003,0.000100000000000
1,2,1123,-1,3,52.555999999999997,0.000100000000000
1,2,1124,-1,1,49.929000000000002,0.000100000000000
1,2,1124,-1,2,43.475000000000001,0.000100000000000
1,2,1124,-1,3,44.686000000000000,0.000100000000000
1,2,1125,-1,1,43.345999999999997,0.000100000000000
1,2,1125,-1,2,41.704000000000001,0.000100000000000
1,2,1125,-1,3,44.390000000000001,0.000100000000000
1,2,1127,-1,1,51.000000000000000,0.000100000000000
1,2,1127,-1,2,46.878000000000000,0.000100000000000
1,2,1127,-1,3,44.432000000000002,0.000100000000000
1,2,1128,-1,1,45.485999999999997,0.000100000000000
1,2,1128,-1,2,43.206000000000003,0.000100000000000
1,2,1128,-1,3,48.398000000000003,0.000100000000000
1,2,1129,-1,1,40.015999999999998,0.000100000000000
1,2,1129,-1,2,49.411000000000001,0.000100000000000
1,2,1129,-1,3,46.412999999999997,0.000100000000000
1,2,1130,-1,1,51.143999999999998,0.000100000000000
1,2,1130,-1,2,49.417000000000002,0.000100000000000
1,2,1130,-1,3,48.148000000000003,0.000100000000000
1,2,1132,-1,1,52.314999999999998,0.000100000000000
1,2,1132,-1,2,41.957999999999998,0.000100000000000
1,2,1132,-1,3,47.767000000000003,0.000100000000000
1,2,1133,-1,1,48.280000000000001,0.000100000000000
1,2,1133,-1,2,44.244000000000000,0.000100000000000
1,2,1133,-1,3,43.485999999999997,0.000100000000000
1,2,1134,-1,1,47.268999999999998,0.000100000000000
1,2,1134,-1,2,50.537999999999997,0.000100000000000
1,2,1134,-1,3,51.283000000000001,0.000100000000000
1,2,1135,-1,1,48.491999999999997,0.000100000000000
1,2,1135,-1,2,47.411000000000001,0.000100000000000
1,2,1135,-1,3,47.756999999999998,0.000100000000000
1,2,1137,-1,1,41.219000000000001,0.000100000000000
1,2,1137,-1,2,47.049999999999997,0.000100000000000
1,2,1137,-1,3,42.290999999999997,0.000100000000000
1,2,1138,-1,1,48.171999999999997,0.000100000000000
1,2,1138,-1,2,42.619999999999997,0.000100000000000
1,2,1138,-1,3,43.427999999999997,0.000100000000000
1,2,1139,-1,1,45.941000000000003,0.000100000000000
1,2,1139,-1,2,49.761000000000003,0.000100000000000
1,2,1139,-1,3,50.488000000000000,0.000100000000000
1,2,1140,-1,1,43.789000000000001,0.000100000000000
1,2,1140,-1,2,43.966000000000001,0.000100000000000
1,2,1140,-1,3,45.195000000000000,0.000100000000000
1,2,1142,-1,1,49.649999999999999,0.000100000000000
1,2,1142,-1,2,43.728000000000002,0.000100000000000
1,2,1142,-1,3,49.311999999999998,0.000100000000000
1,2,1143,-1,1,43.962000000000003,0.000100000000000
1,2,1143,-1,2,50.533000000000001,0.000100000000000
1,2,1143,-1,3,47.036000000000001,0.000100000000000
1,2,1144,-1,1,41.917000000000002,0.000100000000000
1,2,1144,-1,2,50.082000000000001,0.000100000000000
1,2,1144,-1,3,46.402000000000001,0.000100000000000
1,3,1193,-1,1,163.106999999999999,0.000100000000000
1,3,1193,-1,2,222.939999999999998,0.000100000000000
1,3,1193,-1,3,262.430000000000007,0.000100000000000
1,3,1198,-1,1,182.193000000000012,0.000100000000000
1,3,1198,-1,2,165.984000000000009,0.000100000000000
1,3,1198,-1,3,199.873999999999995,0.000100000000000
1,3,1203,-1,1,451.408999999999992,0.000100000000000
1,3,1203,-1,2,542.097999999999956,0.000100000000000
1,3,1203,-1,3,362.031000000000006,0.000100000000000
1,3,1210,-1,1,512.738000000000056,0.000100000000000
1,3,1210,-1,2,468.995000000000005,0.000100000000000
1,3,1210,-1,3,491.702999999999975,0.000100000000000
1,3,1217,-1,1,597.388000000000034,0.000100000000000
1,3,1217,-1,2,602.658999999999992,0.000100000000000
1,3,1217,-1,3,597.721000000000004,0.000100000000000
1,3,1224,-1,1,629.254000000000019,0.000100000000000
1,3,1224,-1,2,609.775999999999954,0.000100000000000
1,3,1224,-1,3,581.682999999999993,0.000100000000000
1,3,1231,-1,1,91.808999999999997,0.000100000000000
1,3,1231,-1,2,80.292000000000002,0.000100000000000
1,3,1231,-1,3,89.594999999999999,0.000100000000000
1,3,1236,-1,1,532.605000000000018,0.000100000000000
1,3,1236,-1,2,554.982999999999947,0.000100000000000
1,3,1236,-1,3,635.933999999999969,0.000100000000000
1,3,1001,-1,1,31.809000000000001,0.000100000000000
1,3,1001,-1,2,30.020000000000000,0.000100000000000
1,3,1001,-1,3,34.942999999999998,0.000100000000000
1,3,1002,-1,1,32.750999999999998,0.000100000000000
1,3,1002,-1,2,27.180000000000000,0.000100000000000
1,3,1002,-1,3,27.923999999999999,0.000100000000000
1,3,1003,-1,1,29.789000000000001,0.000100000000000
1,3,1003,-1,2,27.628000000000000,0.000100000000000
1,3,1003,-1,3,24.469000000000001,0.000100000000000
1,3,1005,-1,1,27.687000000000001,0.000100000000000
1,3,1005,-1,2,26.399000000000001,0.000100000000000
1,3,1005,-1,3,32.033999999999999,0.000100000000000
1,3,1006,-1,1,28.501000000000001,0.000100000000000
1,3,1006,-1,2,26.696999999999999,0.000100000000000
1,3,1006,-1,3,26.195000000000000,0.000100000000000
1,3,1007,-1,1,31.478000000000002,0.000100000000000
1,3,1007,-1,2,29.039000000000001,0.000100000000000
1,3,1007,-1,3,29.154000000000000,0.000100000000000
1,3,1008,-1,1,30.590000000000000,0.000100000000000
1,3,1008,-1,2,22.491000000000000,0.000100000000000
1,3,1008,-1,3,28.341000000000001,0.000100000000000
1,3,1010,-1,1,27.129999999999999,0.000100000000000
1,3,1010,-1,2,31.475000000000001,0.000100000000000
1,3,1010,-1,3,30.896000000000001,0.000100000000000
1,3,1011,-1,1,23.015999999999998,0.000100000000000
1,3,1011,-1,2,27.821000000000002,0.000100000000000
1,3,1011,-1,3,29.574999999999999,0.000100000000000
1,3,1012,-1,1,27.388000000000002,0.000100000000000
1,3,1012,-1,2,20.619000000000000,0.000100000000000
1,3,1012,-1,3,26.681999999999999,0.000100000000000
1,3,1013,-1,1,30.440000000000001,0.000100000000000
1,3,1013,-1,2,26.683000000000000,0.000100000000000
1,3,1013,-1,3,28.323000000000000,0.000100000000000
1,3,1015,-1,1,26.218000000000000,0.000100000000000
1,3,1015,-1,2,19.294000000000000,0.000100000000000
1,3,1015,-1,3,26.122000000000000,0.000100000000000
1,3,1016,-1,1,27.529000000000000,0.000100000000000
1,3,1016,-1,2,28.963000000000001,0.000100000000000
1,3,1016,-1,3,26.617000000000001,0.000100000000000
1,3,1017,-1,1,25.385999999999999,0.000100000000000
1,3,1017,-1,2,30.456000000000000,0.000100000000000
1,3,1017,-1,3,32.414999999999999,0.000100000000000
1,3,1018,-1,1,28.352000000000000,0.000100000000000
1,3,1018,-1,2,27.140999999999998,0.000100000000000
1,3,1018,-1,3,24.771999999999998,0.000100000000000
1,3,1019,-1,1,26.059000000000001,0.000100000000000
1,3,1019,-1,2,30.268999999999998,0.000100000000000
1,3,1019,-1,3,32.161000000000001,0.000100000000000
1,3,1020,-1,1,28.332999999999998,0.000100000000000
1,3,1020,-1,2,30.029000000000000,0.000100000000000
1,3,1020,-1,3,28.869000000000000,0.000100000000000
1,3,1021,-1,1,31.866000000000000,0.000100000000000
1,3,1021,-1,2,27.859999999999999,0.000100000000000
1,3,1021,-1,3,28.574000000000002,0.000100000000000
1,3,1022,-1,1,31.596000000000000,0.000100000000000
1,3,1022,-1,2,31.170999999999999,0.000100000000000
1,3,1022,-1,3,28.239999999999998,0.000100000000000
1,3,1023,-1,1,86.289000000000001,0.000100000000000
1,3,1023,-1,2,90.183000000000007,0.000100000000000
1,3,1023,-1,3,91.635000000000005,0.000100000000000
1,3,1024,-1,1,82.242999999999995,0.000100000000000
1,3,1024,-1,2,82.745000000000005,0.000100000000000
1,3,1024,-1,3,93.507999999999996,0.000100000000000
1,3,1025,-1,1,92.694999999999993,0.000100000000000
1,3,1025,-1,2,86.462000000000003,0.000100000000000
1,3,1025,-1,3,94.459000000000003,0.000100000000000
1,3,1026,-1,1,34.475000000000001,0.000100000000000
1,3,1026,-1,2,26.981999999999999,0.000100000000000
1,3,1026,-1,3,29.920999999999999,0.000100000000000
1,3,1031,-1,1,28.504999999999999,0.000100000000000
1,3,1031,-1,2,31.960000000000001,0.000100000000000
1,3,1031,-1,3,30.338999999999999,0.000100000000000
1,3,1032,-1,1,24.869000000000000,0.000100000000000
1,3,1032,-1,2,27.835000000000001,0.000100000000000
1,3,1032,-1,3,28.600999999999999,0.000100000000000
1,3,1037,-1,1,33.213000000000001,0.000100000000000
1,3,1037,-1,2,29.213999999999999,0.000100000000000
1,3,1037,-1,3,29.475999999999999,0.000100000000000
1,3,1038,-1,1,101.859999999999999,0.000100000000000
1,3,1038,-1,2,106.415000000000006,0.000100000000000
1,3,1038,-1,3,99.319000000000003,0.000100000000000
1,3,1039,-1,1,100.885999999999996,0.000100000000000
1,3,1039,-1,2,105.564999999999998,0.000100000000000
1,3,1039,-1,3,96.537000000000006,0.000100000000000
1,3,1040,-1,1,114.838999999999999,0.000100000000000
1,3,1040,-1,2,104.394000000000005,0.000100000000000
1,3,1040,-1,3,116.066000000000003,0.000100000000000
1,3,1041,-1,1,27.818000000000001,0.000100000000000
1,3,1041,-1,2,28.858000000000001,0.000100000000000
1,3,1041,-1,3,24.021000000000001,0.000100000000000
1,3,1042,-1,1,59.345999999999997,0.000100000000000
1,3,1042,-1,2,60.597000000000001,0.000100000000000
1,3,1042,-1,3,50.033000000000001,0.000100000000000
1,3,1043,-1,1,48.929000000000002,0.000100000000000
1,3,1043,-1,2,48.753000000000000,0.000100000000000
1,3,1043,-1,3,57.904000000000003,0.000100000000000
1,3,1046,-1,1,96.863000000000000,0.000100000000000
1,3,1046,-1,2,103.567999999999998,0.000100000000000
1,3,1046,-1,3,98.272000000000006,0.000100000000000
1,3,1047,-1,1,116.954999999999998,0.000100000000000
1,3,1047,-1,2,104.176000000000002,0.000100000000000
1,3,1047,-1,3,116.415000000000006,0.000100000000000
1,3,1048,-1,1,123.247000000000000,0.000100000000000
1,3,1048,-1,2,94.066000000000003,0.000100000000000
1,3,1048,-1,3,101.989000000000004,0.000100000000000
1,3,1051,-1,1,101.382000000000005,0.000100000000000
1,3,1051,-1,2,109.034999999999997,0.000100000000000
1,3,1051,-1,3,124.123999999999995,0.000100000000000
1,3,1052,-1,1,103.233999999999995,0.000100000000000
1,3,1052,-1,2,102.009000000000000,0.000100000000000
1,3,1052,-1,3,102.722999999999999,0.000100000000000
1,3,1053,-1,1,85.501000000000005,0.000100000000000
1,3,1053,-1,2,94.906999999999996,0.000100000000000
1,3,1053,-1,3,80.052999999999997,0.000100000000000
1,3,1056,-1,1,97.591999999999999,0.000100000000000
1,3,1056,-1,2,105.138000000000005,0.000100000000000
1,3,1056,-1,3,100.900000000000006,0.000100000000000
1,3,1057,-1,1,112.507999999999996,0.000100000000000
1,3,1057,-1,2,105.310000000000002,0.000100000000000
1,3,1057,-1,3,118.667000000000002,0.000100000000000
1,3,1058,-1,1,104.417000000000002,0.000100000000000
1,3,1058,-1,2,84.837000000000003,0.000100000000000
1,3,1058,-1,3,99.028000000000006,0.000100000000000
1,3,1061,-1,1,56.524999999999999,0.000100000000000
1,3,1061,-1,2,50.384999999999998,0.000100000000000
1,3,1061,-1,3,51.792000000000002,0.000100000000000
1,3,1062,-1,1,26.678999999999998,0.000100000000000
1,3,1062,-1,2,27.023000000000000,0.000100000000000
1,3,1062,-1,3,30.209000000000000,0.000100000000000
1,3,1063,-1,1,29.751999999999999,0.000100000000000
1,3,1063,-1,2,30.646000000000001,0.000100000000000
1,3,1063,-1,3,28.219000000000001,0.000100000000000
1,3,1064,-1,1,110.269999999999996,0.000100000000000
1,3,1064,-1,2,103.576999999999998,0.000100000000000
1,3,1064,-1,3,97.914000000000001,0.000100000000000
1,3,1065,-1,1,110.828999999999994,0.000100000000000
1,3,1065,-1,2,92.864000000000004,0.000100000000000
1,3,1065,-1,3,97.867000000000004,0.000100000000000
1,3,1066,-1,1,100.376999999999995,0.000100000000000
1,3,1066,-1,2,109.763000000000005,0.000100000000000
1,3,1066,-1,3,106.637000000000000,0.000100000000000
1,3,1067,-1,1,31.283000000000001,0.000100000000000
1,3,1067,-1,2,29.428000000000001,0.000100000000000
1,3,1067,-1,3,27.806999999999999,0.000100000000000
1,3,1072,-1,1,27.132999999999999,0.000100000000000
1,3,1072,-1,2,27.783999999999999,0.000100000000000
1,3,1072,-1,3,25.492000000000001,0.000100000000000
1,3,1073,-1,1,27.782000000000000,0.000100000000000
1,3,1073,-1,2,32.973999999999997,0.000100000000000
1,3,1073,-1,3,28.140999999999998,0.000100000000000
1,3,1078,-1,1,27.259000000000000,0.000100000000000
1,3,1078,-1,2,30.884000000000000,0.000100000000000
1,3,1078,-1,3,30.027999999999999,0.000100000000000
1,3,1079,-1,1,84.799999999999997,0.000100000000000
1,3,1079,-1,2,78.780000000000001,0.000100000000000
1,3,1079,-1,3,78.557000000000002,0.000100000000000
1,3,1080,-1,1,110.808000000000007,0.000100000000000
1,3,1080,-1,2,99.010000000000005,0.000100000000000
1,3,1080,-1,3,103.650999999999996,0.000100000000000
1,3,1081,-1,1,116.061999999999998,0.000100000000000
1,3,1081,-1,2,127.230000000000004,0.000100000000000
1,3,1081,-1,3,110.530000000000001,0.000100000000000
1,3,1082,-1,1,31.196999999999999,0.000100000000000
1,3,1082,-1,2,30.292999999999999,0.000100000000000
1,3,1082,-1,3,29.891999999999999,0.000100000000000
1,3,1083,-1,1,24.821999999999999,0.000100000000000
1,3,1083,-1,2,30.677000000000000,0.000100000000000
1,3,1083,-1,3,29.317000000000000,0.000100000000000
1,3,1084,-1,1,97.944000000000003,0.000100000000000
1,3,1084,-1,2,86.158000000000001,0.000100000000000
1,3,1084,-1,3,88.888000000000005,0.000100000000000
1,3,1087,-1,1,80.028999999999996,0.000100000000000
1,3,1087,-1,2,78.391999999999996,0.000100000000000
1,3,1087,-1,3,82.671000000000006,0.000100000000000
1,3,1088,-1,1,116.557000000000002,0.000100000000000
1,3,1088,-1,2,117.518000000000001,0.000100000000000
1,3,1088,-1,3,120.194000000000003,0.000100000000000
1,3,1089,-1,1,93.513999999999996,0.000100000000000
1,3,1089,-1,2,97.706000000000003,0.000100000000000
1,3,1089,-1,3,99.263000000000005,0.000100000000000
1,3,1092,-1,1,102.682000000000002,0.000100000000000
1,3,1092,-1,2,101.037999999999997,0.000100000000000
1,3,1092,-1,3,100.695999999999998,0.000100000000000
1,3,1093,-1,1,87.090000000000003,0.000100000000000
1,3,1093,-1,2,82.122000000000000,0.000100000000000
1,3,1093,-1,3,83.250000000000000,0.000100000000000
1,3,1094,-1,1,93.510000000000005,0.000100000000000
1,3,1094,-1,2,99.093999999999994,0.000100000000000
1,3,1094,-1,3,99.653000000000006,0.000100000000000
1,3,1097,-1,1,73.025000000000006,0.000100000000000
1,3,1097,-1,2,76.632000000000005,0.000100000000000
1,3,1097,-1,3,66.001000000000005,0.000100000000000
1,3,1098,-1,1,83.542000000000002,0.000100000000000
1,3,1098,-1,2,80.649000000000001,0.000100000000000
1,3,1098,-1,3,76.129000000000005,0.000100000000000
1,3,1099,-1,1,74.545000000000002,0.000100000000000
1,3,1099,-1,2,67.587000000000003,0.000100000000000
1,3,1099,-1,3,66.039000000000001,0.000100000000000
1,3,1102,-1,1,61.289999999999999,0.000100000000000
1,3,1102,-1,2,67.064999999999998,0.000100000000000
1,3,1102,-1,3,53.853999999999999,0.000100000000000
1,3,1103,-1,1,29.759000000000000,0.000100000000000
1,3,1103,-1,2,27.579999999999998,0.000100000000000
1,3,1103,-1,3,30.628000000000000,0.000100000000000
1,3,1104,-1,1,29.981999999999999,0.000100000000000
1,3,1104,-1,2,28.381000000000000,0.000100000000000
1,3,1104,-1,3,30.425999999999998,0.000100000000000
1,3,1105,-1,1,90.046999999999997,0.000100000000000
1,3,1105,-1,2,94.268000000000001,0.000100000000000
1,3,1105,-1,3,75.944000000000003,0.000100000000000
1,3,1106,-1,1,89.617999999999995,0.000100000000000
1,3,1106,-1,2,101.878000000000000,0.000100000000000
1,3,1106,-1,3,100.933999999999997,0.000100000000000
1,3,1107,-1,1,86.588999999999999,0.000100000000000
1,3,1107,-1,2,95.012000000000000,0.000100000000000
1,3,1107,-1,3,109.043999999999997,0.000100000000000
1,3,1108,-1,1,26.599000000000000,0.000100000000000
1,3,1108,-1,2,30.329000000000001,0.000100000000000
1,3,1108,-1,3,29.917000000000002,0.000100000000000
1,3,1113,-1,1,29.870999999999999,0.000100000000000
1,3,1113,-1,2,24.539999999999999,0.000100000000000
1,3,1113,-1,3,32.829999999999998,0.000100000000000
1,3,1114,-1,1,28.314000000000000,0.000100000000000
1,3,1114,-1,2,24.628000000000000,0.000100000000000
1,3,1114,-1,3,28.492999999999999,0.000100000000000
1,3,1120,-1,1,86.123000000000005,0.000100000000000
1,3,1120,-1,2,86.364999999999995,0.000100000000000
1,3,1120,-1,3,87.534000000000006,0.000100000000000
1,3,1121,-1,1,73.120999999999995,0.000100000000000
1,3,1121,-1,2,93.373999999999995,0.000100000000000
1,3,1121,-1,3,76.629999999999995,0.000100000000000
1,3,1122,-1,1,99.503000000000000,0.000100000000000
1,3,1122,-1,2,86.489999999999995,0.000100000000000
1,3,1122,-1,3,87.049000000000007,0.000100000000000
1,3,1123,-1,1,32.874000000000002,0.000100000000000
1,3,1123,-1,2,29.483000000000001,0.000100000000000
1,3,1123,-1,3,33.375999999999998,0.000100000000000
1,3,1124,-1,1,27.562999999999999,0.000100000000000
1,3,1124,-1,2,28.814000000000000,0.000100000000000
1,3,1124,-1,3,26.468000000000000,0.000100000000000
1,3,1125,-1,1,29.850000000000001,0.000100000000000
1,3,1125,-1,2,29.925000000000001,0.000100000000000
1,3,1125,-1,3,24.379999999999999,0.000100000000000
1,3,1127,-1,1,30.507000000000001,0.000100000000000
1,3,1127,-1,2,33.344000000000001,0.000100000000000
1,3,1127,-1,3,33.576000000000001,0.000100000000000
1,3,1128,-1,1,29.972000000000001,0.000100000000000
1,3,1128,-1,2,26.779000000000000,0.000100000000000
1,3,1128,-1,3,25.898000000000000,0.000100000000000
1,3,1129,-1,1,27.172999999999998,0.000100000000000
1,3,1129,-1,2,24.356000000000002,0.000100000000000
1,3,1129,-1,3,32.956000000000003,0.000100000000000
1,3,1130,-1,1,34.411999999999999,0.000100000000000
1,3,1130,-1,2,29.379000000000001,0.000100000000000
1,3,1130,-1,3,30.263999999999999,0.000100000000000
1,3,1132,-1,1,30.315000000000001,0.000100000000000
1,3,1132,-1,2,26.210000000000001,0.000100000000000
1,3,1132,-1,3,26.556000000000001,0.000100000000000
1,3,1133,-1,1,28.122000000000000,0.000100000000000
1,3,1133,-1,2,31.902999999999999,0.000100000000000
1,3,1133,-1,3,27.731000000000002,0.000100000000000
1,3,1134,-1,1,28.649999999999999,0.000100000000000
1,3,1134,-1,2,31.431999999999999,0.000100000000000
1,3,1134,-1,3,31.129999999999999,0.000100000000000
1,3,1135,-1,1,30.564000000000000,0.000100000000000
1,3,1135,-1,2,32.223999999999997,0.000100000000000
1,3,1135,-1,3,29.361999999999998,0.000100000000000
1,3,1137,-1,1,23.716000000000001,0.000100000000000
1,3,1137,-1,2,24.940999999999999,0.000100000000000
1,3,1137,-1,3,32.680999999999997,0.000100000000000
1,3,1138,-1,1,25.102000000000000,0.000100000000000
1,3,1138,-1,2,33.524000000000001,0.000100000000000
1,3,1138,-1,3,23.704000000000001,0.000100000000000
1,3,1139,-1,1,30.135000000000002,0.000100000000000
1,3,1139,-1,2,26.541000000000000,0.000100000000000
1,3,1139,-1,3,32.210000000000001,0.000100000000000
1,3,1140,-1,1,22.870000000000001,0.000100000000000
1,3,1140,-1,2,25.026000000000000,0.000100000000000
1,3,1140,-1,3,25.173999999999999,0.000100000000000
1,3,1142,-1,1,36.688000000000002,0.000100000000000
1,3,1142,-1,2,32.265999999999998,0.000100000000000
1,3,1142,-1,3,28.419000000000000,0.000100000000000
1,3,1143,-1,1,26.783000000000001,0.000100000000000
1,3,1143,-1,2,27.271000000000001,0.000100000000000
1,3,1143,-1,3,31.332999999999998,0.000100000000000
1,3,1144,-1,1,25.513000000000002,0.000100000000000
1,3,1144,-1,2,28.702999999999999,0.000100000000000
1,3,1144,-1,3,29.408999999999999,0.000100000000000
1,2,2,-1,1,0.000000000000000,0.000100000000000
1,2,3,-1,1,0.000000000000000,0.000100000000000
1,2,5,-1,1,0.000000000000000,0.000100000000000
1,2,7,-1,1,0.000000000000000,0.000100000000000
1,2,9,-1,1,0.000000000000000,0.000100000000000
1,2,11,-1,1,0.000000000000000,0.000100000000000
1,2,13,-1,1,0.000000000000000,0.000100000000000
1,2,14,-1,1,0.000000000000000,0.000100000000000
1,2,15,-1,1,0.000000000000000,0.000100000000000
1,2,16,-1,1,0.000000000000000,0.000100000000000
1,2,17,-1,1,0.000000000000000,0.000100000000000
1,2,18,-1,1,0.000000000000000,0.000100000000000
1,2,19,-1,1,0.000000000000000,0.000100000000000
1,2,20,-1,1,0.000000000000000,0.000100000000000
1,2,21,-1,1,0.000000000000000,0.000100000000000
1,2,22,-1,1,0.000000000000000,0.000100000000000
1,2,23,-1,1,0.000000000000000,0.000100000000000
1,2,24,-1,1,0.000000000000000,0.000100000000000
1,2,25,-1,1,0.000000000000000,0.000100000000000
1,2,26,-1,1,0.000000000000000,0.000100000000000
1,2,27,-1,1,0.000000000000000,0.000100000000000
1,2,29,-1,1,0.000000000000000,0.000100000000000
1,2,30,-1,1,0.000000000000000,0.000100000000000
1,2,31,-1,1,0.000000000000000,0.000100000000000
1,2,32,-1,1,0.000000000000000,0.000100000000000
1,2,33,-1,1,0.000000000000000,0.000100000000000
1,2,34,-1,1,0.000000000000000,0.000100000000000
1,2,35,-1,1,0.000000000000000,0.000100000000000
1,2,36,-1,1,0.000000000000000,0.000100000000000
1,2,37,-1,1,0.000000000000000,0.000100000000000
1,2,38,-1,1,0.000000000000000,0.000100000000000
1,2,39,-1,1,0.000000000000000,0.000100000000000
1,2,40,-1,1,0.000000000000000,0.000100000000000
1,2,41,-1,1,0.000000000000000,0.000100000000000
1,2,42,-1,1,0.000000000000000,0.000100000000000
1,2,43,-1,1,0.000000000000000,0.000100000000000
1,2,44,-1,1,0.000000000000000,0.000100000000000
1,2,45,-1,1,0.000000000000000,0.000100000000000
1,2,47,-1,1,0.000000000000000,0.000100000000000
1,2,48,-1,1,0.000000000000000,0.000100000000000
1,2,49,-1,1,0.000000000000000,0.000100000000000
1,2,50,-1,1,0.000000000000000,0.000100000000000
1,2,51,-1,1,0.000000000000000,0.000100000000000
1,2,52,-1,1,0.000000000000000,0.000100000000000
1,2,53,-1,1,0.000000000000000,0.000100000000000
1,2,54,-1,1,0.000000000000000,0.000100000000000
1,2,55,-1,1,0.000000000000000,0.000100000000000
1,2,56,-1,1,0.000000000000000,0.000100000000000
1,2,57,-1,1,0.000000000000000,0.000100000000000
1,2,58,-1,1,0.000000000000000,0.000100000000000
1,2,59,-1,1,0.000000000000000,0.000100000000000
1,2,60,-1,1,0.000000000000000,0.000100000000000
1,2,61,-1,1,0.000000000000000,0.000100000000000
1,2,62,-1,1,0.000000000000000,0.000100000000000
1,2,64,-1,1,0.000000000000000,0.000100000000000
1,2,65,-1,1,0.000000000000000,0.000100000000000
1,2,66,-1,1,0.000000000000000,0.000100000000000
1,2,67,-1,1,0.000000000000000,0.000100000000000
1,2,68,-1,1,0.000000000000000,0.000100000000000
1,2,69,-1,1,0.000000000000000,0.000100000000000
1,2,70,-1,1,0.000000000000000,0.000100000000000
1,2,71,-1,1,0.000000000000000,0.000100000000000
1,2,72,-1,1,0.000000000000000,0.000100000000000
1,2,73,-1,1,0.000000000000000,0.000100000000000
1,2,74,-1,1,0.000000000000000,0.000100000000000
1,2,75,-1,1,0.000000000000000,0.000100000000000
1,2,76,-1,1,0.000000000000000,0.000100000000000
1,2,77,-1,1,0.000000000000000,0.000100000000000
1,2,78,-1,1,0.000000000000000,0.000100000000000
1,2,79,-1,1,0.000000000000000,0.000100000000000
1,2,80,-1,1,0.000000000000000,0.000100000000000
1,2,81,-1,1,0.000000000000000,0.000100000000000
1,2,83,-1,1,0.000000000000000,0.000100000000000
1,2,84,-1,1,0.000000000000000,0.000100000000000
1,2,85,-1,1,0.000000000000000,0.000100000000000
1,2,86,-1,1,0.000000000000000,0.000100000000000
1,2,87,-1,1,0.000000000000000,0.000100000000000
1,2,88,-1,1,0.000000000000000,0.000100000000000
1,2,89,-1,1,0.000000000000000,0.000100000000000
1,2,90,-1,1,0.000000000000000,0.000100000000000
1,2,91,-1,1,0.000000000000000,0.000100000000000
1,2,92,-1,1,0.000000000000000,0.000100000000000
1,2,93,-1,1,0.000000000000000,0.000100000000000
1,2,94,-1,1,0.000000000000000,0.000100000000000
1,2,95,-1,1,0.000000000000000,0.000100000000000
1,2,96,-1,1,0.000000000000000,0.000100000000000
1,2,97,-1,1,0.000000000000000,0.000100000000000
1,2,99,-1,1,0.000000000000000,0.000100000000000
1,2,100,-1,1,0.000000000000000,0.000100000000000
1,2,101,-1,1,0.000000000000000,0.000100000000000
1,2,102,-1,1,0.000000000000000,0.000100000000000
1,2,103,-1,1,0.000000000000000,0.000100000000000
1,2,104,-1,1,0.000000000000000,0.000100000000000
1,2,105,-1,1,0.000000000000000,0.000100000000000
1,2,106,-1,1,0.000000000000000,0.000100000000000
1,2,107,-1,1,0.000000000000000,0.000100000000000
1,2,108,-1,1,0.000000000000000,0.000100000000000
1,2,109,-1,1,0.000000000000000,0.000100000000000
1,2,110,-1,1,0.000000000000000,0.000100000000000
1,2,111,-1,1,0.000000000000000,0.000100000000000
1,2,112,-1,1,0.000000000000000,0.000100000000000
1,2,113,-1,1,0.000000000000000,0.000100000000000
1,2,114,-1,1,0.000000000000000,0.000100000000000
1,2,115,-1,1,0.000000000000000,0.000100000000000
1,2,116,-1,1,0.000000000000000,0.000100000000000
1,2,117,-1,1,0.000000000000000,0.000100000000000
1,2,119,-1,1,0.000000000000000,0.000100000000000
1,2,120,-1,1,0.000000000000000,0.000100000000000
1,2,121,-1,1,0.000000000000000,0.000100000000000
1,2,122,-1,1,0.000000000000000,0.000100000000000
1,2,123,-1,1,0.000000000000000,0.000100000000000
1,2,124,-1,1,0.000000000000000,0.000100000000000
1,2,125,-1,1,0.000000000000000,0.000100000000000
1,2,126,-1,1,0.000000000000000,0.000100000000000
1,2,127,-1,1,0.000000000000000,0.000100000000000
1,2,128,-1,1,0.000000000000000,0.000100000000000
1,2,129,-1,1,0.000000000000000,0.000100000000000
1,2,130,-1,1,0.000000000000000,0.000100000000000
1,2,131,-1,1,0.000000000000000,0.000100000000000
1,2,132,-1,1,0.000000000000000,0.000100000000000
1,2,133,-1,1,0.000000000000000,0.000100000000000
1,2,134,-1,1,0.000000000000000,0.000100000000000
1,2,136,-1,1,0.000000000000000,0.000100000000000
1,2,137,-1,1,0.000000000000000,0.000100000000000
1,2,138,-1,1,0.000000000000000,0.000100000000000
1,2,139,-1,1,0.000000000000000,0.000100000000000
1,2,140,-1,1,0.000000000000000,0.000100000000000
1,2,141,-1,1,0.000000000000000,0.000100000000000
1,2,142,-1,1,0.000000000000000,0.000100000000000
1,2,143,-1,1,0.000000000000000,0.000100000000000
1,2,144,-1,1,0.000000000000000,0.000100000000000
1,2,145,-1,1,0.000000000000000,0.000100000000000
1,2,146,-1,1,0.000000000000000,0.000100000000000
1,2,147,-1,1,0.000000000000000,0.000100000000000
1,2,148,-1,1,0.000000000000000,0.000100000000000
1,2,149,-1,1,0.000000000000000,0.000100000000000
1,2,150,-1,1,0.000000000000000,0.000100000000000
1,2,1119,-1,1,0.000000000000000,0.000100000000000
1,2,1145,-1,1,0.000000000000000,0.000100000000000
1,2,1146,-1,1,0.000000000000000,0.000100000000000
1,2,1147,-1,1,0.000000000000000,0.000100000000000
1,2,1148,-1,1,0.000000000000000,0.000100000000000
1,2,1149,-1,1,0.000000000000000,0.000100000000000
1,2,1150,-1,1,0.000000000000000,0.000100000000000
1,2,1151,-1,1,0.000000000000000,0.000100000000000
1,2,1152,-1,1,0.000000000000000,0.000100000000000
1,2,1153,-1,1,0.000000000000000,0.000100000000000
1,2,1154,-1,1,0.000000000000000,0.000100000000000
1,2,1155,-1,1,0.000000000000000,0.000100000000000
1,2,1156,-1,1,0.000000000000000,0.000100000000000
1,2,1158,-1,1,0.000000000000000,0.000100000000000
1,2,1159,-1,1,0.000000000000000,0.000100000000000
1,2,1160,-1,1,0.000000000000000,0.000100000000000
1,2,1161,-1,1,0.000000000000000,0.000100000000000
1,2,1162,-1,1,0.000000000000000,0.000100000000000
1,2,1163,-1,1,0.000000000000000,0.000100000000000
1,2,1164,-1,1,0.000000000000000,0.000100000000000
1,2,1165,-1,1,0.000000000000000,0.000100000000000
1,2,1166,-1,1,0.000000000000000,0.000100000000000
1,2,1167,-1,1,0.000000000000000,0.000100000000000
1,2,1168,-1,1,0.000000000000000,0.000100000000000
1,2,1169,-1,1,0.000000000000000,0.000100000000000
1,2,1170,-1,1,0.000000000000000,0.000100000000000
1,2,1171,-1,1,0.000000000000000,0.000100000000000
1,2,1172,-1,1,0.000000000000000,0.000100000000000
1,2,1173,-1,1,0.000000000000000,0.000100000000000
1,2,1174,-1,1,0.000000000000000,0.000100000000000
1,2,1175,-1,1,0.000000000000000,0.000100000000000
1,2,1176,-1,1,0.000000000000000,0.000100000000000
1,2,1177,-1,1,0.000000000000000,0.000100000000000
1,2,1178,-1,1,0.000000000000000,0.000100000000000
1,2,1179,-1,1,0.000000000000000,0.000100000000000
1,2,1180,-1,1,0.000000000000000,0.000100000000000
1,2,1181,-1,1,0.000000000000000,0.000100000000000
1,2,1182,-1,1,0.000000000000000,0.000100000000000
1,2,1183,-1,1,0.000000000000000,0.000100000000000
1,2,1184,-1,1,0.000000000000000,0.000100000000000
1,2,1185,-1,1,0.000000000000000,0.000100000000000
1,2,1186,-1,1,0.000000000000000,0.000100000000000
1,2,1187,-1,1,0.000000000000000,0.000100000000000
1,2,1188,-1,1,0.000000000000000,0.000100000000000
1,2,1189,-1,1,0.000000000000000,0.000100000000000
1,2,1190,-1,1,0.000000000000000,0.000100000000000
1,2,1191,-1,1,0.000000000000000,0.000100000000000
1,2,1192,-1,1,0.000000000000000,0.000100000000000
1,2,1196,-1,1,0.000000000000000,0.000100000000000
1,2,1197,-1,1,0.000000000000000,0.000100000000000
1,2,1201,-1,1,0.000000000000000,0.000100000000000
1,2,1202,-1,1,0.000000000000000,0.000100000000000
1,2,1207,-1,1,0.000000000000000,0.000100000000000
1,2,1208,-1,1,0.000000000000000,0.000100000000000
1,2,1209,-1,1,0.000000000000000,0.000100000000000
1,2,1214,-1,1,0.000000000000000,0.000100000000000
1,2,1215,-1,1,0.000000000000000,0.000100000000000
1,2,1216,-1,1,0.000000000000000,0.000100000000000
1,2,1221,-1,1,0.000000000000000,0.000100000000000
1,2,1222,-1,1,0.000000000000000,0.000100000000000
1,2,1223,-1,1,0.000000000000000,0.000100000000000
1,2,1228,-1,1,0.000000000000000,0.000100000000000
1,2,1229,-1,1,0.000000000000000,0.000100000000000
1,2,1230,-1,1,0.000000000000000,0.000100000000000
1,2,1234,-1,1,0.000000000000000,0.000100000000000
1,2,1235,-1,1,0.000000000000000,0.000100000000000
1,2,1238,-1,1,0.000000000000000,0.000100000000000
1,2,1240,-1,1,0.000000000000000,0.000100000000000
1,2,2,-1,2,0.000000000000000,0.000100000000000
1,2,3,-1,2,0.000000000000000,0.000100000000000
1,2,5,-1,2,0.000000000000000,0.000100000000000
1,2,7,-1,2,0.000000000000000,0.000100000000000
1,2,9,-1,2,0.000000000000000,0.000100000000000
1,2,11,-1,2,0.000000000000000,0.000100000000000
1,2,13,-1,2,0.000000000000000,0.000100000000000
1,2,14,-1,2,0.000000000000000,0.000100000000000
1,2,15,-1,2,0.000000000000000,0.000100000000000
1,2,16,-1,2,0.000000000000000,0.000100000000000
1,2,17,-1,2,0.000000000000000,0.000100000000000
1,2,18,-1,2,0.000000000000000,0.000100000000000
1,2,19,-1,2,0.000000000000000,0.000100000000000
1,2,20,-1,2,0.000000000000000,0.000100000000000
1,2,21,-1,2,0.000000000000000,0.000100000000000
1,2,22,-1,2,0.000000000000000,0.000100000000000
1,2,23,-1,2,0.000000000000000,0.000100000000000
1,2,24,-1,2,0.000000000000000,0.000100000000000
1,2,25,-1,2,0.000000000000000,0.000100000000000
1,2,26,-1,2,0.000000000000000,0.000100000000000
1,2,27,-1,2,0.000000000000000,0.000100000000000
1,2,29,-1,2,0.000000000000000,0.000100000000000
1,2,30,-1,2,0.000000000000000,0.000100000000000
1,2,31,-1,2,0.000000000000000,0.000100000000000
1,2,32,-1,2,0.000000000000000,0.000100000000000
1,2,33,-1,2,0.000000000000000,0.000100000000000
1,2,34,-1,2,0.000000000000000,0.000100000000000
1,2,35,-1,2,0.000000000000000,0.000100000000000
1,2,36,-1,2,0.000000000000000,0.000100000000000
1,2,37,-1,2,0.000000000000000,0.000100000000000
1,2,38,-1,2,0.000000000000000,0.000100000000000
1,2,39,-1,2,0.000000000000000,0.000100000000000
1,2,40,-1,2,0.000000000000000,0.000100000000000
1,2,41,-1,2,0.000000000000000,0.000100000000000
1,2,42,-1,2,0.000000000000000,0.000100000000000
1,2,43,-1,2,0.000000000000000,0.000100000000000
1,2,44,-1,2,0.000000000000000,0.000100000000000
1,2,45,-1,2,0.000000000000000,0.000100000000000
1,2,47,-1,2,0.000000000000000,0.000100000000000
1,2,48,-1,2,0.000000000000000,0.000100000000000
1,2,49,-1,2,0.000000000000000,0.000100000000000
1,2,50,-1,2,0.000000000000000,0.000100000000000
1,2,51,-1,2,0.000000000000000,0.000100000000000
1,2,52,-1,2,0.000000000000000,0.000100000000000
1,2,53,-1,2,0.000000000000000,0.000100000000000
1,2,54,-1,2,0.000000000000000,0.000100000000000
1,2,55,-1,2,0.000000000000000,0.000100000000000
1,2,56,-1,2,0.000000000000000,0.000100000000000
1,2,57,-1,2,0.000000000000000,0.000100000000000
1,2,58,-1,2,0.000000000000000,0.000100000000000
1,2,59,-1,2,0.000000000000000,0.000100000000000
1,2,60,-1,2,0.000000000000000,0.000100000000000
1,2,61,-1,2,0.000000000000000,0.000100000000000
1,2,62,-1,2,0.000000000000000,0.000100000000000
1,2,64,-1,2,0.000000000000000,0.000100000000000
1,2,65,-1,2,0.000000000000000,0.000100000000000
1,2,66,-1,2,0.000000000000000,0.000100000000000
1,2,67,-1,2,0.000000000000000,0.000100000000000
1,2,68,-1,2,0.000000000000000,0.000100000000000
1,2,69,-1,2,0.000000000000000,0.000100000000000
1,2,70,-1,2,0.000000000000000,0.000100000000000
1,2,71,-1,2,0.000000000000000,0.000100000000000
1,2,72,-1,2,0.000000000000000,0.000100000000000
1,2,73,-1,2,0.000000000000000,0.000100000000000
1,2,74,-1,2,0.000000000000000,0.000100000000000
1,2,75,-1,2,0.000000000000000,0.000100000000000
1,2,76,-1,2,0.000000000000000,0.000100000000000
1,2,77,-1,2,0.000000000000000,0.000100000000000
1,2,78,-1,2,0.000000000000000,0.000100000000000
1,2,79,-1,2,0.000000000000000,0.000100000000000
1,2,80,-1,2,0.000000000000000,0.000100000000000
1,2,81,-1,2,0.000000000000000,0.000100000000000
1,2,83,-1,2,0.000000000000000,0.000100000000000
1,2,84,-1,2,0.000000000000000,0.000100000000000
1,2,85,-1,2,0.000000000000000,0.000100000000000
1,2,86,-1,2,0.000000000000000,0.000100000000000
1,2,87,-1,2,0.000000000000000,0.000100000000000
1,2,88,-1,2,0.000000000000000,0.000100000000000
1,2,89,-1,2,0.000000000000000,0.000100000000000
1,2,90,-1,2,0.000000000000000,0.000100000000000
1,2,91,-1,2,0.000000000000000,0.000100000000000
1,2,92,-1,2,0.000000000000000,0.000100000000000
1,2,93,-1,2,0.000000000000000,0.000100000000000
1,2,94,-1,2,0.000000000000000,0.000100000000000
1,2,95,-1,2,0.000000000000000,0.000100000000000
1,2,96,-1,2,0.000000000000000,0.000100000000000
1,2,97,-1,2,0.000000000000000,0.000100000000000
1,2,99,-1,2,0.000000000000000,0.000100000000000
1,2,100,-1,2,0.000000000000000,0.000100000000000
1,2,101,-1,2,0.000000000000000,0.000100000000000
1,2,102,-1,2,0.000000000000000,0.000100000000000
1,2,103,-1,2,0.000000000000000,0.000100000000000
1,2,104,-1,2,0.000000000000000,0.000100000000000
1,2,105,-1,2,0.000000000000000,0.000100000000000
1,2,106,-1,2,0.000000000000000,0.000100000000000
1,2,107,-1,2,0.000000000000000,0.000100000000000
1,2,108,-1,2,0.000000000000000,0.000100000000000
1,2,109,-1,2,0.000000000000000,0.000100000000000
1,2,110,-1,2,0.000000000000000,0.000100000000000
1,2,111,-1,2,0.000000000000000,0.000100000000000
1,2,112,-1,2,0.000000000000000,0.000100000000000
1,2,113,-1,2,0.000000000000000,0.000100000000000
1,2,114,-1,2,0.000000000000000,0.000100000000000
1,2,115,-1,2,0.000000000000000,0.000100000000000
1,2,116,-1,2,0.000000000000000,0.000100000000000
1,2,117,-1,2,0.000000000000000,0.000100000000000
1,2,119,-1,2,0.000000000000000,0.000100000000000
1,2,120,-1,2,0.000000000000000,0.000100000000000
1,2,121,-1,2,0.000000000000000,0.000100000000000
1,2,122,-1,2,0.000000000000000,0.000100000000000
1,2,123,-1,2,0.000000000000000,0.000100000000000
1,2,124,-1,2,0.000000000000000,0.000100000000000
1,2,125,-1,2,0.000000000000000,0.000100000000000
1,2,126,-1,2,0.000000000000000,0.000100000000000
1,2,127,-1,2,0.000000000000000,0.000100000000000
1,2,128,-1,2,0.000000000000000,0.000100000000000
1,2,129,-1,2,0.000000000000000,0.000100000000000
1,2,130,-1,2,0.000000000000000,0.000100000000000
1,2,131,-1,2,0.000000000000000,0.000100000000000
1,2,132,-1,2,0.000000000000000,0.000100000000000
1,2,133,-1,2,0.000000000000000,0.000100000000000
1,2,134,-1,2,0.000000000000000,0.000100000000000
1,2,136,-1,2,0.000000000000000,0.000100000000000
1,2,137,-1,2,0.000000000000000,0.000100000000000
1,2,138,-1,2,0.000000000000000,0.000100000000000
1,2,139,-1,2,0.000000000000000,0.000100000000000
1,2,140,-1,2,0.000000000000000,0.000100000000000
1,2,141,-1,2,0.000000000000000,0.000100000000000
1,2,142,-1,2,0.000000000000000,0.000100000000000
1,2,143,-1,2,0.000000000000000,0.000100000000000
1,2,144,-1,2,0.000000000000000,0.000100000000000
1,2,145,-1,2,0.000000000000000,0.000100000000000
1,2,146,-1,2,0.000000000000000,0.000100000000000
1,2,147,-1,2,0.000000000000000,0.000100000000000
1,2,148,-1,2,0.000000000000000,0.000100000000000
1,2,149,-1,2,0.000000000000000,0.000100000000000
1,2,150,-1,2,0.000000000000000,0.000100000000000
1,2,1119,-1,2,0.000000000000000,0.000100000000000
1,2,1145,-1,2,0.000000000000000,0.000100000000000
1,2,1146,-1,2,0.000000000000000,0.000100000000000
1,2,1147,-1,2,0.000000000000000,0.000100000000000
1,2,1148,-1,2,0.000000000000000,0.000100000000000
1,2,1149,-1,2,0.000000000000000,0.000100000000000
1,2,1150,-1,2,0.000000000000000,0.000100000000000
1,2,1151,-1,2,0.000000000000000,0.000100000000000
1,2,1152,-1,2,0.000000000000000,0.000100000000000
1,2,1153,-1,2,0.000000000000000,0.000100000000000
1,2,1154,-1,2,0.000000000000000,0.000100000000000
1,2,1155,-1,2,0.000000000000000,0.000100000000000
1,2,1156,-1,2,0.000000000000000,0.000100000000000
1,2,1158,-1,2,0.000000000000000,0.000100000000000
1,2,1159,-1,2,0.000000000000000,0.000100000000000
1,2,1160,-1,2,0.000000000000000,0.000100000000000
1,2,1161,-1,2,0.000000000000000,0.000100000000000
1,2,1162,-1,2,0.000000000000000,0.000100000000000
1,2,1163,-1,2,0.000000000000000,0.000100000000000
1,2,1164,-1,2,0.000000000000000,0.000100000000000
1,2,1165,-1,2,0.000000000000000,0.000100000000000
1,2,1166,-1,2,0.000000000000000,0.000100000000000
1,2,1167,-1,2,0.000000000000000,0.000100000000000
1,2,1168,-1,2,0.000000000000000,0.000100000000000
1,2,1169,-1,2,0.000000000000000,0.000100000000000
1,2,1170,-1,2,0.000000000000000,0.000100000000000
1,2,1171,-1,2,0.000000000000000,0.000100000000000
1,2,1172,-1,2,0.000000000000000,0.000100000000000
1,2,1173,-1,2,0.000000000000000,0.000100000000000
1,2,1174,-1,2,0.000000000000000,0.000100000000000
1,2,1175,-1,2,0.000000000000000,0.000100000000000
1,2,1176,-1,2,0.000000000000000,0.000100000000000
1,2,1177,-1,2,0.000000000000000,0.000100000000000
1,2,1178,-1,2,0.000000000000000,0.000100000000000
1,2,1179,-1,2,0.000000000000000,0.000100000000000
1,2,1180,-1,2,0.000000000000000,0.000100000000000
1,2,1181,-1,2,0.000000000000000,0.000100000000000
1,2,1182,-1,2,0.000000000000000,0.000100000000000
1,2,1183,-1,2,0.000000000000000,0.000100000000000
1,2,1184,-1,2,0.000000000000000,0.000100000000000
1,2,1185,-1,2,0.000000000000000,0.000100000000000
1,2,1186,-1,2,0.000000000000000,0.000100000000000
1,2,1187,-1,2,0.000000000000000,0.000100000000000
1,2,1188,-1,2,0.000000000000000,0.000100000000000
1,2,1189,-1,2,0.000000000000000,0.000100000000000
1,2,1190,-1,2,0.000000000000000,0.000100000000000
1,2,1191,-1,2,0.000000000000000,0.000100000000000
1,2,1192,-1,2,0.000000000000000,0.000100000000000
1,2,1196,-1,2,0.000000000000000,0.000100000000000
1,2,1197,-1,2,0.000000000000000,0.000100000000000
1,2,1201,-1,2,0.000000000000000,0.000100000000000
1,2,1202,-1,2,0.000000000000000,0.000100000000000
1,2,1207,-1,2,0.000000000000000,0.000100000000000
1,2,1208,-1,2,0.000000000000000,0.000100000000000
1,2,1209,-1,2,0.000000000000000,0.000100000000000
1,2,1214,-1,2,0.000000000000000,0.000100000000000
1,2,1215,-1,2,0.000000000000000,0.000100000000000
1,2,1216,-1,2,0.000000000000000,0.000100000000000
1,2,1221,-1,2,0.000000000000000,0.000100000000000
1,2,1222,-1,2,0.000000000000000,0.000100000000000
1,2,1223,-1,2,0.000000000000000,0.000100000000000
1,2,1228,-1,2,0.000000000000000,0.000100000000000
1,2,1229,-1,2,0.000000000000000,0.000100000000000
1,2,1230,-1,2,0.000000000000000,0.000100000000000
1,2,1234,-1,2,0.000000000000000,0.000100000000000
1,2,1235,-1,2,0.000000000000000,0.000100000000000
1,2,1238,-1,2,0.000000000000000,0.000100000000000
1,2,1240,-1,2,0.000000000000000,0.000100000000000
1,2,2,-1,3,0.000000000000000,0.000100000000000
1,2,3,-1,3,0.000000000000000,0.000100000000000
1,2,5,-1,3,0.000000000000000,0.000100000000000
1,2,7,-1,3,0.000000000000000,0.000100000000000
1,2,9,-1,3,0.000000000000000,0.000100000000000
1,2,11,-1,3,0.000000000000000,0.000100000000000
1,2,13,-1,3,0.000000000000000,0.000100000000000
1,2,14,-1,3,0.000000000000000,0.000100000000000
1,2,15,-1,3,0.000000000000000,0.000100000000000
1,2,16,-1,3,0.000000000000000,0.000100000000000
1,2,17,-1,3,0.000000000000000,0.000100000000000
1,2,18,-1,3,0.000000000000000,0.000100000000000
1,2,19,-1,3,0.000000000000000,0.000100000000000
1,2,20,-1,3,0.000000000000000,0.000100000000000
1,2,21,-1,3,0.000000000000000,0.000100000000000
1,2,22,-1,3,0.000000000000000,0.000100000000000
1,2,23,-1,3,0.000000000000000,0.000100000000000
1,2,24,-1,3,0.000000000000000,0.000100000000000
1,2,25,-1,3,0.000000000000000,0.000100000000000
1,2,26,-1,3,0.000000000000000,0.000100000000000
1,2,27,-1,3,0.000000000000000,0.000100000000000
1,2,29,-1,3,0.000000000000000,0.000100000000000
1,2,30,-1,3,0.000000000000000,0.000100000000000
1,2,31,-1,3,0.000000000000000,0.000100000000000
1,2,32,-1,3,0.000000000000000,0.000100000000000
1,2,33,-1,3,0.000000000000000,0.000100000000000
1,2,34,-1,3,0.000000000000000,0.000100000000000
1,2,35,-1,3,0.000000000000000,0.000100000000000
1,2,36,-1,3,0.000000000000000,0.000100000000000
1,2,37,-1,3,0.000000000000000,0.000100000000000
1,2,38,-1,3,0.000000000000000,0.000100000000000
1,2,39,-1,3,0.000000000000000,0.000100000000000
1,2,40,-1,3,0.000000000000000,0.000100000000000
1,2,41,-1,3,0.000000000000000,0.000100000000000
1,2,42,-1,3,0.000000000000000,0.000100000000000
1,2,43,-1,3,0.000000000000000,0.000100000000000
1,2,44,-1,3,0.000000000000000,0.000100000000000
1,2,45,-1,3,0.000000000000000,0.000100000000000
1,2,47,-1,3,0.000000000000000,0.000100000000000
1,2,48,-1,3,0.000000000000000,0.000100000000000
1,2,49,-1,3,0.000000000000000,0.000100000000000
1,2,50,-1,3,0.000000000000000,0.000100000000000
1,2,51,-1,3,0.000000000000000,0.000100000000000
1,2,52,-1,3,0.000000000000000,0.000100000000000
1,2,53,-1,3,0.000000000000000,0.000100000000000
1,2,54,-1,3,0.000000000000000,0.000100000000000
1,2,55,-1,3,0.000000000000000,0.000100000000000
1,2,56,-1,3,0.000000000000000,0.000100000000000
1,2,57,-1,3,0.000000000000000,0.000100000000000
1,2,58,-1,3,0.000000000000000,0.000100000000000
1,2,59,-1,3,0.000000000000000,0.000100000000000
1,2,60,-1,3,0.000000000000000,0.000100000000000
1,2,61,-1,3,0.000000000000000,0.000100000000000
1,2,62,-1,3,0.000000000000000,0.000100000000000
1,2,64,-1,3,0.000000000000000,0.000100000000000
1,2,65,-1,3,0.000000000000000,0.000100000000000
1,2,66,-1,3,0.000000000000000,0.000100000000000
1,2,67,-1,3,0.000000000000000,0.000100000000000
1,2,68,-1,3,0.000000000000000,0.000100000000000
1,2,69,-1,3,0.000000000000000,0.000100000000000
1,2,70,-1,3,0.000000000000000,0.000100000000000
1,2,71,-1,3,0.000000000000000,0.000100000000000
1,2,72,-1,3,0.000000000000000,0.000100000000000
1,2,73,-1,3,0.000000000000000,0.000100000000000
1,2,74,-1,3,0.000000000000000,0.000100000000000
1,2,75,-1,3,0.000000000000000,0.000100000000000
1,2,76,-1,3,0.000000000000000,0.000100000000000
1,2,77,-1,3,0.000000000000000,0.000100000000000
1,2,78,-1,3,0.000000000000000,0.000100000000000
1,2,79,-1,3,0.000000000000000,0.000100000000000
1,2,80,-1,3,0.000000000000000,0.000100000000000
1,2,81,-1,3,0.000000000000000,0.000100000000000
1,2,83,-1,3,0.000000000000000,0.000100000000000
1,2,84,-1,3,0.000000000000000,0.000100000000000
1,2,85,-1,3,0.000000000000000,0.000100000000000
1,2,86,-1,3,0.000000000000000,0.000100000000000
1,2,87,-1,3,0.000000000000000,0.000100000000000
1,2,88,-1,3,0.000000000000000,0.000100000000000
1,2,89,-1,3,0.000000000000000,0.000100000000000
1,2,90,-1,3,0.000000000000000,0.000100000000000
1,2,91,-1,3,0.000000000000000,0.000100000000000
1,2,92,-1,3,0.000000000000000,0.000100000000000
1,2,93,-1,3,0.000000000000000,0.000100000000000
1,2,94,-1,3,0.000000000000000,0.000100000000000
1,2,95,-1,3,0.000000000000000,0.000100000000000
1,2,96,-1,3,0.000000000000000,0.000100000000000
1,2,97,-1,3,0.000000000000000,0.000100000000000
1,2,99,-1,3,0.000000000000000,0.000100000000000
1,2,100,-1,3,0.000000000000000,0.000100000000000
1,2,101,-1,3,0.000000000000000,0.000100000000000
1,2,102,-1,3,0.000000000000000,0.000100000000000
1,2,103,-1,3,0.000000000000000,0.000100000000000
1,2,104,-1,3,0.000000000000000,0.000100000000000
1,2,105,-1,3,0.000000000000000,0.000100000000000
1,2,106,-1,3,0.000000000000000,0.000100000000000
1,2,107,-1,3,0.000000000000000,0.000100000000000
1,2,108,-1,3,0.000000000000000,0.000100000000000
1,2,109,-1,3,0.000000000000000,0.000100000000000
1,2,110,-1,3,0.000000000000000,0.000100000000000
1,2,111,-1,3,0.000000000000000,0.000100000000000
1,2,112,-1,3,0.000000000000000,0.000100000000000
1,2,113,-1,3,0.000000000000000,0.000100000000000
1,2,114,-1,3,0.000000000000000,0.000100000000000
1,2,115,-1,3,0.000000000000000,0.000100000000000
1,2,116,-1,3,0.000000000000000,0.000100000000000
1,2,117,-1,3,0.000000000000000,0.000100000000000
1,2,119,-1,3,0.000000000000000,0.000100000000000
1,2,120,-1,3,0.000000000000000,0.000100000000000
1,2,121,-1,3,0.000000000000000,0.000100000000000
1,2,122,-1,3,0.000000000000000,0.000100000000000
1,2,123,-1,3,0.000000000000000,0.000100000000000
1,2,124,-1,3,0.000000000000000,0.000100000000000
1,2,125,-1,3,0.000000000000000,0.000100000000000
1,2,126,-1,3,0.000000000000000,0.000100000000000
1,2,127,-1,3,0.000000000000000,0.000100000000000
1,2,128,-1,3,0.000000000000000,0.000100000000000
1,2,129,-1,3,0.000000000000000,0.000100000000000
1,2,130,-1,3,0.000000000000000,0.000100000000000
1,2,131,-1,3,0.000000000000000,0.000100000000000
1,2,132,-1,3,0.000000000000000,0.000100000000000
1,2,133,-1,3,0.000000000000000,0.000100000000000
1,2,134,-1,3,0.000000000000000,0.000100000000000
1,2,136,-1,3,0.000000000000000,0.000100000000000
1,2,137,-1,3,0.000000000000000,0.000100000000000
1,2,138,-1,3,0.000000000000000,0.000100000000000
1,2,139,-1,3,0.000000000000000,0.000100000000000
1,2,140,-1,3,0.000000000000000,0.000100000000000
1,2,141,-1,3,0.000000000000000,0.000100000000000
1,2,142,-1,3,0.000000000000000,0.000100000000000
1,2,143,-1,3,0.000000000000000,0.000100000000000
1,2,144,-1,3,0.000000000000000,0.000100000000000
1,2,145,-1,3,0.000000000000000,0.000100000000000
1,2,146,-1,3,0.000000000000000,0.000100000000000
1,2,147,-1,3,0.000000000000000,0.000100000000000
1,2,148,-1,3,0.000000000000000,0.000100000000000
1,2,149,-1,3,0.000000000000000,0.000100000000000
1,2,150,-1,3,0.000000000000000,0.000100000000000
1,2,1119,-1,3,0.000000000000000,0.000100000000000
1,2,1145,-1,3,0.000000000000000,0.000100000000000
1,2,1146,-1,3,0.000000000000000,0.000100000000000
1,2,1147,-1,3,0.000000000000000,0.000100000000000
1,2,1148,-1,3,0.000000000000000,0.000100000000000
1,2,1149,-1,3,0.000000000000000,0.000100000000000
1,2,1150,-1,3,0.000000000000000,0.000100000000000
1,2,1151,-1,3,0.000000000000000,0.000100000000000
1,2,1152,-1,3,0.000000000000000,0.000100000000000
1,2,1153,-1,3,0.000000000000000,0.000100000000000
1,2,1154,-1,3,0.000000000000000,0.000100000000000
1,2,1155,-1,3,0.000000000000000,0.000100000000000
1,2,1156,-1,3,0.000000000000000,0.000100000000000
1,2,1158,-1,3,0.000000000000000,0.000100000000000
1,2,1159,-1,3,0.000000000000000,0.000100000000000
1,2,1160,-1,3,0.000000000000000,0.000100000000000
1,2,1161,-1,3,0.000000000000000,0.000100000000000
1,2,1162,-1,3,0.000000000000000,0.000100000000000
1,2,1163,-1,3,0.000000000000000,0.000100000000000
1,2,1164,-1,3,0.000000000000000,0.000100000000000
1,2,1165,-1,3,0.000000000000000,0.000100000000000
1,2,1166,-1,3,0.000000000000000,0.000100000000000
1,2,1167,-1,3,0.000000000000000,0.000100000000000
1,2,1168,-1,3,0.000000000000000,0.000100000000000
1,2,1169,-1,3,0.000000000000000,0.000100000000000
1,2,1170,-1,3,0.000000000000000,0.000100000000000
1,2,1171,-1,3,0.000000000000000,0.000100000000000
1,2,1172,-1,3,0.000000000000000,0.000100000000000
1,2,1173,-1,3,0.000000000000000,0.000100000000000
1,2,1174,-1,3,0.000000000000000,0.000100000000000
1,2,1175,-1,3,0.000000000000000,0.000100000000000
1,2,1176,-1,3,0.000000000000000,0.000100000000000
1,2,1177,-1,3,0.000000000000000,0.000100000000000
1,2,1178,-1,3,0.000000000000000,0.000100000000000
1,2,1179,-1,3,0.000000000000000,0.000100000000000
1,2,1180,-1,3,0.000000000000000,0.000100000000000
1,2,1181,-1,3,0.000000000000000,0.000100000000000
1,2,1182,-1,3,0.000000000000000,0.000100000000000
1,2,1183,-1,3,0.000000000000000,0.000100000000000
1,2,1184,-1,3,0.000000000000000,0.000100000000000
1,2,1185,-1,3,0.000000000000000,0.000100000000000
1,2,1186,-1,3,0.000000000000000,0.000100000000000
1,2,1187,-1,3,0.000000000000000,0.000100000000000
1,2,1188,-1,3,0.000000000000000,0.000100000000000
1,2,1189,-1,3,0.000000000000000,0.000100000000000
1,2,1190,-1,3,0.000000000000000,0.000100000000000
1,2,1191,-1,3,0.000000000000000,0.000100000000000
1,2,1192,-1,3,0.000000000000000,0.000100000000000
1,2,1196,-1,3,0.000000000000000,0.000100000000000
1,2,1197,-1,3,0.000000000000000,0.000100000000000
1,2,1201,-1,3,0.000000000000000,0.000100000000000
1,2,1202,-1,3,0.000000000000000,0.000100000000000
1,2,1207,-1,3,0.000000000000000,0.000100000000000
1,2,1208,-1,3,0.000000000000000,0.000100000000000
1,2,1209,-1,3,0.000000000000000,0.000100000000000
1,2,1214,-1,3,0.000000000000000,0.000100000000000
1,2,1215,-1,3,0.000000000000000,0.000100000000000
1,2,1216,-1,3,0.000000000000000,0.000100000000000
1,2,1221,-1,3,0.000000000000000,0.000100000000000
1,2,1222,-1,3,0.000000000000000,0.000100000000000
1,2,1223,-1,3,0.000000000000000,0.000100000000000
1,2,1228,-1,3,0.000000000000000,0.000100000000000
1,2,1229,-1,3,0.000000000000000,0.000100000000000
1,2,1230,-1,3,0.000000000000000,0.000100000000000
1,2,1234,-1,3,0.000000000000000,0.000100000000000
1,2,1235,-1,3,0.000000000000000,0.000100000000000
1,2,1238,-1,3,0.000000000000000,0.000100000000000
1,2,1240,-1,3,0.000000000000000,0.000100000000000
1,3,2,-1,1,0.000000000000000,0.000100000000000
1,3,3,-1,1,0.000000000000000,0.000100000000000
1,3,5,-1,1,0.000000000000000,0.000100000000000
1,3,7,-1,1,0.000000000000000,0.000100000000000
1,3,9,-1,1,0.000000000000000,0.000100000000000
1,3,11,-1,1,0.000000000000000,0.000100000000000
1,3,13,-1,1,0.000000000000000,0.000100000000000
1,3,14,-1,1,0.000000000000000,0.000100000000000
1,3,15,-1,1,0.000000000000000,0.000100000000000
1,3,16,-1,1,0.000000000000000,0.000100000000000
1,3,17,-1,1,0.000000000000000,0.000100000000000
1,3,18,-1,1,0.000000000000000,0.000100000000000
1,3,19,-1,1,0.000000000000000,0.000100000000000
1,3,20,-1,1,0.000000000000000,0.000100000000000
1,3,21,-1,1,0.000000000000000,0.000100000000000
1,3,22,-1,1,0.000000000000000,0.000100000000000
1,3,23,-1,1,0.000000000000000,0.000100000000000
1,3,24,-1,1,0.000000000000000,0.000100000000000
1,3,25,-1,1,0.000000000000000,0.000100000000000
1,3,26,-1,1,0.000000000000000,0.000100000000000
1,3,27,-1,1,0.000000000000000,0.000100000000000
1,3,29,-1,1,0.000000000000000,0.000100000000000
1,3,30,-1,1,0.000000000000000,0.000100000000000
1,3,31,-1,1,0.000000000000000,0.000100000000000
1,3,32,-1,1,0.000000000000000,0.000100000000000
1,3,33,-1,1,0.000000000000000,0.000100000000000
1,3,34,-1,1,0.000000000000000,0.000100000000000
1,3,35,-1,1,0.000000000000000,0.000100000000000
1,3,36,-1,1,0.000000000000000,0.000100000000000
1,3,37,-1,1,0.000000000000000,0.000100000000000
1,3,38,-1,1,0.000000000000000,0.000100000000000
1,3,39,-1,1,0.000000000000000,0.000100000000000
1,3,40,-1,1,0.000000000000000,0.000100000000000
1,3,41,-1,1,0.000000000000000,0.000100000000000
1,3,42,-1,1,0.000000000000000,0.000100000000000
1,3,43,-1,1,0.000000000000000,0.000100000000000
1,3,44,-1,1,0.000000000000000,0.000100000000000
1,3,45,-1,1,0.000000000000000,0.000100000000000
1,3,47,-1,1,0.000000000000000,0.000100000000000
1,3,48,-1,1,0.000000000000000,0.000100000000000
1,3,49,-1,1,0.000000000000000,0.000100000000000
1,3,50,-1,1,0.000000000000000,0.000100000000000
1,3,51,-1,1,0.000000000000000,0.000100000000000
1,3,52,-1,1,0.000000000000000,0.000100000000000
1,3,53,-1,1,0.000000000000000,0.000100000000000
1,3,54,-1,1,0.000000000000000,0.000100000000000
1,3,55,-1,1,0.000000000000000,0.000100000000000
1,3,56,-1,1,0.000000000000000,0.000100000000000
1,3,57,-1,1,0.000000000000000,0.000100000000000
1,3,58,-1,1,0.000000000000000,0.000100000000000
1,3,59,-1,1,0.000000000000000,0.000100000000000
1,3,60,-1,1,0.000000000000000,0.000100000000000
1,3,61,-1,1,0.000000000000000,0.000100000000000
1,3,62,-1,1,0.000000000000000,0.000100000000000
1,3,64,-1,1,0.000000000000000,0.000100000000000
1,3,65,-1,1,0.000000000000000,0.000100000000000
1,3,66,-1,1,0.000000000000000,0.000100000000000
1,3,67,-1,1,0.000000000000000,0.000100000000000
1,3,68,-1,1,0.000000000000000,0.000100000000000
1,3,69,-1,1,0.000000000000000,0.000100000000000
1,3,70,-1,1,0.000000000000000,0.000100000000000
1,3,71,-1,1,0.000000000000000,0.000100000000000
1,3,72,-1,1,0.000000000000000,0.000100000000000
1,3,73,-1,1,0.000000000000000,0.000100000000000
1,3,74,-1,1,0.000000000000000,0.000100000000000
1,3,75,-1,1,0.000000000000000,0.000100000000000
1,3,76,-1,1,0.000000000000000,0.000100000000000
1,3,77,-1,1,0.000000000000000,0.000100000000000
1,3,78,-1,1,0.000000000000000,0.000100000000000
1,3,79,-1,1,0.000000000000000,0.000100000000000
1,3,80,-1,1,0.000000000000000,0.000100000000000
1,3,81,-1,1,0.000000000000000,0.000100000000000
1,3,83,-1,1,0.000000000000000,0.000100000000000
1,3,84,-1,1,0.000000000000000,0.000100000000000
1,3,85,-1,1,0.000000000000000,0.000100000000000
1,3,86,-1,1,0.000000000000000,0.000100000000000
1,3,87,-1,1,0.000000000000000,0.000100000000000
1,3,88,-1,1,0.000000000000000,0.000100000000000
1,3,89,-1,1,0.000000000000000,0.000100000000000
1,3,90,-1,1,0.000000000000000,0.000100000000000
1,3,91,-1,1,0.000000000000000,0.000100000000000
1,3,92,-1,1,0.000000000000000,0.000100000000000
1,3,93,-1,1,0.000000000000000,0.000100000000000
1,3,94,-1,1,0.000000000000000,0.000100000000000
1,3,95,-1,1,0.000000000000000,0.000100000000000
1,3,96,-1,1,0.000000000000000,0.000100000000000
1,3,97,-1,1,0.000000000000000,0.000100000000000
1,3,99,-1,1,0.000000000000000,0.000100000000000
1,3,100,-1,1,0.000000000000000,0.000100000000000
1,3,101,-1,1,0.000000000000000,0.000100000000000
1,3,102,-1,1,0.000000000000000,0.000100000000000
1,3,103,-1,1,0.000000000000000,0.000100000000000
1,3,104,-1,1,0.000000000000000,0.000100000000000
1,3,105,-1,1,0.000000000000000,0.000100000000000
1,3,106,-1,1,0.000000000000000,0.000100000000000
1,3,107,-1,1,0.000000000000000,0.000100000000000
1,3,108,-1,1,0.000000000000000,0.000100000000000
1,3,109,-1,1,0.000000000000000,0.000100000000000
1,3,110,-1,1,0.000000000000000,0.000100000000000
1,3,111,-1,1,0.000000000000000,0.000100000000000
1,3,112,-1,1,0.000000000000000,0.000100000000000
1,3,113,-1,1,0.000000000000000,0.000100000000000
1,3,114,-1,1,0.000000000000000,0.000100000000000
1,3,115,-1,1,0.000000000000000,0.000100000000000
1,3,116,-1,1,0.000000000000000,0.000100000000000
1,3,117,-1,1,0.000000000000000,0.000100000000000
1,3,119,-1,1,0.000000000000000,0.000100000000000
1,3,120,-1,1,0.000000000000000,0.000100000000000
1,3,121,-1,1,0.000000000000000,0.000100000000000
1,3,122,-1,1,0.000000000000000,0.000100000000000
1,3,123,-1,1,0.000000000000000,0.000100000000000
1,3,124,-1,1,0.000000000000000,0.000100000000000
1,3,125,-1,1,0.000000000000000,0.000100000000000
1,3,126,-1,1,0.000000000000000,0.000100000000000
1,3,127,-1,1,0.000000000000000,0.000100000000000
1,3,128,-1,1,0.000000000000000,0.000100000000000
1,3,129,-1,1,0.000000000000000,0.000100000000000
1,3,130,-1,1,0.000000000000000,0.000100000000000
1,3,131,-1,1,0.000000000000000,0.000100000000000
1,3,132,-1,1,0.000000000000000,0.000100000000000
1,3,133,-1,1,0.000000000000000,0.000100000000000
1,3,134,-1,1,0.000000000000000,0.000100000000000
1,3,136,-1,1,0.000000000000000,0.000100000000000
1,3,137,-1,1,0.000000000000000,0.000100000000000
1,3,138,-1,1,0.000000000000000,0.000100000000000
1,3,139,-1,1,0.000000000000000,0.000100000000000
1,3,140,-1,1,0.000000000000000,0.000100000000000
1,3,141,-1,1,0.000000000000000,0.000100000000000
1,3,142,-1,1,0.000000000000000,0.000100000000000
1,3,143,-1,1,0.000000000000000,0.000100000000000
1,3,144,-1,1,0.000000000000000,0.000100000000000
1,3,145,-1,1,0.000000000000000,0.000100000000000
1,3,146,-1,1,0.000000000000000,0.000100000000000
1,3,147,-1,1,0.000000000000000,0.000100000000000
1,3,148,-1,1,0.000000000000000,0.000100000000000
1,3,149,-1,1,0.000000000000000,0.000100000000000
1,3,150,-1,1,0.000000000000000,0.000100000000000
1,3,1119,-1,1,0.000000000000000,0.000100000000000
1,3,1145,-1,1,0.000000000000000,0.000100000000000
1,3,1146,-1,1,0.000000000000000,0.000100000000000
1,3,1147,-1,1,0.000000000000000,0.000100000000000
1,3,1148,-1,1,0.000000000000000,0.000100000000000
1,3,1149,-1,1,0.000000000000000,0.000100000000000
1,3,1150,-1,1,0.000000000000000,0.000100000000000
1,3,1151,-1,1,0.000000000000000,0.000100000000000
1,3,1152,-1,1,0.000000000000000,0.000100000000000
1,3,1153,-1,1,0.000000000000000,0.000100000000000
1,3,1154,-1,1,0.000000000000000,0.000100000000000
1,3,1155,-1,1,0.000000000000000,0.000100000000000
1,3,1156,-1,1,0.000000000000000,0.000100000000000
1,3,1158,-1,1,0.000000000000000,0.000100000000000
1,3,1159,-1,1,0.000000000000000,0.000100000000000
1,3,1160,-1,1,0.000000000000000,0.000100000000000
1,3,1161,-1,1,0.000000000000000,0.000100000000000
1,3,1162,-1,1,0.000000000000000,0.000100000000000
1,3,1163,-1,1,0.000000000000000,0.000100000000000
1,3,1164,-1,1,0.000000000000000,0.000100000000000
1,3,1165,-1,1,0.000000000000000,0.000100000000000
1,3,1166,-1,1,0.000000000000000,0.000100000000000
1,3,1167,-1,1,0.000000000000000,0.000100000000000
1,3,1168,-1,1,0.000000000000000,0.000100000000000
1,3,1169,-1,1,0.000000000000000,0.000100000000000
1,3,1170,-1,1,0.000000000000000,0.000100000000000
1,3,1171,-1,1,0.000000000000000,0.000100000000000
1,3,1172,-1,1,0.000000000000000,0.000100000000000
1,3,1173,-1,1,0.000000000000000,0.000100000000000
1,3,1174,-1,1,0.000000000000000,0.000100000000000
1,3,1175,-1,1,0.000000000000000,0.000100000000000
1,3,1176,-1,1,0.000000000000000,0.000100000000000
1,3,1177,-1,1,0.000000000000000,0.000100000000000
1,3,1178,-1,1,0.000000000000000,0.000100000000000
1,3,1179,-1,1,0.000000000000000,0.000100000000000
1,3,1180,-1,1,0.000000000000000,0.000100000000000
1,3,1181,-1,1,0.000000000000000,0.000100000000000
1,3,1182,-1,1,0.000000000000000,0.000100000000000
1,3,1183,-1,1,0.000000000000000,0.000100000000000
1,3,1184,-1,1,0.000000000000000,0.000100000000000
1,3,1185,-1,1,0.000000000000000,0.000100000000000
1,3,1186,-1,1,0.000000000000000,0.000100000000000
1,3,1187,-1,1,0.000000000000000,0.000100000000000
1,3,1188,-1,1,0.000000000000000,0.000100000000000
1,3,1189,-1,1,0.000000000000000,0.000100000000000
1,3,1190,-1,1,0.000000000000000,0.000100000000000
1,3,1191,-1,1,0.000000000000000,0.000100000000000
1,3,1192,-1,1,0.000000000000000,0.000100000000000
1,3,1196,-1,1,0.000000000000000,0.000100000000000
1,3,1197,-1,1,0.000000000000000,0.000100000000000
1,3,1201,-1,1,0.000000000000000,0.000100000000000
1,3,1202,-1,1,0.000000000000000,0.000100000000000
1,3,1207,-1,1,0.000000000000000,0.000100000000000
1,3,1208,-1,1,0.000000000000000,0.000100000000000
1,3,1209,-1,1,0.000000000000000,0.000100000000000
1,3,1214,-1,1,0.000000000000000,0.000100000000000
1,3,1215,-1,1,0.000000000000000,0.000100000000000
1,3,1216,-1,1,0.000000000000000,0.000100000000000
1,3,1221,-1,1,0.000000000000000,0.000100000000000
1,3,1222,-1,1,0.000000000000000,0.000100000000000
1,3,1223,-1,1,0.000000000000000,0.000100000000000
1,3,1228,-1,1,0.000000000000000,0.000100000000000
1,3,1229,-1,1,0.000000000000000,0.000100000000000
1,3,1230,-1,1,0.000000000000000,0.000100000000000
1,3,1234,-1,1,0.000000000000000,0.000100000000000
1,3,1235,-1,1,0.000000000000000,0.000100000000000
1,3,1238,-1,1,0.000000000000000,0.000100000000000
1,3,1240,-1,1,0.000000000000000,0.000100000000000
1,3,2,-1,2,0.000000000000000,0.000100000000000
1,3,3,-1,2,0.000000000000000,0.000100000000000
1,3,5,-1,2,0.000000000000000,0.000100000000000
1,3,7,-1,2,0.000000000000000,0.000100000000000
1,3,9,-1,2,0.000000000000000,0.000100000000000
1,3,11,-1,2,0.000000000000000,0.000100000000000
1,3,13,-1,2,0.000000000000000,0.000100000000000
1,3,14,-1,2,0.000000000000000,0.000100000000000
1,3,15,-1,2,0.000000000000000,0.000100000000000
1,3,16,-1,2,0.000000000000000,0.000100000000000
1,3,17,-1,2,0.000000000000000,0.000100000000000
1,3,18,-1,2,0.000000000000000,0.000100000000000
1,3,19,-1,2,0.000000000000000,0.000100000000000
1,3,20,-1,2,0.000000000000000,0.000100000000000
1,3,21,-1,2,0.000000000000000,0.000100000000000
1,3,22,-1,2,0.000000000000000,0.000100000000000
1,3,23,-1,2,0.000000000000000,0.000100000000000
1,3,24,-1,2,0.000000000000000,0.000100000000000
1,3,25,-1,2,0.000000000000000,0.000100000000000
1,3,26,-1,2,0.000000000000000,0.000100000000000
1,3,27,-1,2,0.000000000000000,0.000100000000000
1,3,29,-1,2,0.000000000000000,0.000100000000000
1,3,30,-1,2,0.000000000000000,0.000100000000000
1,3,31,-1,2,0.000000000000000,0.000100000000000
1,3,32,-1,2,0.000000000000000,0.000100000000000
1,3,33,-1,2,0.000000000000000,0.000100000000000
1,3,34,-1,2,0.000000000000000,0.000100000000000
1,3,35,-1,2,0.000000000000000,0.000100000000000
1,3,36,-1,2,0.000000000000000,0.000100000000000
1,3,37,-1,2,0.000000000000000,0.000100000000000
1,3,38,-1,2,0.000000000000000,0.000100000000000
1,3,39,-1,2,0.000000000000000,0.000100000000000
1,3,40,-1,2,0.000000000000000,0.000100000000000
1,3,41,-1,2,0.000000000000000,0.000100000000000
1,3,42,-1,2,0.000000000000000,0.000100000000000
1,3,43,-1,2,0.000000000000000,0.000100000000000
1,3,44,-1,2,0.000000000000000,0.000100000000000
1,3,45,-1,2,0.000000000000000,0.000100000000000
1,3,47,-1,2,0.000000000000000,0.000100000000000
1,3,48,-1,2,0.000000000000000,0.000100000000000
1,3,49,-1,2,0.000000000000000,0.000100000000000
1,3,50,-1,2,0.000000000000000,0.000100000000000
1,3,51,-1,2,0.000000000000000,0.000100000000000
1,3,52,-1,2,0.000000000000000,0.000100000000000
1,3,53,-1,2,0.000000000000000,0.000100000000000
1,3,54,-1,2,0.000000000000000,0.000100000000000
1,3,55,-1,2,0.000000000000000,0.000100000000000
1,3,56,-1,2,0.000000000000000,0.000100000000000
1,3,57,-1,2,0.000000000000000,0.000100000000000
1,3,58,-1,2,0.000000000000000,0.000100000000000
1,3,59,-1,2,0.000000000000000,0.000100000000000
1,3,60,-1,2,0.000000000000000,0.000100000000000
1,3,61,-1,2,0.000000000000000,0.000100000000000
1,3,62,-1,2,0.000000000000000,0.000100000000000
1,3,64,-1,2,0.000000000000000,0.000100000000000
1,3,65,-1,2,0.000000000000000,0.000100000000000
1,3,66,-1,2,0.000000000000000,0.000100000000000
1,3,67,-1,2,0.000000000000000,0.000100000000000
1,3,68,-1,2,0.000000000000000,0.000100000000000
1,3,69,-1,2,0.000000000000000,0.000100000000000
1,3,70,-1,2,0.000000000000000,0.000100000000000
1,3,71,-1,2,0.000000000000000,0.000100000000000
1,3,72,-1,2,0.000000000000000,0.000100000000000
1,3,73,-1,2,0.000000000000000,0.000100000000000
1,3,74,-1,2,0.000000000000000,0.000100000000000
1,3,75,-1,2,0.000000000000000,0.000100000000000
1,3,76,-1,2,0.000000000000000,0.000100000000000
1,3,77,-1,2,0.000000000000000,0.000100000000000
1,3,78,-1,2,0.000000000000000,0.000100000000000
1,3,79,-1,2,0.000000000000000,0.000100000000000
1,3,80,-1,2,0.000000000000000,0.000100000000000
1,3,81,-1,2,0.000000000000000,0.000100000000000
1,3,83,-1,2,0.000000000000000,0.000100000000000
1,3,84,-1,2,0.000000000000000,0.000100000000000
1,3,85,-1,2,0.000000000000000,0.000100000000000
1,3,86,-1,2,0.000000000000000,0.000100000000000
1,3,87,-1,2,0.000000000000000,0.000100000000000
1,3,88,-1,2,0.000000000000000,0.000100000000000
1,3,89,-1,2,0.000000000000000,0.000100000000000
1,3,90,-1,2,0.000000000000000,0.000100000000000
1,3,91,-1,2,0.000000000000000,0.000100000000000
1,3,92,-1,2,0.000000000000000,0.000100000000000
1,3,93,-1,2,0.000000000000000,0.000100000000000
1,3,94,-1,2,0.000000000000000,0.000100000000000
1,3,95,-1,2,0.000000000000000,0.000100000000000
1,3,96,-1,2,0.000000000000000,0.000100000000000
1,3,97,-1,2,0.000000000000000,0.000100000000000
1,3,99,-1,2,0.000000000000000,0.000100000000000
1,3,100,-1,2,0.000000000000000,0.000100000000000
1,3,101,-1,2,0.000000000000000,0.000100000000000
1,3,102,-1,2,0.000000000000000,0.000100000000000
1,3,103,-1,2,0.000000000000000,0.000100000000000
1,3,104,-1,2,0.000000000000000,0.000100000000000
1,3,105,-1,2,0.000000000000000,0.000100000000000
1,3,106,-1,2,0.000000000000000,0.000100000000000
1,3,107,-1,2,0.000000000000000,0.000100000000000
1,3,108,-1,2,0.000000000000000,0.000100000000000
1,3,109,-1,2,0.000000000000000,0.000100000000000
1,3,110,-1,2,0.000000000000000,0.000100000000000
1,3,111,-1,2,0.000000000000000,0.000100000000000
1,3,112,-1,2,0.000000000000000,0.000100000000000
1,3,113,-1,2,0.000000000000000,0.000100000000000
1,3,114,-1,2,0.000000000000000,0.000100000000000
1,3,115,-1,2,0.000000000000000,0.000100000000000
1,3,116,-1,2,0.000000000000000,0.000100000000000
1,3,117,-1,2,0.000000000000000,0.000100000000000
1,3,119,-1,2,0.000000000000000,0.000100000000000
1,3,120,-1,2,0.000000000000000,0.000100000000000
1,3,121,-1,2,0.000000000000000,0.000100000000000
1,3,122,-1,2,0.000000000000000,0.000100000000000
1,3,123,-1,2,0.000000000000000,0.000100000000000
1,3,124,-1,2,0.000000000000000,0.000100000000000
1,3,125,-1,2,0.000000000000000,0.000100000000000
1,3,126,-1,2,0.000000000000000,0.000100000000000
1,3,127,-1,2,0.000000000000000,0.000100000000000
1,3,128,-1,2,0.000000000000000,0.000100000000000
1,3,129,-1,2,0.000000000000000,0.000100000000000
1,3,130,-1,2,0.000000000000000,0.000100000000000
1,3,131,-1,2,0.000000000000000,0.000100000000000
1,3,132,-1,2,0.000000000000000,0.000100000000000
1,3,133,-1,2,0.000000000000000,0.000100000000000
1,3,134,-1,2,0.000000000000000,0.000100000000000
1,3,136,-1,2,0.000000000000000,0.000100000000000
1,3,137,-1,2,0.000000000000000,0.000100000000000
1,3,138,-1,2,0.000000000000000,0.000100000000000
1,3,139,-1,2,0.000000000000000,0.000100000000000
1,3,140,-1,2,0.000000000000000,0.000100000000000
1,3,141,-1,2,0.000000000000000,0.000100000000000
1,3,142,-1,2,0.000000000000000,0.000100000000000
1,3,143,-1,2,0.000000000000000,0.000100000000000
1,3,144,-1,2,0.000000000000000,0.000100000000000
1,3,145,-1,2,0.000000000000000,0.000100000000000
1,3,146,-1,2,0.000000000000000,0.000100000000000
1,3,147,-1,2,0.000000000000000,0.000100000000000
1,3,148,-1,2,0.000000000000000,0.000100000000000
1,3,149,-1,2,0.000000000000000,0.000100000000000
1,3,150,-1,2,0.000000000000000,0.000100000000000
1,3,1119,-1,2,0.000000000000000,0.000100000000000
1,3,1145,-1,2,0.000000000000000,0.000100000000000
1,3,1146,-1,2,0.000000000000000,0.000100000000000
1,3,1147,-1,2,0.000000000000000,0.000100000000000
1,3,1148,-1,2,0.000000000000000,0.000100000000000
1,3,1149,-1,2,0.000000000000000,0.000100000000000
1,3,1150,-1,2,0.000000000000000,0.000100000000000
1,3,1151,-1,2,0.000000000000000,0.000100000000000
1,3,1152,-1,2,0.000000000000000,0.000100000000000
1,3,1153,-1,2,0.000000000000000,0.000100000000000
1,3,1154,-1,2,0.000000000000000,0.000100000000000
1,3,1155,-1,2,0.000000000000000,0.000100000000000
1,3,1156,-1,2,0.000000000000000,0.000100000000000
1,3,1158,-1,2,0.000000000000000,0.000100000000000
1,3,1159,-1,2,0.000000000000000,0.000100000000000
1,3,1160,-1,2,0.000000000000000,0.000100000000000
1,3,1161,-1,2,0.000000000000000,0.000100000000000
1,3,1162,-1,2,0.000000000000000,0.000100000000000
1,3,1163,-1,2,0.000000000000000,0.000100000000000
1,3,1164,-1,2,0.000000000000000,0.000100000000000
1,3,1165,-1,2,0.000000000000000,0.000100000000000
1,3,1166,-1,2,0.000000000000000,0.000100000000000
1,3,1167,-1,2,0.000000000000000,0.000100000000000
1,3,1168,-1,2,0.000000000000000,0.000100000000000
1,3,1169,-1,2,0.000000000000000,0.000100000000000
1,3,1170,-1,2,0.000000000000000,0.000100000000000
1,3,1171,-1,2,0.000000000000000,0.000100000000000
1,3,1172,-1,2,0.000000000000000,0.000100000000000
1,3,1173,-1,2,0.000000000000000,0.000100000000000
1,3,1174,-1,2,0.000000000000000,0.000100000000000
1,3,1175,-1,2,0.000000000000000,0.000100000000000
1,3,1176,-1,2,0.000000000000000,0.000100000000000
1,3,1177,-1,2,0.000000000000000,0.000100000000000
1,3,1178,-1,2,0.000000000000000,0.000100000000000
1,3,1179,-1,2,0.000000000000000,0.000100000000000
1,3,1180,-1,2,0.000000000000000,0.000100000000000
1,3,1181,-1,2,0.000000000000000,0.000100000000000
1,3,1182,-1,2,0.000000000000000,0.000100000000000
1,3,1183,-1,2,0.000000000000000,0.000100000000000
1,3,1184,-1,2,0.000000000000000,0.000100000000000
1,3,1185,-1,2,0.000000000000000,0.000100000000000
1,3,1186,-1,2,0.000000000000000,0.000100000000000
1,3,1187,-1,2,0.000000000000000,0.000100000000000
1,3,1188,-1,2,0.000000000000000,0.000100000000000
1,3,1189,-1,2,0.000000000000000,0.000100000000000
1,3,1190,-1,2,0.000000000000000,0.000100000000000
1,3,1191,-1,2,0.000000000000000,0.000100000000000
1,3,1192,-1,2,0.000000000000000,0.000100000000000
1,3,1196,-1,2,0.000000000000000,0.000100000000000
1,3,1197,-1,2,0.000000000000000,0.000100000000000
1,3,1201,-1,2,0.000000000000000,0.000100000000000
1,3,1202,-1,2,0.000000000000000,0.000100000000000
1,3,1207,-1,2,0.000000000000000,0.000100000000000
1,3,1208,-1,2,0.000000000000000,0.000100000000000
1,3,1209,-1,2,0.000000000000000,0.000100000000000
1,3,1214,-1,2,0.000000000000000,0.000100000000000
1,3,1215,-1,2,0.000000000000000,0.000100000000000
1,3,1216,-1,2,0.000000000000000,0.000100000000000
1,3,1221,-1,2,0.000000000000000,0.000100000000000
1,3,1222,-1,2,0.000000000000000,0.000100000000000
1,3,1223,-1,2,0.000000000000000,0.000100000000000
1,3,1228,-1,2,0.000000000000000,0.000100000000000
1,3,1229,-1,2,0.000000000000000,0.000100000000000
1,3,1230,-1,2,0.000000000000000,0.000100000000000
1,3,1234,-1,2,0.000000000000000,0.000100000000000
1,3,1235,-1,2,0.000000000000000,0.000100000000000
1,3,1238,-1,2,0.000000000000000,0.000100000000000
1,3,1240,-1,2,0.000000000000000,0.000100000000000
1,3,2,-1,3,0.000000000000000,0.000100000000000
1,3,3,-1,3,0.000000000000000,0.000100000000000
1,3,5,-1,3,0.000000000000000,0.000100000000000
1,3,7,-1,3,0.000000000000000,0.000100000000000
1,3,9,-1,3,0.000000000000000,0.000100000000000
1,3,11,-1,3,0.000000000000000,0.000100000000000
1,3,13,-1,3,0.000000000000000,0.000100000000000
1,3,14,-1,3,0.000000000000000,0.000100000000000
1,3,15,-1,3,0.000000000000000,0.000100000000000
1,3,16,-1,3,0.000000000000000,0.000100000000000
1,3,17,-1,3,0.000000000000000,0.000100000000000
1,3,18,-1,3,0.000000000000000,0.000100000000000
1,3,19,-1,3,0.000000000000000,0.000100000000000
1,3,20,-1,3,0.000000000000000,0.000100000000000
1,3,21,-1,3,0.000000000000000,0.000100000000000
1,3,22,-1,3,0.000000000000000,0.000100000000000
1,3,23,-1,3,0.000000000000000,0.000100000000000
1,3,24,-1,3,0.000000000000000,0.000100000000000
1,3,25,-1,3,0.000000000000000,0.000100000000000
1,3,26,-1,3,0.000000000000000,0.000100000000000
1,3,27,-1,3,0.000000000000000,0.000100000000000
1,3,29,-1,3,0.000000000000000,0.000100000000000
1,3,30,-1,3,0.000000000000000,0.000100000000000
1,3,31,-1,3,0.000000000000000,0.000100000000000
1,3,32,-1,3,0.000000000000000,0.000100000000000
1,3,33,-1,3,0.000000000000000,0.000100000000000
1,3,34,-1,3,0.000000000000000,0.000100000000000
1,3,35,-1,3,0.000000000000000,0.000100000000000
1,3,36,-1,3,0.000000000000000,0.000100000000000
1,3,37,-1,3,0.000000000000000,0.000100000000000
1,3,38,-1,3,0.000000000000000,0.000100000000000
1,3,39,-1,3,0.000000000000000,0.000100000000000
1,3,40,-1,3,0.000000000000000,0.000100000000000
1,3,41,-1,3,0.000000000000000,0.000100000000000
1,3,42,-1,3,0.000000000000000,0.000100000000000
1,3,43,-1,3,0.000000000000000,0.000100000000000
1,3,44,-1,3,0.000000000000000,0.000100000000000
1,3,45,-1,3,0.000000000000000,0.000100000000000
1,3,47,-1,3,0.000000000000000,0.000100000000000
1,3,48,-1,3,0.000000000000000,0.000100000000000
1,3,49,-1,3,0.000000000000000,0.000100000000000
1,3,50,-1,3,0.000000000000000,0.000100000000000
1,3,51,-1,3,0.000000000000000,0.000100000000000
1,3,52,-1,3,0.000000000000000,0.000100000000000
1,3,53,-1,3,0.000000000000000,0.000100000000000
1,3,54,-1,3,0.000000000000000,0.000100000000000
1,3,55,-1,3,0.000000000000000,0.000100000000000
1,3,56,-1,3,0.000000000000000,0.000100000000000
1,3,57,-1,3,0.000000000000000,0.000100000000000
1,3,58,-1,3,0.000000000000000,0.000100000000000
1,3,59,-1,3,0.000000000000000,0.000100000000000
1,3,60,-1,3,0.000000000000000,0.000100000000000
1,3,61,-1,3,0.000000000000000,0.000100000000000
1,3,62,-1,3,0.000000000000000,0.000100000000000
1,3,64,-1,3,0.000000000000000,0.000100000000000
1,3,65,-1,3,0.000000000000000,0.000100000000000
1,3,66,-1,3,0.000000000000000,0.000100000000000
1,3,67,-1,3,0.000000000000000,0.000100000000000
1,3,68,-1,3,0.000000000000000,0.000100000000000
1,3,69,-1,3,0.000000000000000,0.000100000000000
1,3,70,-1,3,0.000000000000000,0.000100000000000
1,3,71,-1,3,0.000000000000000,0.000100000000000
1,3,72,-1,3,0.000000000000000,0.000100000000000
1,3,73,-1,3,0.000000000000000,0.000100000000000
1,3,74,-1,3,0.000000000000000,0.000100000000000
1,3,75,-1,3,0.000000000000000,0.000100000000000
1,3,76,-1,3,0.000000000000000,0.000100000000000
1,3,77,-1,3,0.000000000000000,0.000100000000000
1,3,78,-1,3,0.000000000000000,0.000100000000000
1,3,79,-1,3,0.000000000000000,0.000100000000000
1,3,80,-1,3,0.000000000000000,0.000100000000000
1,3,81,-1,3,0.000000000000000,0.000100000000000
1,3,83,-1,3,0.000000000000000,0.000100000000000
1,3,84,-1,3,0.000000000000000,0.000100000000000
1,3,85,-1,3,0.000000000000000,0.000100000000000
1,3,86,-1,3,0.000000000000000,0.000100000000000
1,3,87,-1,3,0.000000000000000,0.000100000000000
1,3,88,-1,3,0.000000000000000,0.000100000000000
1,3,89,-1,3,0.000000000000000,0.000100000000000
1,3,90,-1,3,0.000000000000000,0.000100000000000
1,3,91,-1,3,0.000000000000000,0.000100000000000
1,3,92,-1,3,0.000000000000000,0.000100000000000
1,3,93,-1,3,0.000000000000000,0.000100000000000
1,3,94,-1,3,0.000000000000000,0.000100000000000
1,3,95,-1,3,0.000000000000000,0.000100000000000
1,3,96,-1,3,0.000000000000000,0.000100000000000
1,3,97,-1,3,0.000000000000000,0.000100000000000
1,3,99,-1,3,0.000000000000000,0.000100000000000
1,3,100,-1,3,0.000000000000000,0.000100000000000
1,3,101,-1,3,0.000000000000000,0.000100000000000
1,3,102,-1,3,0.000000000000000,0.000100000000000
1,3,103,-1,3,0.000000000000000,0.000100000000000
1,3,104,-1,3,0.000000000000000,0.000100000000000
1,3,105,-1,3,0.000000000000000,0.000100000000000
1,3,106,-1,3,0.000000000000000,0.000100000000000
1,3,107,-1,3,0.000000000000000,0.000100000000000
1,3,108,-1,3,0.000000000000000,0.000100000000000
1,3,109,-1,3,0.000000000000000,0.000100000000000
1,3,110,-1,3,0.000000000000000,0.000100000000000
1,3,111,-1,3,0.000000000000000,0.000100000000000
1,3,112,-1,3,0.000000000000000,0.000100000000000
1,3,113,-1,3,0.000000000000000,0.000100000000000
1,3,114,-1,3,0.000000000000000,0.000100000000000
1,3,115,-1,3,0.000000000000000,0.000100000000000
1,3,116,-1,3,0.000000000000000,0.000100000000000
1,3,117,-1,3,0.000000000000000,0.000100000000000
1,3,119,-1,3,0.000000000000000,0.000100000000000
1,3,120,-1,3,0.000000000000000,0.000100000000000
1,3,121,-1,3,0.000000000000000,0.000100000000000
1,3,122,-1,3,0.000000000000000,0.000100000000000
1,3,123,-1,3,0.000000000000000,0.000100000000000
1,3,124,-1,3,0.000000000000000,0.000100000000000
1,3,125,-1,3,0.000000000000000,0.000100000000000
1,3,126,-1,3,0.000000000000000,0.000100000000000
1,3,127,-1,3,0.000000000000000,0.000100000000000
1,3,128,-1,3,0.000000000000000,0.000100000000000
1,3,129,-1,3,0.000000000000000,0.000100000000000
1,3,130,-1,3,0.000000000000000,0.000100000000000
1,3,131,-1,3,0.000000000000000,0.000100000000000
1,3,132,-1,3,0.000000000000000,0.000100000000000
1,3,133,-1,3,0.000000000000000,0.000100000000000
1,3,134,-1,3,0.000000000000000,0.000100000000000
1,3,136,-1,3,0.000000000000000,0.000100000000000
1,3,137,-1,3,0.000000000000000,0.000100000000000
1,3,138,-1,3,0.000000000000000,0.000100000000000
1,3,139,-1,3,0.000000000000000,0.000100000000000
1,3,140,-1,3,0.000000000000000,0.000100000000000
1,3,141,-1,3,0.000000000000000,0.000100000000000
1,3,142,-1,3,0.000000000000000,0.000100000000000
1,3,143,-1,3,0.000000000000000,0.000100000000000
1,3,144,-1,3,0.000000000000000,0.000100000000000
1,3,145,-1,3,0.000000000000000,0.000100000000000
1,3,146,-1,3,0.000000000000000,0.000100000000000
1,3,147,-1,3,0.000000000000000,0.000100000000000
1,3,148,-1,3,0.000000000000000,0.000100000000000
1,3,149,-1,3,0.000000000000000,0.000100000000000
1,3,150,-1,3,0.000000000000000,0.000100000000000
1,3,1119,-1,3,0.000000000000000,0.000100000000000
1,3,1145,-1,3,0.000000000000000,0.000100000000000
1,3,1146,-1,3,0.000000000000000,0.000100000000000
1,3,1147,-1,3,0.000000000000000,0.000100000000000
1,3,1148,-1,3,0.000000000000000,0.000100000000000
1,3,1149,-1,3,0.000000000000000,0.000100000000000
1,3,1150,-1,3,0.000000000000000,0.000100000000000
1,3,1151,-1,3,0.000000000000000,0.000100000000000
1,3,1152,-1,3,0.000000000000000,0.000100000000000
1,3,1153,-1,3,0.000000000000000,0.000100000000000
1,3,1154,-1,3,0.000000000000000,0.000100000000000
1,3,1155,-1,3,0.000000000000000,0.000100000000000
1,3,1156,-1,3,0.000000000000000,0.000100000000000
1,3,1158,-1,3,0.000000000000000,0.000100000000000
1,3,1159,-1,3,0.000000000000000,0.000100000000000
1,3,1160,-1,3,0.000000000000000,0.000100000000000
1,3,1161,-1,3,0.000000000000000,0.000100000000000
1,3,1162,-1,3,0.000000000000000,0.000100000000000
1,3,1163,-1,3,0.000000000000000,0.000100000000000
1,3,1164,-1,3,0.000000000000000,0.000100000000000
1,3,1165,-1,3,0.000000000000000,0.000100000000000
1,3,1166,-1,3,0.000000000000000,0.000100000000000
1,3,1167,-1,3,0.000000000000000,0.000100000000000
1,3,1168,-1,3,0.000000000000000,0.000100000000000
1,3,1169,-1,3,0.000000000000000,0.000100000000000
1,3,1170,-1,3,0.000000000000000,0.000100000000000
1,3,1171,-1,3,0.000000000000000,0.000100000000000
1,3,1172,-1,3,0.000000000000000,0.000100000000000
1,3,1173,-1,3,0.000000000000000,0.000100000000000
1,3,1174,-1,3,0.000000000000000,0.000100000000000
1,3,1175,-1,3,0.000000000000000,0.000100000000000
1,3,1176,-1,3,0.000000000000000,0.000100000000000
1,3,1177,-1,3,0.000000000000000,0.000100000000000
1,3,1178,-1,3,0.000000000000000,0.000100000000000
1,3,1179,-1,3,0.000000000000000,0.000100000000000
1,3,1180,-1,3,0.000000000000000,0.000100000000000
1,3,1181,-1,3,0.000000000000000,0.000100000000000
1,3,1182,-1,3,0.000000000000000,0.000100000000000
1,3,1183,-1,3,0.000000000000000,0.000100000000000
1,3,1184,-1,3,0.000000000000000,0.000100000000000
1,3,1185,-1,3,0.000000000000000,0.000100000000000
1,3,1186,-1,3,0.000000000000000,0.000100000000000
1,3,1187,-1,3,0.000000000000000,0.000100000000000
1,3,1188,-1,3,0.000000000000000,0.000100000000000
1,3,1189,-1,3,0.000000000000000,0.000100000000000
1,3,1190,-1,3,0.000000000000000,0.000100000000000
1,3,1191,-1,3,0.000000000000000,0.000100000000000
1,3,1192,-1,3,0.000000000000000,0.000100000000000
1,3,1196,-1,3,0.000000000000000,0.000100000000000
1,3,1197,-1,3,0.000000000000000,0.000100000000000
1,3,1201,-1,3,0.000000000000000,0.000100000000000
1,3,1202,-1,3,0.000000000000000,0.000100000000000
1,3,1207,-1,3,0.000000000000000,0.000100000000000
1,3,1208,-1,3,0.000000000000000,0.000100000000000
1,3,1209,-1,3,0.000000000000000,0.000100000000000
1,3,1214,-1,3,0.000000000000000,0.000100000000000
1,3,1215,-1,3,0.000000000000000,0.000100000000000
1,3,1216,-1,3,0.000000000000000,0.000100000000000
1,3,1221,-1,3,0.000000000000000,0.000100000000000
1,3,1222,-1,3,0.000000000000000,0.000100000000000
1,3,1223,-1,3,0.000000000000000,0.000100000000000
1,3,1228,-1,3,0.000000000000000,0.000100000000000
1,3,1229,-1,3,0.000000000000000,0.000100000000000
1,3,1230,-1,3,0.000000000000000,0.000100000000000
1,3,1234,-1,3,0.000000000000000,0.000100000000000
1,3,1235,-1,3,0.000000000000000,0.000100000000000
1,3,1238,-1,3,0.000000000000000,0.000100000000000
1,3,1240,-1,3,0.000000000000000,0.000100000000000
1,4,1,-1,1,139.429499999999990,0.010000000000000
1,4,1,-1,2,139.429499999999990,0.010000000000000
1,4,1,-1,3,139.429499999999990,0.010000000000000
