1,2,7,1.000000,0.004124756823477,0.040060079471112,0.002628423366282,0.019759797777543,0.002628369135288,0.017370378711590,0.004124756823646,0.040060079472716,0.002628423366282,0.019759797777543,0.004124756823477,0.040060079471112,0.0000,0.0000,0.0000,0.0000,0.0000,0.0000
2,3,7,1.000000,0.004124756823477,0.040060079471112,0.002628423366282,0.019759797777543,0.002628369135288,0.017370378711590,0.004124756823646,0.040060079472716,0.002628423366282,0.019759797777543,0.004124756823477,0.040060079471112,0.0000,0.0000,0.0000,0.0000,0.0000,0.0000
2,7,7,1.000000,0.004124756823477,0.040060079471112,0.002628423366282,0.019759797777543,0.002628369135288,0.017370378711590,0.004124756823646,0.040060079472716,0.002628423366282,0.019759797777543,0.004124756823477,0.040060079471112,0.0000,0.0000,0.0000,0.0000,0.0000,0.0000
5,11,7,50.000000,0.000016437248,0.000008436806,-0.000000000523,-0.000000028397,-0.000000001025,-0.000000005409,0.000016436881,0.000008457711,-0.000000000523,-0.000000028397,0.000016437248,0.000008436806,0.0000,0.0000,0.0000,0.0000,0.0000,0.0000
5,27,7,50.000000,0.000016437248,0.000008436806,-0.000000000523,-0.000000028397,-0.000000001025,-0.000000005409,0.000016436881,0.000008457711,-0.000000000523,-0.000000028397,0.000016437248,0.000008436806,0.0000,0.0000,0.0000,0.0000,0.0000,0.0000
5,44,7,25.000000,0.000016437248,0.000008436806,-0.000000000523,-0.000000028397,-0.000000001025,-0.000000005409,0.000016436881,0.000008457711,-0.000000000523,-0.000000028397,0.000016437248,0.000008436806,0.0000,0.0000,0.0000,0.0000,0.0000,0.0000
44,45,7,25.000000,0.000016437248,0.000008436806,-0.000000000523,-0.000000028397,-0.000000001025,-0.000000005409,0.000016436881,0.000008457711,-0.000000000523,-0.000000028397,0.000016437248,0.000008436806,0.0000,0.0000,0.0000,0.0000,0.0000,0.0000
44,62,7,25.000000,0.000016437248,0.000008436806,-0.000000000523,-0.000000028397,-0.000000001025,-0.000000005409,0.000016436881,0.000008457711,-0.000000000523,-0.000000028397,0.000016437248,0.000008436806,0.0000,0.0000,0.0000,0.0000,0.0000,0.0000
9,81,7,50.000000,0.000016437248,0.000008436806,-0.000000000523,-0.000000028397,-0.000000001025,-0.000000005409,0.000016436881,0.000008457711,-0.000000000523,-0.000000028397,0.000016437248,0.000008436806,0.0000,0.0000,0.0000,0.0000,0.0000,0.0000
9,97,7,50.000000,0.000016437248,0.000008436806,-0.000000000523,-0.000000028397,-0.000000001025,-0.000000005409,0.000016436881,0.000008457711,-0.000000000523,-0.000000028397,0.000016437248,0.000008436806,0.0000,0.0000,0.0000,0.0000,0.0000,0.0000
9,116,7,25.000000,0.000016437248,0.000008436806,-0.000000000523,-0.000000028397,-0.000000001025,-0.000000005409,0.000016436881,0.000008457711,-0.000000000523,-0.000000028397,0.000016437248,0.000008436806,0.0000,0.0000,0.0000,0.0000,0.0000,0.0000
116,117,7,25.000000,0.000016437248,0.000008436806,-0.000000000523,-0.000000028397,-0.000000001025,-0.000000005409,0.000016436881,0.000008457711,-0.000000000523,-0.000000028397,0.000016437248,0.000008436806,0.0000,0.0000,0.0000,0.0000,0.0000,0.0000
116,134,7,25.000000,0.000016437248,0.000008436806,-0.000000000523,-0.000000028397,-0.000000001025,-0.000000005409,0.000016436881,0.000008457711,-0.000000000523,-0.000000028397,0.000016437248,0.000008436806,0.0000,0.0000,0.0000,0.0000,0.0000,0.0000
11,13,7,2500.000000,0.000016437248,0.000008436806,-0.000000000523,-0.000000028397,-0.000000001025,-0.000000005409,0.000016436881,0.000008457711,-0.000000000523,-0.000000028397,0.000016437248,0.000008436806,0.0000,0.0000,0.0000,0.0000,0.0000,0.0000
13,14,7,100.000000,0.000016437248,0.000008436806,-0.000000000523,-0.000000028397,-0.000000001025,-0.000000005409,0.000016436881,0.000008457711,-0.000000000523,-0.000000028397,0.000016437248,0.000008436806,0.0000,0.0000,0.0000,0.0000,0.0000,0.0000
13,15,7,100.000000,0.000016437248,0.000008436806,-0.000000000523,-0.000000028397,-0.000000001025,-0.000000005409,0.000016436881,0.000008457711,-0.000000000523,-0.000000028397,0.000016437248,0.000008436806,0.0000,0.0000,0.0000,0.0000,0.0000,0.0000
15,16,7,100.000000,0.000016437248,0.000008436806,-0.000000000523,-0.000000028397,-0.000000001025,-0.000000005409,0.000016436881,0.000008457711,-0.000000000523,-0.000000028397,0.000016437248,0.000008436806,0.0000,0.0000,0.0000,0.0000,0.0000,0.0000
16,17,7,100.000000,0.000016437248,0.000008436806,-0.000000000523,-0.000000028397,-0.000000001025,-0.000000005409,0.000016436881,0.000008457711,-0.000000000523,-0.000000028397,0.000016437248,0.000008436806,0.0000,0.0000,0.0000,0.0000,0.0000,0.0000
15,18,7,100.000000,0.000016437248,0.000008436806,-0.000000000523,-0.000000028397,-0.000000001025,-0.000000005409,0.000016436881,0.000008457711,-0.000000000523,-0.000000028397,0.000016437248,0.000008436806,0.0000,0.0000,0.0000,0.0000,0.0000,0.0000
18,19,7,100.000000,0.000016437248,0.000008436806,-0.000000000523,-0.000000028397,-0.000000001025,-0.000000005409,0.000016436881,0.000008457711,-0.000000000523,-0.000000028397,0.000016437248,0.000008436806,0.0000,0.0000,0.0000,0.0000,0.0000,0.0000
18,20,7,100.000000,0.000016437248,0.000008436806,-0.000000000523,-0.000000028397,-0.000000001025,-0.000000005409,0.000016436881,0.000008457711,-0.000000000523,-0.000000028397,0.000016437248,0.000008436806,0.0000,0.0000,0.0000,0.0000,0.0000,0.0000
20,21,7,100.000000,0.000016437248,0.000008436806,-0.000000000523,-0.000000028397,-0.000000001025,-0.000000005409,0.000016436881,0.000008457711,-0.000000000523,-0.000000028397,0.000016437248,0.000008436806,0.0000,0.0000,0.0000,0.0000,0.0000,0.0000
21,22,7,100.000000,0.000016437248,0.000008436806,-0.000000000523,-0.000000028397,-0.000000001025,-0.000000005409,0.000016436881,0.000008457711,-0.000000000523,-0.000000028397,0.000016437248,0.000008436806,0.0000,0.0000,0.0000,0.0000,0.0000,0.0000
20,23,7,100.000000,0.000016437248,0.000008436806,-0.000000000523,-0.000000028397,-0.000000001025,-0.000000005409,0.000016436881,0.000008457711,-0.000000000523,-0.000000028397,0.000016437248,0.000008436806,0.0000,0.0000,0.0000,0.0000,0.0000,0.0000
23,24,7,100.000000,0.000016437248,0.000008436806,-0.000000000523,-0.000000028397,-0.000000001025,-0.000000005409,0.000016436881,0.000008457711,-0.000000000523,-0.000000028397,0.000016437248,0.000008436806,0.0000,0.0000,0.0000,0.0000,0.0000,0.0000
23,25,7,100.000000,0.000016437248,0.000008436806,-0.000000000523,-0.000000028397,-0.000000001025,-0.000000005409,0.000016436881,0.000008457711,-0.000000000523,-0.000000028397,0.000016437248,0.000008436806,0.0000,0.0000,0.0000,0.0000,0.0000,0.0000
25,26,7,100.000000,0.000016437248,0.000008436806,-0.000000000523,-0.000000028397,-0.000000001025,-0.000000005409,0.000016436881,0.000008457711,-0.000000000523,-0.000000028397,0.000016437248,0.000008436806,0.0000,0.0000,0.0000,0.0000,0.0000,0.0000
27,29,7,2500.000000,0.000016437248,0.000008436806,-0.000000000523,-0.000000028397,-0.000000001025,-0.000000005409,0.000016436881,0.000008457711,-0.000000000523,-0.000000028397,0.000016437248,0.000008436806,0.0000,0.0000,0.0000,0.0000,0.0000,0.0000
29,30,7,100.000000,0.000016437248,0.000008436806,-0.000000000523,-0.000000028397,-0.000000001025,-0.000000005409,0.000016436881,0.000008457711,-0.000000000523,-0.000000028397,0.000016437248,0.000008436806,0.0000,0.0000,0.0000,0.0000,0.0000,0.0000
29,31,7,100.000000,0.000016437248,0.000008436806,-0.000000000523,-0.000000028397,-0.000000001025,-0.000000005409,0.000016436881,0.000008457711,-0.000000000523,-0.000000028397,0.000016437248,0.000008436806,0.0000,0.0000,0.0000,0.0000,0.0000,0.0000
31,32,7,100.000000,0.000016437248,0.000008436806,-0.000000000523,-0.000000028397,-0.000000001025,-0.000000005409,0.000016436881,0.000008457711,-0.000000000523,-0.000000028397,0.000016437248,0.000008436806,0.0000,0.0000,0.0000,0.0000,0.0000,0.0000
31,33,7,100.000000,0.000016437248,0.000008436806,-0.000000000523,-0.000000028397,-0.000000001025,-0.000000005409,0.000016436881,0.000008457711,-0.000000000523,-0.000000028397,0.000016437248,0.000008436806,0.0000,0.0000,0.0000,0.0000,0.0000,0.0000
33,34,7,100.000000,0.000016437248,0.000008436806,-0.000000000523,-0.000000028397,-0.000000001025,-0.000000005409,0.000016436881,0.000008457711,-0.000000000523,-0.000000028397,0.000016437248,0.000008436806,0.0000,0.0000,0.0000,0.0000,0.0000,0.0000
33,35,7,100.000000,0.000016437248,0.000008436806,-0.000000000523,-0.000000028397,-0.000000001025,-0.000000005409,0.000016436881,0.000008457711,-0.000000000523,-0.000000028397,0.000016437248,0.000008436806,0.0000,0.0000,0.0000,0.0000,0.0000,0.0000
35,36,7,100.000000,0.000016437248,0.000008436806,-0.000000000523,-0.000000028397,-0.000000001025,-0.000000005409,0.000016436881,0.000008457711,-0.000000000523,-0.000000028397,0.000016437248,0.000008436806,0.0000,0.0000,0.0000,0.0000,0.0000,0.0000
35,37,7,100.000000,0.000016437248,0.000008436806,-0.000000000523,-0.000000028397,-0.000000001025,-0.000000005409,0.000016436881,0.000008457711,-0.000000000523,-0.000000028397,0.000016437248,0.000008436806,0.0000,0.0000,0.0000,0.0000,0.0000,0.0000
37,38,7,100.000000,0.000016437248,0.000008436806,-0.000000000523,-0.000000028397,-0.000000001025,-0.000000005409,0.000016436881,0.000008457711,-0.000000000523,-0.000000028397,0.000016437248,0.000008436806,0.0000,0.0000,0.0000,0.0000,0.0000,0.0000
37,39,7,100.000000,0.000016437248,0.000008436806,-0.000000000523,-0.000000028397,-0.000000001025,-0.000000005409,0.000016436881,0.000008457711,-0.000000000523,-0.000000028397,0.000016437248,0.000008436806,0.0000,0.0000,0.0000,0.0000,0.0000,0.0000
39,40,7,100.000000,0.000016437248,0.000008436806,-0.000000000523,-0.000000028397,-0.000000001025,-0.000000005409,0.000016436881,0.000008457711,-0.000000000523,-0.000000028397,0.000016437248,0.000008436806,0.0000,0.0000,0.0000,0.0000,0.0000,0.0000
40,41,7,100.000000,0.000016437248,0.000008436806,-0.000000000523,-0.000000028397,-0.000000001025,-0.000000005409,0.000016436881,0.000008457711,-0.000000000523,-0.000000028397,0.000016437248,0.000008436806,0.0000,0.0000,0.0000,0.0000,0.0000,0.0000
39,42,7,100.000000,0.000016437248,0.000008436806,-0.000000000523,-0.000000028397,-0.000000001025,-0.000000005409,0.000016436881,0.000008457711,-0.000000000523,-0.000000028397,0.000016437248,0.000008436806,0.0000,0.0000,0.0000,0.0000,0.0000,0.0000
42,43,7,100.000000,0.000016437248,0.000008436806,-0.000000000523,-0.000000028397,-0.000000001025,-0.000000005409,0.000016436881,0.000008457711,-0.000000000523,-0.000000028397,0.000016437248,0.000008436806,0.0000,0.0000,0.0000,0.0000,0.0000,0.0000
45,47,7,2500.000000,0.000016437248,0.000008436806,-0.000000000523,-0.000000028397,-0.000000001025,-0.000000005409,0.000016436881,0.000008457711,-0.000000000523,-0.000000028397,0.000016437248,0.000008436806,0.0000,0.0000,0.0000,0.0000,0.0000,0.0000
47,48,7,100.000000,0.000016437248,0.000008436806,-0.000000000523,-0.000000028397,-0.000000001025,-0.000000005409,0.000016436881,0.000008457711,-0.000000000523,-0.000000028397,0.000016437248,0.000008436806,0.0000,0.0000,0.0000,0.0000,0.0000,0.0000
47,49,7,100.000000,0.000016437248,0.000008436806,-0.000000000523,-0.000000028397,-0.000000001025,-0.000000005409,0.000016436881,0.000008457711,-0.000000000523,-0.000000028397,0.000016437248,0.000008436806,0.0000,0.0000,0.0000,0.0000,0.0000,0.0000
49,50,7,100.000000,0.000016437248,0.000008436806,-0.000000000523,-0.000000028397,-0.000000001025,-0.000000005409,0.000016436881,0.000008457711,-0.000000000523,-0.000000028397,0.000016437248,0.000008436806,0.0000,0.0000,0.0000,0.0000,0.0000,0.0000
49,51,7,100.000000,0.000016437248,0.000008436806,-0.000000000523,-0.000000028397,-0.000000001025,-0.000000005409,0.000016436881,0.000008457711,-0.000000000523,-0.000000028397,0.000016437248,0.000008436806,0.0000,0.0000,0.0000,0.0000,0.0000,0.0000
51,52,7,100.000000,0.000016437248,0.000008436806,-0.000000000523,-0.000000028397,-0.000000001025,-0.000000005409,0.000016436881,0.000008457711,-0.000000000523,-0.000000028397,0.000016437248,0.000008436806,0.0000,0.0000,0.0000,0.0000,0.0000,0.0000
51,53,7,100.000000,0.000016437248,0.000008436806,-0.000000000523,-0.000000028397,-0.000000001025,-0.000000005409,0.000016436881,0.000008457711,-0.000000000523,-0.000000028397,0.000016437248,0.000008436806,0.0000,0.0000,0.0000,0.0000,0.0000,0.0000
53,54,7,100.000000,0.000016437248,0.000008436806,-0.000000000523,-0.000000028397,-0.000000001025,-0.000000005409,0.000016436881,0.000008457711,-0.000000000523,-0.000000028397,0.000016437248,0.000008436806,0.0000,0.0000,0.0000,0.0000,0.0000,0.0000
54,55,7,100.000000,0.000016437248,0.000008436806,-0.000000000523,-0.000000028397,-0.000000001025,-0.000000005409,0.000016436881,0.000008457711,-0.000000000523,-0.000000028397,0.000016437248,0.000008436806,0.0000,0.0000,0.0000,0.0000,0.0000,0.0000
55,56,7,100.000000,0.000016437248,0.000008436806,-0.000000000523,-0.000000028397,-0.000000001025,-0.000000005409,0.000016436881,0.000008457711,-0.000000000523,-0.000000028397,0.000016437248,0.000008436806,0.0000,0.0000,0.0000,0.0000,0.0000,0.0000
53,57,7,100.000000,0.000016437248,0.000008436806,-0.000000000523,-0.000000028397,-0.000000001025,-0.000000005409,0.000016436881,0.000008457711,-0.000000000523,-0.000000028397,0.000016437248,0.000008436806,0.0000,0.0000,0.0000,0.0000,0.0000,0.0000
57,58,7,100.000000,0.000016437248,0.000008436806,-0.000000000523,-0.000000028397,-0.000000001025,-0.000000005409,0.000016436881,0.000008457711,-0.000000000523,-0.000000028397,0.000016437248,0.000008436806,0.0000,0.0000,0.0000,0.0000,0.0000,0.0000
57,59,7,100.000000,0.000016437248,0.000008436806,-0.000000000523,-0.000000028397,-0.000000001025,-0.000000005409,0.000016436881,0.000008457711,-0.000000000523,-0.000000028397,0.000016437248,0.000008436806,0.0000,0.0000,0.0000,0.0000,0.0000,0.0000
59,60,7,100.000000,0.000016437248,0.000008436806,-0.000000000523,-0.000000028397,-0.000000001025,-0.000000005409,0.000016436881,0.000008457711,-0.000000000523,-0.000000028397,0.000016437248,0.000008436806,0.0000,0.0000,0.0000,0.0000,0.0000,0.0000
60,61,7,100.000000,0.000016437248,0.000008436806,-0.000000000523,-0.000000028397,-0.000000001025,-0.000000005409,0.000016436881,0.000008457711,-0.000000000523,-0.000000028397,0.000016437248,0.000008436806,0.0000,0.0000,0.0000,0.0000,0.0000,0.0000
62,64,7,2500.000000,0.000016437248,0.000008436806,-0.000000000523,-0.000000028397,-0.000000001025,-0.000000005409,0.000016436881,0.000008457711,-0.000000000523,-0.000000028397,0.000016437248,0.000008436806,0.0000,0.0000,0.0000,0.0000,0.0000,0.0000
64,65,7,100.000000,0.000016437248,0.000008436806,-0.000000000523,-0.000000028397,-0.000000001025,-0.000000005409,0.000016436881,0.000008457711,-0.000000000523,-0.000000028397,0.000016437248,0.000008436806,0.0000,0.0000,0.0000,0.0000,0.0000,0.0000
64,66,7,100.000000,0.000016437248,0.000008436806,-0.000000000523,-0.000000028397,-0.000000001025,-0.000000005409,0.000016436881,0.000008457711,-0.000000000523,-0.000000028397,0.000016437248,0.000008436806,0.0000,0.0000,0.0000,0.0000,0.0000,0.0000
66,67,7,100.000000,0.000016437248,0.000008436806,-0.000000000523,-0.000000028397,-0.000000001025,-0.000000005409,0.000016436881,0.000008457711,-0.000000000523,-0.000000028397,0.000016437248,0.000008436806,0.0000,0.0000,0.0000,0.0000,0.0000,0.0000
66,68,7,100.000000,0.000016437248,0.000008436806,-0.000000000523,-0.000000028397,-0.000000001025,-0.000000005409,0.000016436881,0.000008457711,-0.000000000523,-0.000000028397,0.000016437248,0.000008436806,0.0000,0.0000,0.0000,0.0000,0.0000,0.0000
68,69,7,100.000000,0.000016437248,0.000008436806,-0.000000000523,-0.000000028397,-0.000000001025,-0.000000005409,0.000016436881,0.000008457711,-0.000000000523,-0.000000028397,0.000016437248,0.000008436806,0.0000,0.0000,0.0000,0.0000,0.0000,0.0000
68,70,7,100.000000,0.000016437248,0.000008436806,-0.000000000523,-0.000000028397,-0.000000001025,-0.000000005409,0.000016436881,0.000008457711,-0.000000000523,-0.000000028397,0.000016437248,0.000008436806,0.0000,0.0000,0.0000,0.0000,0.0000,0.0000
70,71,7,100.000000,0.000016437248,0.000008436806,-0.000000000523,-0.000000028397,-0.000000001025,-0.000000005409,0.000016436881,0.000008457711,-0.000000000523,-0.000000028397,0.000016437248,0.000008436806,0.0000,0.0000,0.0000,0.0000,0.0000,0.0000
70,72,7,100.000000,0.000016437248,0.000008436806,-0.000000000523,-0.000000028397,-0.000000001025,-0.000000005409,0.000016436881,0.000008457711,-0.000000000523,-0.000000028397,0.000016437248,0.000008436806,0.0000,0.0000,0.0000,0.0000,0.0000,0.0000
72,73,7,100.000000,0.000016437248,0.000008436806,-0.000000000523,-0.000000028397,-0.000000001025,-0.000000005409,0.000016436881,0.000008457711,-0.000000000523,-0.000000028397,0.000016437248,0.000008436806,0.0000,0.0000,0.0000,0.0000,0.0000,0.0000
73,74,7,100.000000,0.000016437248,0.000008436806,-0.000000000523,-0.000000028397,-0.000000001025,-0.000000005409,0.000016436881,0.000008457711,-0.000000000523,-0.000000028397,0.000016437248,0.000008436806,0.0000,0.0000,0.0000,0.0000,0.0000,0.0000
72,75,7,100.000000,0.000016437248,0.000008436806,-0.000000000523,-0.000000028397,-0.000000001025,-0.000000005409,0.000016436881,0.000008457711,-0.000000000523,-0.000000028397,0.000016437248,0.000008436806,0.0000,0.0000,0.0000,0.0000,0.0000,0.0000
75,76,7,100.000000,0.000016437248,0.000008436806,-0.000000000523,-0.000000028397,-0.000000001025,-0.000000005409,0.000016436881,0.000008457711,-0.000000000523,-0.000000028397,0.000016437248,0.000008436806,0.0000,0.0000,0.0000,0.0000,0.0000,0.0000
75,77,7,100.000000,0.000016437248,0.000008436806,-0.000000000523,-0.000000028397,-0.000000001025,-0.000000005409,0.000016436881,0.000008457711,-0.000000000523,-0.000000028397,0.000016437248,0.000008436806,0.0000,0.0000,0.0000,0.0000,0.0000,0.0000
77,78,7,100.000000,0.000016437248,0.000008436806,-0.000000000523,-0.000000028397,-0.000000001025,-0.000000005409,0.000016436881,0.000008457711,-0.000000000523,-0.000000028397,0.000016437248,0.000008436806,0.0000,0.0000,0.0000,0.0000,0.0000,0.0000
77,79,7,100.000000,0.000016437248,0.000008436806,-0.000000000523,-0.000000028397,-0.000000001025,-0.000000005409,0.000016436881,0.000008457711,-0.000000000523,-0.000000028397,0.000016437248,0.000008436806,0.0000,0.0000,0.0000,0.0000,0.0000,0.0000
79,80,7,100.000000,0.000016437248,0.000008436806,-0.000000000523,-0.000000028397,-0.000000001025,-0.000000005409,0.000016436881,0.000008457711,-0.000000000523,-0.000000028397,0.000016437248,0.000008436806,0.0000,0.0000,0.0000,0.0000,0.0000,0.0000
81,83,7,2500.000000,0.000016437248,0.000008436806,-0.000000000523,-0.000000028397,-0.000000001025,-0.000000005409,0.000016436881,0.000008457711,-0.000000000523,-0.000000028397,0.000016437248,0.000008436806,0.0000,0.0000,0.0000,0.0000,0.0000,0.0000
83,84,7,100.000000,0.000016437248,0.000008436806,-0.000000000523,-0.000000028397,-0.000000001025,-0.000000005409,0.000016436881,0.000008457711,-0.000000000523,-0.000000028397,0.000016437248,0.000008436806,0.0000,0.0000,0.0000,0.0000,0.0000,0.0000
83,85,7,100.000000,0.000016437248,0.000008436806,-0.000000000523,-0.000000028397,-0.000000001025,-0.000000005409,0.000016436881,0.000008457711,-0.000000000523,-0.000000028397,0.000016437248,0.000008436806,0.0000,0.0000,0.0000,0.0000,0.0000,0.0000
85,86,7,100.000000,0.000016437248,0.000008436806,-0.000000000523,-0.000000028397,-0.000000001025,-0.000000005409,0.000016436881,0.000008457711,-0.000000000523,-0.000000028397,0.000016437248,0.000008436806,0.0000,0.0000,0.0000,0.0000,0.0000,0.0000
86,87,7,100.000000,0.000016437248,0.000008436806,-0.000000000523,-0.000000028397,-0.000000001025,-0.000000005409,0.000016436881,0.000008457711,-0.000000000523,-0.000000028397,0.000016437248,0.000008436806,0.0000,0.0000,0.0000,0.0000,0.0000,0.0000
85,88,7,100.000000,0.000016437248,0.000008436806,-0.000000000523,-0.000000028397,-0.000000001025,-0.000000005409,0.000016436881,0.000008457711,-0.000000000523,-0.000000028397,0.000016437248,0.000008436806,0.0000,0.0000,0.0000,0.0000,0.0000,0.0000
88,89,7,100.000000,0.000016437248,0.000008436806,-0.000000000523,-0.000000028397,-0.000000001025,-0.000000005409,0.000016436881,0.000008457711,-0.000000000523,-0.000000028397,0.000016437248,0.000008436806,0.0000,0.0000,0.0000,0.0000,0.0000,0.0000
88,90,7,100.000000,0.000016437248,0.000008436806,-0.000000000523,-0.000000028397,-0.000000001025,-0.000000005409,0.000016436881,0.000008457711,-0.000000000523,-0.000000028397,0.000016437248,0.000008436806,0.0000,0.0000,0.0000,0.0000,0.0000,0.0000
90,91,7,100.000000,0.000016437248,0.000008436806,-0.000000000523,-0.000000028397,-0.000000001025,-0.000000005409,0.000016436881,0.000008457711,-0.000000000523,-0.000000028397,0.000016437248,0.000008436806,0.0000,0.0000,0.0000,0.0000,0.0000,0.0000
91,92,7,100.000000,0.000016437248,0.000008436806,-0.000000000523,-0.000000028397,-0.000000001025,-0.000000005409,0.000016436881,0.000008457711,-0.000000000523,-0.000000028397,0.000016437248,0.000008436806,0.0000,0.0000,0.0000,0.0000,0.0000,0.0000
90,93,7,100.000000,0.000016437248,0.000008436806,-0.000000000523,-0.000000028397,-0.000000001025,-0.000000005409,0.000016436881,0.000008457711,-0.000000000523,-0.000000028397,0.000016437248,0.000008436806,0.0000,0.0000,0.0000,0.0000,0.0000,0.0000
93,94,7,100.000000,0.000016437248,0.000008436806,-0.000000000523,-0.000000028397,-0.000000001025,-0.000000005409,0.000016436881,0.000008457711,-0.000000000523,-0.000000028397,0.000016437248,0.000008436806,0.0000,0.0000,0.0000,0.0000,0.0000,0.0000
93,95,7,100.000000,0.000016437248,0.000008436806,-0.000000000523,-0.000000028397,-0.000000001025,-0.000000005409,0.000016436881,0.000008457711,-0.000000000523,-0.000000028397,0.000016437248,0.000008436806,0.0000,0.0000,0.0000,0.0000,0.0000,0.0000
95,96,7,100.000000,0.000016437248,0.000008436806,-0.000000000523,-0.000000028397,-0.000000001025,-0.000000005409,0.000016436881,0.000008457711,-0.000000000523,-0.000000028397,0.000016437248,0.000008436806,0.0000,0.0000,0.0000,0.0000,0.0000,0.0000
97,99,7,2500.000000,0.000016437248,0.000008436806,-0.000000000523,-0.000000028397,-0.000000001025,-0.000000005409,0.000016436881,0.000008457711,-0.000000000523,-0.000000028397,0.000016437248,0.000008436806,0.0000,0.0000,0.0000,0.0000,0.0000,0.0000
99,100,7,100.000000,0.000016437248,0.000008436806,-0.000000000523,-0.000000028397,-0.000000001025,-0.000000005409,0.000016436881,0.000008457711,-0.000000000523,-0.000000028397,0.000016437248,0.000008436806,0.0000,0.0000,0.0000,0.0000,0.0000,0.0000
99,101,7,100.000000,0.000016437248,0.000008436806,-0.000000000523,-0.000000028397,-0.000000001025,-0.000000005409,0.000016436881,0.000008457711,-0.000000000523,-0.000000028397,0.000016437248,0.000008436806,0.0000,0.0000,0.0000,0.0000,0.0000,0.0000
101,102,7,100.000000,0.000016437248,0.000008436806,-0.000000000523,-0.000000028397,-0.000000001025,-0.000000005409,0.000016436881,0.000008457711,-0.000000000523,-0.000000028397,0.000016437248,0.000008436806,0.0000,0.0000,0.0000,0.0000,0.0000,0.0000
101,103,7,100.000000,0.000016437248,0.000008436806,-0.000000000523,-0.000000028397,-0.000000001025,-0.000000005409,0.000016436881,0.000008457711,-0.000000000523,-0.000000028397,0.000016437248,0.000008436806,0.0000,0.0000,0.0000,0.0000,0.0000,0.0000
103,104,7,100.000000,0.000016437248,0.000008436806,-0.000000000523,-0.000000028397,-0.000000001025,-0.000000005409,0.000016436881,0.000008457711,-0.000000000523,-0.000000028397,0.000016437248,0.000008436806,0.0000,0.0000,0.0000,0.0000,0.0000,0.0000
103,105,7,100.000000,0.000016437248,0.000008436806,-0.000000000523,-0.000000028397,-0.000000001025,-0.000000005409,0.000016436881,0.000008457711,-0.000000000523,-0.000000028397,0.000016437248,0.000008436806,0.0000,0.0000,0.0000,0.0000,0.0000,0.0000
105,106,7,100.000000,0.000016437248,0.000008436806,-0.000000000523,-0.000000028397,-0.000000001025,-0.000000005409,0.000016436881,0.000008457711,-0.000000000523,-0.000000028397,0.000016437248,0.000008436806,0.0000,0.0000,0.0000,0.0000,0.0000,0.0000
106,107,7,100.000000,0.000016437248,0.000008436806,-0.000000000523,-0.000000028397,-0.000000001025,-0.000000005409,0.000016436881,0.000008457711,-0.000000000523,-0.000000028397,0.000016437248,0.000008436806,0.0000,0.0000,0.0000,0.0000,0.0000,0.0000
105,108,7,100.000000,0.000016437248,0.000008436806,-0.000000000523,-0.000000028397,-0.000000001025,-0.000000005409,0.000016436881,0.000008457711,-0.000000000523,-0.000000028397,0.000016437248,0.000008436806,0.0000,0.0000,0.0000,0.0000,0.0000,0.0000
108,109,7,100.000000,0.000016437248,0.000008436806,-0.000000000523,-0.000000028397,-0.000000001025,-0.000000005409,0.000016436881,0.000008457711,-0.000000000523,-0.000000028397,0.000016437248,0.000008436806,0.0000,0.0000,0.0000,0.0000,0.0000,0.0000
108,110,7,100.000000,0.000016437248,0.000008436806,-0.000000000523,-0.000000028397,-0.000000001025,-0.000000005409,0.000016436881,0.000008457711,-0.000000000523,-0.000000028397,0.000016437248,0.000008436806,0.0000,0.0000,0.0000,0.0000,0.0000,0.0000
110,111,7,100.000000,0.000016437248,0.000008436806,-0.000000000523,-0.000000028397,-0.000000001025,-0.000000005409,0.000016436881,0.000008457711,-0.000000000523,-0.000000028397,0.000016437248,0.000008436806,0.0000,0.0000,0.0000,0.0000,0.0000,0.0000
110,112,7,100.000000,0.000016437248,0.000008436806,-0.000000000523,-0.000000028397,-0.000000001025,-0.000000005409,0.000016436881,0.000008457711,-0.000000000523,-0.000000028397,0.000016437248,0.000008436806,0.0000,0.0000,0.0000,0.0000,0.0000,0.0000
112,113,7,100.000000,0.000016437248,0.000008436806,-0.000000000523,-0.000000028397,-0.000000001025,-0.000000005409,0.000016436881,0.000008457711,-0.000000000523,-0.000000028397,0.000016437248,0.000008436806,0.0000,0.0000,0.0000,0.0000,0.0000,0.0000
112,114,7,100.000000,0.000016437248,0.000008436806,-0.000000000523,-0.000000028397,-0.000000001025,-0.000000005409,0.000016436881,0.000008457711,-0.000000000523,-0.000000028397,0.000016437248,0.000008436806,0.0000,0.0000,0.0000,0.0000,0.0000,0.0000
114,115,7,100.000000,0.000016437248,0.000008436806,-0.000000000523,-0.000000028397,-0.000000001025,-0.000000005409,0.000016436881,0.000008457711,-0.000000000523,-0.000000028397,0.000016437248,0.000008436806,0.0000,0.0000,0.0000,0.0000,0.0000,0.0000
117,119,7,2500.000000,0.000016437248,0.000008436806,-0.000000000523,-0.000000028397,-0.000000001025,-0.000000005409,0.000016436881,0.000008457711,-0.000000000523,-0.000000028397,0.000016437248,0.000008436806,0.0000,0.0000,0.0000,0.0000,0.0000,0.0000
119,120,7,100.000000,0.000016437248,0.000008436806,-0.000000000523,-0.000000028397,-0.000000001025,-0.000000005409,0.000016436881,0.000008457711,-0.000000000523,-0.000000028397,0.000016437248,0.000008436806,0.0000,0.0000,0.0000,0.0000,0.0000,0.0000
119,121,7,100.000000,0.000016437248,0.000008436806,-0.000000000523,-0.000000028397,-0.000000001025,-0.000000005409,0.000016436881,0.000008457711,-0.000000000523,-0.000000028397,0.000016437248,0.000008436806,0.0000,0.0000,0.0000,0.0000,0.0000,0.0000
121,122,7,100.000000,0.000016437248,0.000008436806,-0.000000000523,-0.000000028397,-0.000000001025,-0.000000005409,0.000016436881,0.000008457711,-0.000000000523,-0.000000028397,0.000016437248,0.000008436806,0.0000,0.0000,0.0000,0.0000,0.0000,0.0000
121,123,7,100.000000,0.000016437248,0.000008436806,-0.000000000523,-0.000000028397,-0.000000001025,-0.000000005409,0.000016436881,0.000008457711,-0.000000000523,-0.000000028397,0.000016437248,0.000008436806,0.0000,0.0000,0.0000,0.0000,0.0000,0.0000
123,124,7,100.000000,0.000016437248,0.000008436806,-0.000000000523,-0.000000028397,-0.000000001025,-0.000000005409,0.000016436881,0.000008457711,-0.000000000523,-0.000000028397,0.000016437248,0.000008436806,0.0000,0.0000,0.0000,0.0000,0.0000,0.0000
123,125,7,100.000000,0.000016437248,0.000008436806,-0.000000000523,-0.000000028397,-0.000000001025,-0.000000005409,0.000016436881,0.000008457711,-0.000000000523,-0.000000028397,0.000016437248,0.000008436806,0.0000,0.0000,0.0000,0.0000,0.0000,0.0000
125,126,7,100.000000,0.000016437248,0.000008436806,-0.000000000523,-0.000000028397,-0.000000001025,-0.000000005409,0.000016436881,0.000008457711,-0.000000000523,-0.000000028397,0.000016437248,0.000008436806,0.0000,0.0000,0.0000,0.0000,0.0000,0.0000
125,127,7,100.000000,0.000016437248,0.000008436806,-0.000000000523,-0.000000028397,-0.000000001025,-0.000000005409,0.000016436881,0.000008457711,-0.000000000523,-0.000000028397,0.000016437248,0.000008436806,0.0000,0.0000,0.0000,0.0000,0.0000,0.0000
127,128,7,100.000000,0.000016437248,0.000008436806,-0.000000000523,-0.000000028397,-0.000000001025,-0.000000005409,0.000016436881,0.000008457711,-0.000000000523,-0.000000028397,0.000016437248,0.000008436806,0.0000,0.0000,0.0000,0.0000,0.0000,0.0000
127,129,7,100.000000,0.000016437248,0.000008436806,-0.000000000523,-0.000000028397,-0.000000001025,-0.000000005409,0.000016436881,0.000008457711,-0.000000000523,-0.000000028397,0.000016437248,0.000008436806,0.0000,0.0000,0.0000,0.0000,0.0000,0.0000
129,130,7,100.000000,0.000016437248,0.000008436806,-0.000000000523,-0.000000028397,-0.000000001025,-0.000000005409,0.000016436881,0.000008457711,-0.000000000523,-0.000000028397,0.000016437248,0.000008436806,0.0000,0.0000,0.0000,0.0000,0.0000,0.0000
130,131,7,100.000000,0.000016437248,0.000008436806,-0.000000000523,-0.000000028397,-0.000000001025,-0.000000005409,0.000016436881,0.000008457711,-0.000000000523,-0.000000028397,0.000016437248,0.000008436806,0.0000,0.0000,0.0000,0.0000,0.0000,0.0000
129,132,7,100.000000,0.000016437248,0.000008436806,-0.000000000523,-0.000000028397,-0.000000001025,-0.000000005409,0.000016436881,0.000008457711,-0.000000000523,-0.000000028397,0.000016437248,0.000008436806,0.0000,0.0000,0.0000,0.0000,0.0000,0.0000
132,133,7,100.000000,0.000016437248,0.000008436806,-0.000000000523,-0.000000028397,-0.000000001025,-0.000000005409,0.000016436881,0.000008457711,-0.000000000523,-0.000000028397,0.000016437248,0.000008436806,0.0000,0.0000,0.0000,0.0000,0.0000,0.0000
134,136,7,2500.000000,0.000016437248,0.000008436806,-0.000000000523,-0.000000028397,-0.000000001025,-0.000000005409,0.000016436881,0.000008457711,-0.000000000523,-0.000000028397,0.000016437248,0.000008436806,0.0000,0.0000,0.0000,0.0000,0.0000,0.0000
136,137,7,100.000000,0.000016437248,0.000008436806,-0.000000000523,-0.000000028397,-0.000000001025,-0.000000005409,0.000016436881,0.000008457711,-0.000000000523,-0.000000028397,0.000016437248,0.000008436806,0.0000,0.0000,0.0000,0.0000,0.0000,0.0000
136,138,7,100.000000,0.000016437248,0.000008436806,-0.000000000523,-0.000000028397,-0.000000001025,-0.000000005409,0.000016436881,0.000008457711,-0.000000000523,-0.000000028397,0.000016437248,0.000008436806,0.0000,0.0000,0.0000,0.0000,0.0000,0.0000
138,139,7,100.000000,0.000016437248,0.000008436806,-0.000000000523,-0.000000028397,-0.000000001025,-0.000000005409,0.000016436881,0.000008457711,-0.000000000523,-0.000000028397,0.000016437248,0.000008436806,0.0000,0.0000,0.0000,0.0000,0.0000,0.0000
139,140,7,100.000000,0.000016437248,0.000008436806,-0.000000000523,-0.000000028397,-0.000000001025,-0.000000005409,0.000016436881,0.000008457711,-0.000000000523,-0.000000028397,0.000016437248,0.000008436806,0.0000,0.0000,0.0000,0.0000,0.0000,0.0000
138,141,7,100.000000,0.000016437248,0.000008436806,-0.000000000523,-0.000000028397,-0.000000001025,-0.000000005409,0.000016436881,0.000008457711,-0.000000000523,-0.000000028397,0.000016437248,0.000008436806,0.0000,0.0000,0.0000,0.0000,0.0000,0.0000
141,142,7,100.000000,0.000016437248,0.000008436806,-0.000000000523,-0.000000028397,-0.000000001025,-0.000000005409,0.000016436881,0.000008457711,-0.000000000523,-0.000000028397,0.000016437248,0.000008436806,0.0000,0.0000,0.0000,0.0000,0.0000,0.0000
141,143,7,100.000000,0.000016437248,0.000008436806,-0.000000000523,-0.000000028397,-0.000000001025,-0.000000005409,0.000016436881,0.000008457711,-0.000000000523,-0.000000028397,0.000016437248,0.000008436806,0.0000,0.0000,0.0000,0.0000,0.0000,0.0000
143,144,7,100.000000,0.000016437248,0.000008436806,-0.000000000523,-0.000000028397,-0.000000001025,-0.000000005409,0.000016436881,0.000008457711,-0.000000000523,-0.000000028397,0.000016437248,0.000008436806,0.0000,0.0000,0.0000,0.0000,0.0000,0.0000
144,145,7,100.000000,0.000016437248,0.000008436806,-0.000000000523,-0.000000028397,-0.000000001025,-0.000000005409,0.000016436881,0.000008457711,-0.000000000523,-0.000000028397,0.000016437248,0.000008436806,0.0000,0.0000,0.0000,0.0000,0.0000,0.0000
145,146,7,100.000000,0.000016437248,0.000008436806,-0.000000000523,-0.000000028397,-0.000000001025,-0.000000005409,0.000016436881,0.000008457711,-0.000000000523,-0.000000028397,0.000016437248,0.000008436806,0.0000,0.0000,0.0000,0.0000,0.0000,0.0000
143,147,7,100.000000,0.000016437248,0.000008436806,-0.000000000523,-0.000000028397,-0.000000001025,-0.000000005409,0.000016436881,0.000008457711,-0.000000000523,-0.000000028397,0.000016437248,0.000008436806,0.0000,0.0000,0.0000,0.0000,0.0000,0.0000
147,148,7,100.000000,0.000016437248,0.000008436806,-0.000000000523,-0.000000028397,-0.000000001025,-0.000000005409,0.000016436881,0.000008457711,-0.000000000523,-0.000000028397,0.000016437248,0.000008436806,0.0000,0.0000,0.0000,0.0000,0.0000,0.0000
147,149,7,100.000000,0.000016437248,0.000008436806,-0.000000000523,-0.000000028397,-0.000000001025,-0.000000005409,0.000016436881,0.000008457711,-0.000000000523,-0.000000028397,0.000016437248,0.000008436806,0.0000,0.0000,0.0000,0.0000,0.0000,0.0000
149,150,7,100.000000,0.000016437248,0.000008436806,-0.000000000523,-0.000000028397,-0.000000001025,-0.000000005409,0.000016436881,0.000008457711,-0.000000000523,-0.000000028397,0.000016437248,0.000008436806,0.0000,0.0000,0.0000,0.0000,0.0000,0.0000
1196,1193,7,2.000000,0.000042449321,0.000064432838,0.000016235190,0.000033925049,0.000016757904,0.000024446339,0.000041435804,0.000072619516,0.000016235190,0.000033925049,0.000042449321,0.000064432838,0.0000,0.0000,0.0000,0.0000,0.0000,0.0000
1197,1193,7,2.000000,0.000042449321,0.000064432838,0.000016235190,0.000033925049,0.000016757904,0.000024446339,0.000041435804,0.000072619516,0.000016235190,0.000033925049,0.000042449321,0.000064432838,0.0000,0.0000,0.0000,0.0000,0.0000,0.0000
1201,1198,7,2.000000,0.000042449321,0.000064432838,0.000016235190,0.000033925049,0.000016757904,0.000024446339,0.000041435804,0.000072619516,0.000016235190,0.000033925049,0.000042449321,0.000064432838,0.0000,0.0000,0.0000,0.0000,0.0000,0.0000
1202,1198,7,2.000000,0.000042449321,0.000064432838,0.000016235190,0.000033925049,0.000016757904,0.000024446339,0.000041435804,0.000072619516,0.000016235190,0.000033925049,0.000042449321,0.000064432838,0.0000,0.0000,0.0000,0.0000,0.0000,0.0000
1207,1203,7,2.000000,0.000042449321,0.000064432838,0.000016235190,0.000033925049,0.000016757904,0.000024446339,0.000041435804,0.000072619516,0.000016235190,0.000033925049,0.000042449321,0.000064432838,0.0000,0.0000,0.0000,0.0000,0.0000,0.0000
1208,1203,7,2.000000,0.000042449321,0.000064432838,0.000016235190,0.000033925049,0.000016757904,0.000024446339,0.000041435804,0.000072619516,0.000016235190,0.000033925049,0.000042449321,0.000064432838,0.0000,0.0000,0.0000,0.0000,0.0000,0.0000
1209,1203,7,2.000000,0.000042449321,0.000064432838,0.000016235190,0.000033925049,0.000016757904,0.000024446339,0.000041435804,0.000072619516,0.000016235190,0.000033925049,0.000042449321,0.000064432838,0.0000,0.0000,0.0000,0.0000,0.0000,0.0000
1214,1210,7,2.000000,0.000042449321,0.000064432838,0.000016235190,0.000033925049,0.000016757904,0.000024446339,0.000041435804,0.000072619516,0.000016235190,0.000033925049,0.000042449321,0.000064432838,0.0000,0.0000,0.0000,0.0000,0.0000,0.0000
1215,1210,7,2.000000,0.000042449321,0.000064432838,0.000016235190,0.000033925049,0.000016757904,0.000024446339,0.000041435804,0.000072619516,0.000016235190,0.000033925049,0.000042449321,0.000064432838,0.0000,0.0000,0.0000,0.0000,0.0000,0.0000
1216,1210,7,2.000000,0.000042449321,0.000064432838,0.000016235190,0.000033925049,0.000016757904,0.000024446339,0.000041435804,0.000072619516,0.000016235190,0.000033925049,0.000042449321,0.000064432838,0.0000,0.0000,0.0000,0.0000,0.0000,0.0000
1221,1217,7,2.000000,0.000042449321,0.000064432838,0.000016235190,0.000033925049,0.000016757904,0.000024446339,0.000041435804,0.000072619516,0.000016235190,0.000033925049,0.000042449321,0.000064432838,0.0000,0.0000,0.0000,0.0000,0.0000,0.0000
1222,1217,7,2.000000,0.000042449321,0.000064432838,0.000016235190,0.000033925049,0.000016757904,0.000024446339,0.000041435804,0.000072619516,0.000016235190,0.000033925049,0.000042449321,0.000064432838,0.0000,0.0000,0.0000,0.0000,0.0000,0.0000
1223,1217,7,2.000000,0.000042449321,0.000064432838,0.000016235190,0.000033925049,0.000016757904,0.000024446339,0.000041435804,0.000072619516,0.000016235190,0.000033925049,0.000042449321,0.000064432838,0.0000,0.0000,0.0000,0.0000,0.0000,0.0000
1228,1224,7,2.000000,0.000042449321,0.000064432838,0.000016235190,0.000033925049,0.000016757904,0.000024446339,0.000041435804,0.000072619516,0.000016235190,0.000033925049,0.000042449321,0.000064432838,0.0000,0.0000,0.0000,0.0000,0.0000,0.0000
1229,1224,7,2.000000,0.000042449321,0.000064432838,0.000016235190,0.000033925049,0.000016757904,0.000024446339,0.000041435804,0.000072619516,0.000016235190,0.000033925049,0.000042449321,0.000064432838,0.0000,0.0000,0.0000,0.0000,0.0000,0.0000
1230,1224,7,2.000000,0.000042449321,0.000064432838,0.000016235190,0.000033925049,0.000016757904,0.000024446339,0.000041435804,0.000072619516,0.000016235190,0.000033925049,0.000042449321,0.000064432838,0.0000,0.0000,0.0000,0.0000,0.0000,0.0000
1234,1231,7,2.000000,0.000042449321,0.000064432838,0.000016235190,0.000033925049,0.000016757904,0.000024446339,0.000041435804,0.000072619516,0.000016235190,0.000033925049,0.000042449321,0.000064432838,0.0000,0.0000,0.0000,0.0000,0.0000,0.0000
1235,1231,7,2.000000,0.000042449321,0.000064432838,0.000016235190,0.000033925049,0.000016757904,0.000024446339,0.000041435804,0.000072619516,0.000016235190,0.000033925049,0.000042449321,0.000064432838,0.0000,0.0000,0.0000,0.0000,0.0000,0.0000
1238,1236,7,2.000000,0.000042449321,0.000064432838,0.000016235190,0.000033925049,0.000016757904,0.000024446339,0.000041435804,0.000072619516,0.000016235190,0.000033925049,0.000042449321,0.000064432838,0.0000,0.0000,0.0000,0.0000,0.0000,0.0000
1240,1236,7,2.000000,0.000042449321,0.000064432838,0.000016235190,0.000033925049,0.000016757904,0.000024446339,0.000041435804,0.000072619516,0.000016235190,0.000033925049,0.000042449321,0.000064432838,0.0000,0.0000,0.0000,0.0000,0.0000,0.0000
1001,1002,7,16.666667,0.000042449321,0.000064432838,0.000016235190,0.000033925049,0.000016757904,0.000024446339,0.000041435804,0.000072619516,0.000016235190,0.000033925049,0.000042449321,0.000064432838,0.0000,0.0000,0.0000,0.0000,0.0000,0.0000
1002,1003,7,4.166667,0.000042449321,0.000064432838,0.000016235190,0.000033925049,0.000016757904,0.000024446339,0.000041435804,0.000072619516,0.000016235190,0.000033925049,0.000042449321,0.000064432838,0.0000,0.0000,0.0000,0.0000,0.0000,0.0000
1003,1145,7,4.166667,0.000042449321,0.000064432838,0.000016235190,0.000033925049,0.000016757904,0.000024446339,0.000041435804,0.000072619516,0.000016235190,0.000033925049,0.000042449321,0.000064432838,0.0000,0.0000,0.0000,0.0000,0.0000,0.0000
1145,1005,7,16.666667,0.000042449321,0.000064432838,0.000016235190,0.000033925049,0.000016757904,0.000024446339,0.000041435804,0.000072619516,0.000016235190,0.000033925049,0.000042449321,0.000064432838,0.0000,0.0000,0.0000,0.0000,0.0000,0.0000
1005,1006,7,16.666667,0.000042449321,0.000064432838,0.000016235190,0.000033925049,0.000016757904,0.000024446339,0.000041435804,0.000072619516,0.000016235190,0.000033925049,0.000042449321,0.000064432838,0.0000,0.0000,0.0000,0.0000,0.0000,0.0000
1006,1007,7,16.666667,0.000042449321,0.000064432838,0.000016235190,0.000033925049,0.000016757904,0.000024446339,0.000041435804,0.000072619516,0.000016235190,0.000033925049,0.000042449321,0.000064432838,0.0000,0.0000,0.0000,0.0000,0.0000,0.0000
1007,1008,7,4.166667,0.000042449321,0.000064432838,0.000016235190,0.000033925049,0.000016757904,0.000024446339,0.000041435804,0.000072619516,0.000016235190,0.000033925049,0.000042449321,0.000064432838,0.0000,0.0000,0.0000,0.0000,0.0000,0.0000
1008,1149,7,4.166667,0.000042449321,0.000064432838,0.000016235190,0.000033925049,0.000016757904,0.000024446339,0.000041435804,0.000072619516,0.000016235190,0.000033925049,0.000042449321,0.000064432838,0.0000,0.0000,0.0000,0.0000,0.0000,0.0000
1149,1010,7,16.666667,0.000042449321,0.000064432838,0.000016235190,0.000033925049,0.000016757904,0.000024446339,0.000041435804,0.000072619516,0.000016235190,0.000033925049,0.000042449321,0.000064432838,0.0000,0.0000,0.0000,0.0000,0.0000,0.0000
1010,1011,7,16.666667,0.000042449321,0.000064432838,0.000016235190,0.000033925049,0.000016757904,0.000024446339,0.000041435804,0.000072619516,0.000016235190,0.000033925049,0.000042449321,0.000064432838,0.0000,0.0000,0.0000,0.0000,0.0000,0.0000
1011,1012,7,16.666667,0.000042449321,0.000064432838,0.000016235190,0.000033925049,0.000016757904,0.000024446339,0.000041435804,0.000072619516,0.000016235190,0.000033925049,0.000042449321,0.000064432838,0.0000,0.0000,0.0000,0.0000,0.0000,0.0000
1012,1013,7,4.166667,0.000042449321,0.000064432838,0.000016235190,0.000033925049,0.000016757904,0.000024446339,0.000041435804,0.000072619516,0.000016235190,0.000033925049,0.000042449321,0.000064432838,0.0000,0.0000,0.0000,0.0000,0.0000,0.0000
1013,1153,7,4.166667,0.000042449321,0.000064432838,0.000016235190,0.000033925049,0.000016757904,0.000024446339,0.000041435804,0.000072619516,0.000016235190,0.000033925049,0.000042449321,0.000064432838,0.0000,0.0000,0.0000,0.0000,0.0000,0.0000
1153,1015,7,16.666667,0.000042449321,0.000064432838,0.000016235190,0.000033925049,0.000016757904,0.000024446339,0.000041435804,0.000072619516,0.000016235190,0.000033925049,0.000042449321,0.000064432838,0.0000,0.0000,0.0000,0.0000,0.0000,0.0000
1015,1016,7,16.666667,0.000042449321,0.000064432838,0.000016235190,0.000033925049,0.000016757904,0.000024446339,0.000041435804,0.000072619516,0.000016235190,0.000033925049,0.000042449321,0.000064432838,0.0000,0.0000,0.0000,0.0000,0.0000,0.0000
1016,1017,7,16.666667,0.000042449321,0.000064432838,0.000016235190,0.000033925049,0.000016757904,0.000024446339,0.000041435804,0.000072619516,0.000016235190,0.000033925049,0.000042449321,0.000064432838,0.0000,0.0000,0.0000,0.0000,0.0000,0.0000
1017,1018,7,4.166667,0.000042449321,0.000064432838,0.000016235190,0.000033925049,0.000016757904,0.000024446339,0.000041435804,0.000072619516,0.000016235190,0.000033925049,0.000042449321,0.000064432838,0.0000,0.0000,0.0000,0.0000,0.0000,0.0000
1018,1019,7,4.166667,0.000042449321,0.000064432838,0.000016235190,0.000033925049,0.000016757904,0.000024446339,0.000041435804,0.000072619516,0.000016235190,0.000033925049,0.000042449321,0.000064432838,0.0000,0.0000,0.0000,0.0000,0.0000,0.0000
1019,1020,7,16.666667,0.000042449321,0.000064432838,0.000016235190,0.000033925049,0.000016757904,0.000024446339,0.000041435804,0.000072619516,0.000016235190,0.000033925049,0.000042449321,0.000064432838,0.0000,0.0000,0.0000,0.0000,0.0000,0.0000
1020,1021,7,16.666667,0.000042449321,0.000064432838,0.000016235190,0.000033925049,0.000016757904,0.000024446339,0.000041435804,0.000072619516,0.000016235190,0.000033925049,0.000042449321,0.000064432838,0.0000,0.0000,0.0000,0.0000,0.0000,0.0000
1042,1043,7,16.666667,0.000042449321,0.000064432838,0.000016235190,0.000033925049,0.000016757904,0.000024446339,0.000041435804,0.000072619516,0.000016235190,0.000033925049,0.000042449321,0.000064432838,0.0000,0.0000,0.0000,0.0000,0.0000,0.0000
1043,1147,7,4.166667,0.000042449321,0.000064432838,0.000016235190,0.000033925049,0.000016757904,0.000024446339,0.000041435804,0.000072619516,0.000016235190,0.000033925049,0.000042449321,0.000064432838,0.0000,0.0000,0.0000,0.0000,0.0000,0.0000
1147,1161,7,16.666667,0.000042449321,0.000064432838,0.000016235190,0.000033925049,0.000016757904,0.000024446339,0.000041435804,0.000072619516,0.000016235190,0.000033925049,0.000042449321,0.000064432838,0.0000,0.0000,0.0000,0.0000,0.0000,0.0000
1161,1046,7,4.166667,0.000042449321,0.000064432838,0.000016235190,0.000033925049,0.000016757904,0.000024446339,0.000041435804,0.000072619516,0.000016235190,0.000033925049,0.000042449321,0.000064432838,0.0000,0.0000,0.0000,0.0000,0.0000,0.0000
1046,1047,7,16.666667,0.000042449321,0.000064432838,0.000016235190,0.000033925049,0.000016757904,0.000024446339,0.000041435804,0.000072619516,0.000016235190,0.000033925049,0.000042449321,0.000064432838,0.0000,0.0000,0.0000,0.0000,0.0000,0.0000
1047,1048,7,16.666667,0.000042449321,0.000064432838,0.000016235190,0.000033925049,0.000016757904,0.000024446339,0.000041435804,0.000072619516,0.000016235190,0.000033925049,0.000042449321,0.000064432838,0.0000,0.0000,0.0000,0.0000,0.0000,0.0000
1048,1151,7,4.166667,0.000042449321,0.000064432838,0.000016235190,0.000033925049,0.000016757904,0.000024446339,0.000041435804,0.000072619516,0.000016235190,0.000033925049,0.000042449321,0.000064432838,0.0000,0.0000,0.0000,0.0000,0.0000,0.0000
1151,1165,7,16.666667,0.000042449321,0.000064432838,0.000016235190,0.000033925049,0.000016757904,0.000024446339,0.000041435804,0.000072619516,0.000016235190,0.000033925049,0.000042449321,0.000064432838,0.0000,0.0000,0.0000,0.0000,0.0000,0.0000
1165,1051,7,4.166667,0.000042449321,0.000064432838,0.000016235190,0.000033925049,0.000016757904,0.000024446339,0.000041435804,0.000072619516,0.000016235190,0.000033925049,0.000042449321,0.000064432838,0.0000,0.0000,0.0000,0.0000,0.0000,0.0000
1051,1052,7,16.666667,0.000042449321,0.000064432838,0.000016235190,0.000033925049,0.000016757904,0.000024446339,0.000041435804,0.000072619516,0.000016235190,0.000033925049,0.000042449321,0.000064432838,0.0000,0.0000,0.0000,0.0000,0.0000,0.0000
1052,1053,7,16.666667,0.000042449321,0.000064432838,0.000016235190,0.000033925049,0.000016757904,0.000024446339,0.000041435804,0.000072619516,0.000016235190,0.000033925049,0.000042449321,0.000064432838,0.0000,0.0000,0.0000,0.0000,0.0000,0.0000
1053,1155,7,4.166667,0.000042449321,0.000064432838,0.000016235190,0.000033925049,0.000016757904,0.000024446339,0.000041435804,0.000072619516,0.000016235190,0.000033925049,0.000042449321,0.000064432838,0.0000,0.0000,0.0000,0.0000,0.0000,0.0000
1155,1169,7,16.666667,0.000042449321,0.000064432838,0.000016235190,0.000033925049,0.000016757904,0.000024446339,0.000041435804,0.000072619516,0.000016235190,0.000033925049,0.000042449321,0.000064432838,0.0000,0.0000,0.0000,0.0000,0.0000,0.0000
1169,1056,7,4.166667,0.000042449321,0.000064432838,0.000016235190,0.000033925049,0.000016757904,0.000024446339,0.000041435804,0.000072619516,0.000016235190,0.000033925049,0.000042449321,0.000064432838,0.0000,0.0000,0.0000,0.0000,0.0000,0.0000
1056,1057,7,16.666667,0.000042449321,0.000064432838,0.000016235190,0.000033925049,0.000016757904,0.000024446339,0.000041435804,0.000072619516,0.000016235190,0.000033925049,0.000042449321,0.000064432838,0.0000,0.0000,0.0000,0.0000,0.0000,0.0000
1057,1058,7,16.666667,0.000042449321,0.000064432838,0.000016235190,0.000033925049,0.000016757904,0.000024446339,0.000041435804,0.000072619516,0.000016235190,0.000033925049,0.000042449321,0.000064432838,0.0000,0.0000,0.0000,0.0000,0.0000,0.0000
1058,1159,7,4.166667,0.000042449321,0.000064432838,0.000016235190,0.000033925049,0.000016757904,0.000024446339,0.000041435804,0.000072619516,0.000016235190,0.000033925049,0.000042449321,0.000064432838,0.0000,0.0000,0.0000,0.0000,0.0000,0.0000
1159,1173,7,16.666667,0.000042449321,0.000064432838,0.000016235190,0.000033925049,0.000016757904,0.000024446339,0.000041435804,0.000072619516,0.000016235190,0.000033925049,0.000042449321,0.000064432838,0.0000,0.0000,0.0000,0.0000,0.0000,0.0000
1173,1061,7,4.166667,0.000042449321,0.000064432838,0.000016235190,0.000033925049,0.000016757904,0.000024446339,0.000041435804,0.000072619516,0.000016235190,0.000033925049,0.000042449321,0.000064432838,0.0000,0.0000,0.0000,0.0000,0.0000,0.0000
1061,1062,7,16.666667,0.000042449321,0.000064432838,0.000016235190,0.000033925049,0.000016757904,0.000024446339,0.000041435804,0.000072619516,0.000016235190,0.000033925049,0.000042449321,0.000064432838,0.0000,0.0000,0.0000,0.0000,0.0000,0.0000
1083,1084,7,16.666667,0.000042449321,0.000064432838,0.000016235190,0.000033925049,0.000016757904,0.000024446339,0.000041435804,0.000072619516,0.000016235190,0.000033925049,0.000042449321,0.000064432838,0.0000,0.0000,0.0000,0.0000,0.0000,0.0000
1084,1163,7,4.166667,0.000042449321,0.000064432838,0.000016235190,0.000033925049,0.000016757904,0.000024446339,0.000041435804,0.000072619516,0.000016235190,0.000033925049,0.000042449321,0.000064432838,0.0000,0.0000,0.0000,0.0000,0.0000,0.0000
1163,1177,7,16.666667,0.000042449321,0.000064432838,0.000016235190,0.000033925049,0.000016757904,0.000024446339,0.000041435804,0.000072619516,0.000016235190,0.000033925049,0.000042449321,0.000064432838,0.0000,0.0000,0.0000,0.0000,0.0000,0.0000
1177,1087,7,4.166667,0.000042449321,0.000064432838,0.000016235190,0.000033925049,0.000016757904,0.000024446339,0.000041435804,0.000072619516,0.000016235190,0.000033925049,0.000042449321,0.000064432838,0.0000,0.0000,0.0000,0.0000,0.0000,0.0000
1087,1088,7,16.666667,0.000042449321,0.000064432838,0.000016235190,0.000033925049,0.000016757904,0.000024446339,0.000041435804,0.000072619516,0.000016235190,0.000033925049,0.000042449321,0.000064432838,0.0000,0.0000,0.0000,0.0000,0.0000,0.0000
1088,1089,7,16.666667,0.000042449321,0.000064432838,0.000016235190,0.000033925049,0.000016757904,0.000024446339,0.000041435804,0.000072619516,0.000016235190,0.000033925049,0.000042449321,0.000064432838,0.0000,0.0000,0.0000,0.0000,0.0000,0.0000
1089,1167,7,4.166667,0.000042449321,0.000064432838,0.000016235190,0.000033925049,0.000016757904,0.000024446339,0.000041435804,0.000072619516,0.000016235190,0.000033925049,0.000042449321,0.000064432838,0.0000,0.0000,0.0000,0.0000,0.0000,0.0000
1167,1181,7,16.666667,0.000042449321,0.000064432838,0.000016235190,0.000033925049,0.000016757904,0.000024446339,0.000041435804,0.000072619516,0.000016235190,0.000033925049,0.000042449321,0.000064432838,0.0000,0.0000,0.0000,0.0000,0.0000,0.0000
1181,1092,7,4.166667,0.000042449321,0.000064432838,0.000016235190,0.000033925049,0.000016757904,0.000024446339,0.000041435804,0.000072619516,0.000016235190,0.000033925049,0.000042449321,0.000064432838,0.0000,0.0000,0.0000,0.0000,0.0000,0.0000
1092,1093,7,16.666667,0.000042449321,0.000064432838,0.000016235190,0.000033925049,0.000016757904,0.000024446339,0.000041435804,0.000072619516,0.000016235190,0.000033925049,0.000042449321,0.000064432838,0.0000,0.0000,0.0000,0.0000,0.0000,0.0000
1093,1094,7,16.666667,0.000042449321,0.000064432838,0.000016235190,0.000033925049,0.000016757904,0.000024446339,0.000041435804,0.000072619516,0.000016235190,0.000033925049,0.000042449321,0.000064432838,0.0000,0.0000,0.0000,0.0000,0.0000,0.0000
1094,1171,7,4.166667,0.000042449321,0.000064432838,0.000016235190,0.000033925049,0.000016757904,0.000024446339,0.000041435804,0.000072619516,0.000016235190,0.000033925049,0.000042449321,0.000064432838,0.0000,0.0000,0.0000,0.0000,0.0000,0.0000
1171,1185,7,16.666667,0.000042449321,0.000064432838,0.000016235190,0.000033925049,0.000016757904,0.000024446339,0.000041435804,0.000072619516,0.000016235190,0.000033925049,0.000042449321,0.000064432838,0.0000,0.0000,0.0000,0.0000,0.0000,0.0000
1185,1097,7,4.166667,0.000042449321,0.000064432838,0.000016235190,0.000033925049,0.000016757904,0.000024446339,0.000041435804,0.000072619516,0.000016235190,0.000033925049,0.000042449321,0.000064432838,0.0000,0.0000,0.0000,0.0000,0.0000,0.0000
1097,1098,7,16.666667,0.000042449321,0.000064432838,0.000016235190,0.000033925049,0.000016757904,0.000024446339,0.000041435804,0.000072619516,0.000016235190,0.000033925049,0.000042449321,0.000064432838,0.0000,0.0000,0.0000,0.0000,0.0000,0.0000
1098,1099,7,16.666667,0.000042449321,0.000064432838,0.000016235190,0.000033925049,0.000016757904,0.000024446339,0.000041435804,0.000072619516,0.000016235190,0.000033925049,0.000042449321,0.000064432838,0.0000,0.0000,0.0000,0.0000,0.0000,0.0000
1099,1175,7,4.166667,0.000042449321,0.000064432838,0.000016235190,0.000033925049,0.000016757904,0.000024446339,0.000041435804,0.000072619516,0.000016235190,0.000033925049,0.000042449321,0.000064432838,0.0000,0.0000,0.0000,0.0000,0.0000,0.0000
1175,1189,7,16.666667,0.000042449321,0.000064432838,0.000016235190,0.000033925049,0.000016757904,0.000024446339,0.000041435804,0.000072619516,0.000016235190,0.000033925049,0.000042449321,0.000064432838,0.0000,0.0000,0.0000,0.0000,0.0000,0.0000
1189,1102,7,4.166667,0.000042449321,0.000064432838,0.000016235190,0.000033925049,0.000016757904,0.000024446339,0.000041435804,0.000072619516,0.000016235190,0.000033925049,0.000042449321,0.000064432838,0.0000,0.0000,0.0000,0.0000,0.0000,0.0000
1102,1103,7,16.666667,0.000042449321,0.000064432838,0.000016235190,0.000033925049,0.000016757904,0.000024446339,0.000041435804,0.000072619516,0.000016235190,0.000033925049,0.000042449321,0.000064432838,0.0000,0.0000,0.0000,0.0000,0.0000,0.0000
1124,1125,7,16.666667,0.000042449321,0.000064432838,0.000016235190,0.000033925049,0.000016757904,0.000024446339,0.000041435804,0.000072619516,0.000016235190,0.000033925049,0.000042449321,0.000064432838,0.0000,0.0000,0.0000,0.0000,0.0000,0.0000
1125,1179,7,4.166667,0.000042449321,0.000064432838,0.000016235190,0.000033925049,0.000016757904,0.000024446339,0.000041435804,0.000072619516,0.000016235190,0.000033925049,0.000042449321,0.000064432838,0.0000,0.0000,0.0000,0.0000,0.0000,0.0000
1179,1127,7,16.666667,0.000042449321,0.000064432838,0.000016235190,0.000033925049,0.000016757904,0.000024446339,0.000041435804,0.000072619516,0.000016235190,0.000033925049,0.000042449321,0.000064432838,0.0000,0.0000,0.0000,0.0000,0.0000,0.0000
1127,1128,7,4.166667,0.000042449321,0.000064432838,0.000016235190,0.000033925049,0.000016757904,0.000024446339,0.000041435804,0.000072619516,0.000016235190,0.000033925049,0.000042449321,0.000064432838,0.0000,0.0000,0.0000,0.0000,0.0000,0.0000
1128,1129,7,16.666667,0.000042449321,0.000064432838,0.000016235190,0.000033925049,0.000016757904,0.000024446339,0.000041435804,0.000072619516,0.000016235190,0.000033925049,0.000042449321,0.000064432838,0.0000,0.0000,0.0000,0.0000,0.0000,0.0000
1129,1130,7,16.666667,0.000042449321,0.000064432838,0.000016235190,0.000033925049,0.000016757904,0.000024446339,0.000041435804,0.000072619516,0.000016235190,0.000033925049,0.000042449321,0.000064432838,0.0000,0.0000,0.0000,0.0000,0.0000,0.0000
1130,1183,7,16.666667,0.000042449321,0.000064432838,0.000016235190,0.000033925049,0.000016757904,0.000024446339,0.000041435804,0.000072619516,0.000016235190,0.000033925049,0.000042449321,0.000064432838,0.0000,0.0000,0.0000,0.0000,0.0000,0.0000
1183,1132,7,4.166667,0.000042449321,0.000064432838,0.000016235190,0.000033925049,0.000016757904,0.000024446339,0.000041435804,0.000072619516,0.000016235190,0.000033925049,0.000042449321,0.000064432838,0.0000,0.0000,0.0000,0.0000,0.0000,0.0000
1132,1133,7,4.166667,0.000042449321,0.000064432838,0.000016235190,0.000033925049,0.000016757904,0.000024446339,0.000041435804,0.000072619516,0.000016235190,0.000033925049,0.000042449321,0.000064432838,0.0000,0.0000,0.0000,0.0000,0.0000,0.0000
1133,1134,7,16.666667,0.000042449321,0.000064432838,0.000016235190,0.000033925049,0.000016757904,0.000024446339,0.000041435804,0.000072619516,0.000016235190,0.000033925049,0.000042449321,0.000064432838,0.0000,0.0000,0.0000,0.0000,0.0000,0.0000
1134,1135,7,16.666667,0.000042449321,0.000064432838,0.000016235190,0.000033925049,0.000016757904,0.000024446339,0.000041435804,0.000072619516,0.000016235190,0.000033925049,0.000042449321,0.000064432838,0.0000,0.0000,0.0000,0.0000,0.0000,0.0000
1135,1187,7,16.666667,0.000042449321,0.000064432838,0.000016235190,0.000033925049,0.000016757904,0.000024446339,0.000041435804,0.000072619516,0.000016235190,0.000033925049,0.000042449321,0.000064432838,0.0000,0.0000,0.0000,0.0000,0.0000,0.0000
1187,1137,7,4.166667,0.000042449321,0.000064432838,0.000016235190,0.000033925049,0.000016757904,0.000024446339,0.000041435804,0.000072619516,0.000016235190,0.000033925049,0.000042449321,0.000064432838,0.0000,0.0000,0.0000,0.0000,0.0000,0.0000
1137,1138,7,4.166667,0.000042449321,0.000064432838,0.000016235190,0.000033925049,0.000016757904,0.000024446339,0.000041435804,0.000072619516,0.000016235190,0.000033925049,0.000042449321,0.000064432838,0.0000,0.0000,0.0000,0.0000,0.0000,0.0000
1138,1139,7,16.666667,0.000042449321,0.000064432838,0.000016235190,0.000033925049,0.000016757904,0.000024446339,0.000041435804,0.000072619516,0.000016235190,0.000033925049,0.000042449321,0.000064432838,0.0000,0.0000,0.0000,0.0000,0.0000,0.0000
1139,1140,7,16.666667,0.000042449321,0.000064432838,0.000016235190,0.000033925049,0.000016757904,0.000024446339,0.000041435804,0.000072619516,0.000016235190,0.000033925049,0.000042449321,0.000064432838,0.0000,0.0000,0.0000,0.0000,0.0000,0.0000
1140,1191,7,16.666667,0.000042449321,0.000064432838,0.000016235190,0.000033925049,0.000016757904,0.000024446339,0.000041435804,0.000072619516,0.000016235190,0.000033925049,0.000042449321,0.000064432838,0.0000,0.0000,0.0000,0.0000,0.0000,0.0000
1191,1142,7,4.166667,0.000042449321,0.000064432838,0.000016235190,0.000033925049,0.000016757904,0.000024446339,0.000041435804,0.000072619516,0.000016235190,0.000033925049,0.000042449321,0.000064432838,0.0000,0.0000,0.0000,0.0000,0.0000,0.0000
1142,1143,7,4.166667,0.000042449321,0.000064432838,0.000016235190,0.000033925049,0.000016757904,0.000024446339,0.000041435804,0.000072619516,0.000016235190,0.000033925049,0.000042449321,0.000064432838,0.0000,0.0000,0.0000,0.0000,0.0000,0.0000
1143,1144,7,16.666667,0.000042449321,0.000064432838,0.000016235190,0.000033925049,0.000016757904,0.000024446339,0.000041435804,0.000072619516,0.000016235190,0.000033925049,0.000042449321,0.000064432838,0.0000,0.0000,0.0000,0.0000,0.0000,0.0000
1001,1022,7,16.666667,0.000042449321,0.000064432838,0.000016235190,0.000033925049,0.000016757904,0.000024446339,0.000041435804,0.000072619516,0.000016235190,0.000033925049,0.000042449321,0.000064432838,0.0000,0.0000,0.0000,0.0000,0.0000,0.0000
1022,1148,7,16.666667,0.000042449321,0.000064432838,0.000016235190,0.000033925049,0.000016757904,0.000024446339,0.000041435804,0.000072619516,0.000016235190,0.000033925049,0.000042449321,0.000064432838,0.0000,0.0000,0.0000,0.0000,0.0000,0.0000
1148,1032,7,4.166667,0.000042449321,0.000064432838,0.000016235190,0.000033925049,0.000016757904,0.000024446339,0.000041435804,0.000072619516,0.000016235190,0.000033925049,0.000042449321,0.000064432838,0.0000,0.0000,0.0000,0.0000,0.0000,0.0000
1032,1037,7,4.166667,0.000042449321,0.000064432838,0.000016235190,0.000033925049,0.000016757904,0.000024446339,0.000041435804,0.000072619516,0.000016235190,0.000033925049,0.000042449321,0.000064432838,0.0000,0.0000,0.0000,0.0000,0.0000,0.0000
1037,1042,7,16.666667,0.000042449321,0.000064432838,0.000016235190,0.000033925049,0.000016757904,0.000024446339,0.000041435804,0.000072619516,0.000016235190,0.000033925049,0.000042449321,0.000064432838,0.0000,0.0000,0.0000,0.0000,0.0000,0.0000
1042,1063,7,16.666667,0.000042449321,0.000064432838,0.000016235190,0.000033925049,0.000016757904,0.000024446339,0.000041435804,0.000072619516,0.000016235190,0.000033925049,0.000042449321,0.000064432838,0.0000,0.0000,0.0000,0.0000,0.0000,0.0000
1063,1164,7,16.666667,0.000042449321,0.000064432838,0.000016235190,0.000033925049,0.000016757904,0.000024446339,0.000041435804,0.000072619516,0.000016235190,0.000033925049,0.000042449321,0.000064432838,0.0000,0.0000,0.0000,0.0000,0.0000,0.0000
1164,1073,7,4.166667,0.000042449321,0.000064432838,0.000016235190,0.000033925049,0.000016757904,0.000024446339,0.000041435804,0.000072619516,0.000016235190,0.000033925049,0.000042449321,0.000064432838,0.0000,0.0000,0.0000,0.0000,0.0000,0.0000
1073,1078,7,4.166667,0.000042449321,0.000064432838,0.000016235190,0.000033925049,0.000016757904,0.000024446339,0.000041435804,0.000072619516,0.000016235190,0.000033925049,0.000042449321,0.000064432838,0.0000,0.0000,0.0000,0.0000,0.0000,0.0000
1078,1083,7,16.666667,0.000042449321,0.000064432838,0.000016235190,0.000033925049,0.000016757904,0.000024446339,0.000041435804,0.000072619516,0.000016235190,0.000033925049,0.000042449321,0.000064432838,0.0000,0.0000,0.0000,0.0000,0.0000,0.0000
1083,1104,7,16.666667,0.000042449321,0.000064432838,0.000016235190,0.000033925049,0.000016757904,0.000024446339,0.000041435804,0.000072619516,0.000016235190,0.000033925049,0.000042449321,0.000064432838,0.0000,0.0000,0.0000,0.0000,0.0000,0.0000
1104,1180,7,16.666667,0.000042449321,0.000064432838,0.000016235190,0.000033925049,0.000016757904,0.000024446339,0.000041435804,0.000072619516,0.000016235190,0.000033925049,0.000042449321,0.000064432838,0.0000,0.0000,0.0000,0.0000,0.0000,0.0000
1180,1114,7,4.166667,0.000042449321,0.000064432838,0.000016235190,0.000033925049,0.000016757904,0.000024446339,0.000041435804,0.000072619516,0.000016235190,0.000033925049,0.000042449321,0.000064432838,0.0000,0.0000,0.0000,0.0000,0.0000,0.0000
1114,1119,7,4.166667,0.000042449321,0.000064432838,0.000016235190,0.000033925049,0.000016757904,0.000024446339,0.000041435804,0.000072619516,0.000016235190,0.000033925049,0.000042449321,0.000064432838,0.0000,0.0000,0.0000,0.0000,0.0000,0.0000
1119,1124,7,16.666667,0.000042449321,0.000064432838,0.000016235190,0.000033925049,0.000016757904,0.000024446339,0.000041435804,0.000072619516,0.000016235190,0.000033925049,0.000042449321,0.000064432838,0.0000,0.0000,0.0000,0.0000,0.0000,0.0000
1006,1023,7,16.666667,0.000042449321,0.000064432838,0.000016235190,0.000033925049,0.000016757904,0.000024446339,0.000041435804,0.000072619516,0.000016235190,0.000033925049,0.000042449321,0.000064432838,0.0000,0.0000,0.0000,0.0000,0.0000,0.0000
1023,1152,7,4.166667,0.000042449321,0.000064432838,0.000016235190,0.000033925049,0.000016757904,0.000024446339,0.000041435804,0.000072619516,0.000016235190,0.000033925049,0.000042449321,0.000064432838,0.0000,0.0000,0.0000,0.0000,0.0000,0.0000
1152,1146,7,16.666667,0.000042449321,0.000064432838,0.000016235190,0.000033925049,0.000016757904,0.000024446339,0.000041435804,0.000072619516,0.000016235190,0.000033925049,0.000042449321,0.000064432838,0.0000,0.0000,0.0000,0.0000,0.0000,0.0000
1146,1038,7,4.166667,0.000042449321,0.000064432838,0.000016235190,0.000033925049,0.000016757904,0.000024446339,0.000041435804,0.000072619516,0.000016235190,0.000033925049,0.000042449321,0.000064432838,0.0000,0.0000,0.0000,0.0000,0.0000,0.0000
1038,1047,7,16.666667,0.000042449321,0.000064432838,0.000016235190,0.000033925049,0.000016757904,0.000024446339,0.000041435804,0.000072619516,0.000016235190,0.000033925049,0.000042449321,0.000064432838,0.0000,0.0000,0.0000,0.0000,0.0000,0.0000
1047,1064,7,16.666667,0.000042449321,0.000064432838,0.000016235190,0.000033925049,0.000016757904,0.000024446339,0.000041435804,0.000072619516,0.000016235190,0.000033925049,0.000042449321,0.000064432838,0.0000,0.0000,0.0000,0.0000,0.0000,0.0000
1064,1168,7,4.166667,0.000042449321,0.000064432838,0.000016235190,0.000033925049,0.000016757904,0.000024446339,0.000041435804,0.000072619516,0.000016235190,0.000033925049,0.000042449321,0.000064432838,0.0000,0.0000,0.0000,0.0000,0.0000,0.0000
1168,1162,7,16.666667,0.000042449321,0.000064432838,0.000016235190,0.000033925049,0.000016757904,0.000024446339,0.000041435804,0.000072619516,0.000016235190,0.000033925049,0.000042449321,0.000064432838,0.0000,0.0000,0.0000,0.0000,0.0000,0.0000
1162,1079,7,4.166667,0.000042449321,0.000064432838,0.000016235190,0.000033925049,0.000016757904,0.000024446339,0.000041435804,0.000072619516,0.000016235190,0.000033925049,0.000042449321,0.000064432838,0.0000,0.0000,0.0000,0.0000,0.0000,0.0000
1079,1088,7,16.666667,0.000042449321,0.000064432838,0.000016235190,0.000033925049,0.000016757904,0.000024446339,0.000041435804,0.000072619516,0.000016235190,0.000033925049,0.000042449321,0.000064432838,0.0000,0.0000,0.0000,0.0000,0.0000,0.0000
1088,1105,7,16.666667,0.000042449321,0.000064432838,0.000016235190,0.000033925049,0.000016757904,0.000024446339,0.000041435804,0.000072619516,0.000016235190,0.000033925049,0.000042449321,0.000064432838,0.0000,0.0000,0.0000,0.0000,0.0000,0.0000
1105,1184,7,4.166667,0.000042449321,0.000064432838,0.000016235190,0.000033925049,0.000016757904,0.000024446339,0.000041435804,0.000072619516,0.000016235190,0.000033925049,0.000042449321,0.000064432838,0.0000,0.0000,0.0000,0.0000,0.0000,0.0000
1184,1178,7,16.666667,0.000042449321,0.000064432838,0.000016235190,0.000033925049,0.000016757904,0.000024446339,0.000041435804,0.000072619516,0.000016235190,0.000033925049,0.000042449321,0.000064432838,0.0000,0.0000,0.0000,0.0000,0.0000,0.0000
1178,1120,7,4.166667,0.000042449321,0.000064432838,0.000016235190,0.000033925049,0.000016757904,0.000024446339,0.000041435804,0.000072619516,0.000016235190,0.000033925049,0.000042449321,0.000064432838,0.0000,0.0000,0.0000,0.0000,0.0000,0.0000
1120,1129,7,16.666667,0.000042449321,0.000064432838,0.000016235190,0.000033925049,0.000016757904,0.000024446339,0.000041435804,0.000072619516,0.000016235190,0.000033925049,0.000042449321,0.000064432838,0.0000,0.0000,0.0000,0.0000,0.0000,0.0000
1011,1024,7,16.666667,0.000042449321,0.000064432838,0.000016235190,0.000033925049,0.000016757904,0.000024446339,0.000041435804,0.000072619516,0.000016235190,0.000033925049,0.000042449321,0.000064432838,0.0000,0.0000,0.0000,0.0000,0.0000,0.0000
1024,1156,7,4.166667,0.000042449321,0.000064432838,0.000016235190,0.000033925049,0.000016757904,0.000024446339,0.000041435804,0.000072619516,0.000016235190,0.000033925049,0.000042449321,0.000064432838,0.0000,0.0000,0.0000,0.0000,0.0000,0.0000
1156,1150,7,16.666667,0.000042449321,0.000064432838,0.000016235190,0.000033925049,0.000016757904,0.000024446339,0.000041435804,0.000072619516,0.000016235190,0.000033925049,0.000042449321,0.000064432838,0.0000,0.0000,0.0000,0.0000,0.0000,0.0000
1150,1039,7,4.166667,0.000042449321,0.000064432838,0.000016235190,0.000033925049,0.000016757904,0.000024446339,0.000041435804,0.000072619516,0.000016235190,0.000033925049,0.000042449321,0.000064432838,0.0000,0.0000,0.0000,0.0000,0.0000,0.0000
1039,1052,7,16.666667,0.000042449321,0.000064432838,0.000016235190,0.000033925049,0.000016757904,0.000024446339,0.000041435804,0.000072619516,0.000016235190,0.000033925049,0.000042449321,0.000064432838,0.0000,0.0000,0.0000,0.0000,0.0000,0.0000
1052,1065,7,16.666667,0.000042449321,0.000064432838,0.000016235190,0.000033925049,0.000016757904,0.000024446339,0.000041435804,0.000072619516,0.000016235190,0.000033925049,0.000042449321,0.000064432838,0.0000,0.0000,0.0000,0.0000,0.0000,0.0000
1065,1172,7,4.166667,0.000042449321,0.000064432838,0.000016235190,0.000033925049,0.000016757904,0.000024446339,0.000041435804,0.000072619516,0.000016235190,0.000033925049,0.000042449321,0.000064432838,0.0000,0.0000,0.0000,0.0000,0.0000,0.0000
1172,1166,7,16.666667,0.000042449321,0.000064432838,0.000016235190,0.000033925049,0.000016757904,0.000024446339,0.000041435804,0.000072619516,0.000016235190,0.000033925049,0.000042449321,0.000064432838,0.0000,0.0000,0.0000,0.0000,0.0000,0.0000
1166,1080,7,4.166667,0.000042449321,0.000064432838,0.000016235190,0.000033925049,0.000016757904,0.000024446339,0.000041435804,0.000072619516,0.000016235190,0.000033925049,0.000042449321,0.000064432838,0.0000,0.0000,0.0000,0.0000,0.0000,0.0000
1080,1093,7,16.666667,0.000042449321,0.000064432838,0.000016235190,0.000033925049,0.000016757904,0.000024446339,0.000041435804,0.000072619516,0.000016235190,0.000033925049,0.000042449321,0.000064432838,0.0000,0.0000,0.0000,0.0000,0.0000,0.0000
1093,1106,7,16.666667,0.000042449321,0.000064432838,0.000016235190,0.000033925049,0.000016757904,0.000024446339,0.000041435804,0.000072619516,0.000016235190,0.000033925049,0.000042449321,0.000064432838,0.0000,0.0000,0.0000,0.0000,0.0000,0.0000
1106,1188,7,4.166667,0.000042449321,0.000064432838,0.000016235190,0.000033925049,0.000016757904,0.000024446339,0.000041435804,0.000072619516,0.000016235190,0.000033925049,0.000042449321,0.000064432838,0.0000,0.0000,0.0000,0.0000,0.0000,0.0000
1188,1182,7,16.666667,0.000042449321,0.000064432838,0.000016235190,0.000033925049,0.000016757904,0.000024446339,0.000041435804,0.000072619516,0.000016235190,0.000033925049,0.000042449321,0.000064432838,0.0000,0.0000,0.0000,0.0000,0.0000,0.0000
1182,1121,7,4.166667,0.000042449321,0.000064432838,0.000016235190,0.000033925049,0.000016757904,0.000024446339,0.000041435804,0.000072619516,0.000016235190,0.000033925049,0.000042449321,0.000064432838,0.0000,0.0000,0.0000,0.0000,0.0000,0.0000
1121,1134,7,16.666667,0.000042449321,0.000064432838,0.000016235190,0.000033925049,0.000016757904,0.000024446339,0.000041435804,0.000072619516,0.000016235190,0.000033925049,0.000042449321,0.000064432838,0.0000,0.0000,0.0000,0.0000,0.0000,0.0000
1016,1025,7,16.666667,0.000042449321,0.000064432838,0.000016235190,0.000033925049,0.000016757904,0.000024446339,0.000041435804,0.000072619516,0.000016235190,0.000033925049,0.000042449321,0.000064432838,0.0000,0.0000,0.0000,0.0000,0.0000,0.0000
1025,1160,7,4.166667,0.000042449321,0.000064432838,0.000016235190,0.000033925049,0.000016757904,0.000024446339,0.000041435804,0.000072619516,0.000016235190,0.000033925049,0.000042449321,0.000064432838,0.0000,0.0000,0.0000,0.0000,0.0000,0.0000
1160,1154,7,16.666667,0.000042449321,0.000064432838,0.000016235190,0.000033925049,0.000016757904,0.000024446339,0.000041435804,0.000072619516,0.000016235190,0.000033925049,0.000042449321,0.000064432838,0.0000,0.0000,0.0000,0.0000,0.0000,0.0000
1154,1040,7,4.166667,0.000042449321,0.000064432838,0.000016235190,0.000033925049,0.000016757904,0.000024446339,0.000041435804,0.000072619516,0.000016235190,0.000033925049,0.000042449321,0.000064432838,0.0000,0.0000,0.0000,0.0000,0.0000,0.0000
1040,1057,7,16.666667,0.000042449321,0.000064432838,0.000016235190,0.000033925049,0.000016757904,0.000024446339,0.000041435804,0.000072619516,0.000016235190,0.000033925049,0.000042449321,0.000064432838,0.0000,0.0000,0.0000,0.0000,0.0000,0.0000
1057,1066,7,16.666667,0.000042449321,0.000064432838,0.000016235190,0.000033925049,0.000016757904,0.000024446339,0.000041435804,0.000072619516,0.000016235190,0.000033925049,0.000042449321,0.000064432838,0.0000,0.0000,0.0000,0.0000,0.0000,0.0000
1066,1176,7,4.166667,0.000042449321,0.000064432838,0.000016235190,0.000033925049,0.000016757904,0.000024446339,0.000041435804,0.000072619516,0.000016235190,0.000033925049,0.000042449321,0.000064432838,0.0000,0.0000,0.0000,0.0000,0.0000,0.0000
1176,1170,7,16.666667,0.000042449321,0.000064432838,0.000016235190,0.000033925049,0.000016757904,0.000024446339,0.000041435804,0.000072619516,0.000016235190,0.000033925049,0.000042449321,0.000064432838,0.0000,0.0000,0.0000,0.0000,0.0000,0.0000
1170,1081,7,4.166667,0.000042449321,0.000064432838,0.000016235190,0.000033925049,0.000016757904,0.000024446339,0.000041435804,0.000072619516,0.000016235190,0.000033925049,0.000042449321,0.000064432838,0.0000,0.0000,0.0000,0.0000,0.0000,0.0000
1081,1098,7,16.666667,0.000042449321,0.000064432838,0.000016235190,0.000033925049,0.000016757904,0.000024446339,0.000041435804,0.000072619516,0.000016235190,0.000033925049,0.000042449321,0.000064432838,0.0000,0.0000,0.0000,0.0000,0.0000,0.0000
1098,1107,7,16.666667,0.000042449321,0.000064432838,0.000016235190,0.000033925049,0.000016757904,0.000024446339,0.000041435804,0.000072619516,0.000016235190,0.000033925049,0.000042449321,0.000064432838,0.0000,0.0000,0.0000,0.0000,0.0000,0.0000
1107,1192,7,4.166667,0.000042449321,0.000064432838,0.000016235190,0.000033925049,0.000016757904,0.000024446339,0.000041435804,0.000072619516,0.000016235190,0.000033925049,0.000042449321,0.000064432838,0.0000,0.0000,0.0000,0.0000,0.0000,0.0000
1192,1186,7,16.666667,0.000042449321,0.000064432838,0.000016235190,0.000033925049,0.000016757904,0.000024446339,0.000041435804,0.000072619516,0.000016235190,0.000033925049,0.000042449321,0.000064432838,0.0000,0.0000,0.0000,0.0000,0.0000,0.0000
1186,1122,7,4.166667,0.000042449321,0.000064432838,0.000016235190,0.000033925049,0.000016757904,0.000024446339,0.000041435804,0.000072619516,0.000016235190,0.000033925049,0.000042449321,0.000064432838,0.0000,0.0000,0.0000,0.0000,0.0000,0.0000
1122,1139,7,16.666667,0.000042449321,0.000064432838,0.000016235190,0.000033925049,0.000016757904,0.000024446339,0.000041435804,0.000072619516,0.000016235190,0.000033925049,0.000042449321,0.000064432838,0.0000,0.0000,0.0000,0.0000,0.0000,0.0000
1021,1026,7,16.666667,0.000042449321,0.000064432838,0.000016235190,0.000033925049,0.000016757904,0.000024446339,0.000041435804,0.000072619516,0.000016235190,0.000033925049,0.000042449321,0.000064432838,0.0000,0.0000,0.0000,0.0000,0.0000,0.0000
1026,1031,7,4.166667,0.000042449321,0.000064432838,0.000016235190,0.000033925049,0.000016757904,0.000024446339,0.000041435804,0.000072619516,0.000016235190,0.000033925049,0.000042449321,0.000064432838,0.0000,0.0000,0.0000,0.0000,0.0000,0.0000
1031,1158,7,4.166667,0.000042449321,0.000064432838,0.000016235190,0.000033925049,0.000016757904,0.000024446339,0.000041435804,0.000072619516,0.000016235190,0.000033925049,0.000042449321,0.000064432838,0.0000,0.0000,0.0000,0.0000,0.0000,0.0000
1158,1041,7,16.666667,0.000042449321,0.000064432838,0.000016235190,0.000033925049,0.000016757904,0.000024446339,0.000041435804,0.000072619516,0.000016235190,0.000033925049,0.000042449321,0.000064432838,0.0000,0.0000,0.0000,0.0000,0.0000,0.0000
1041,1062,7,16.666667,0.000042449321,0.000064432838,0.000016235190,0.000033925049,0.000016757904,0.000024446339,0.000041435804,0.000072619516,0.000016235190,0.000033925049,0.000042449321,0.000064432838,0.0000,0.0000,0.0000,0.0000,0.0000,0.0000
1062,1067,7,16.666667,0.000042449321,0.000064432838,0.000016235190,0.000033925049,0.000016757904,0.000024446339,0.000041435804,0.000072619516,0.000016235190,0.000033925049,0.000042449321,0.000064432838,0.0000,0.0000,0.0000,0.0000,0.0000,0.0000
1067,1072,7,4.166667,0.000042449321,0.000064432838,0.000016235190,0.000033925049,0.000016757904,0.000024446339,0.000041435804,0.000072619516,0.000016235190,0.000033925049,0.000042449321,0.000064432838,0.0000,0.0000,0.0000,0.0000,0.0000,0.0000
1072,1174,7,4.166667,0.000042449321,0.000064432838,0.000016235190,0.000033925049,0.000016757904,0.000024446339,0.000041435804,0.000072619516,0.000016235190,0.000033925049,0.000042449321,0.000064432838,0.0000,0.0000,0.0000,0.0000,0.0000,0.0000
1174,1082,7,16.666667,0.000042449321,0.000064432838,0.000016235190,0.000033925049,0.000016757904,0.000024446339,0.000041435804,0.000072619516,0.000016235190,0.000033925049,0.000042449321,0.000064432838,0.0000,0.0000,0.0000,0.0000,0.0000,0.0000
1082,1103,7,16.666667,0.000042449321,0.000064432838,0.000016235190,0.000033925049,0.000016757904,0.000024446339,0.000041435804,0.000072619516,0.000016235190,0.000033925049,0.000042449321,0.000064432838,0.0000,0.0000,0.0000,0.0000,0.0000,0.0000
1103,1108,7,16.666667,0.000042449321,0.000064432838,0.000016235190,0.000033925049,0.000016757904,0.000024446339,0.000041435804,0.000072619516,0.000016235190,0.000033925049,0.000042449321,0.000064432838,0.0000,0.0000,0.0000,0.0000,0.0000,0.0000
1108,1113,7,4.166667,0.000042449321,0.000064432838,0.000016235190,0.000033925049,0.000016757904,0.000024446339,0.000041435804,0.000072619516,0.000016235190,0.000033925049,0.000042449321,0.000064432838,0.0000,0.0000,0.0000,0.0000,0.0000,0.0000
1113,1190,7,4.166667,0.000042449321,0.000064432838,0.000016235190,0.000033925049,0.000016757904,0.000024446339,0.000041435804,0.000072619516,0.000016235190,0.000033925049,0.000042449321,0.000064432838,0.0000,0.0000,0.0000,0.0000,0.0000,0.0000
1190,1123,7,16.666667,0.000042449321,0.000064432838,0.000016235190,0.000033925049,0.000016757904,0.000024446339,0.000041435804,0.000072619516,0.000016235190,0.000033925049,0.000042449321,0.000064432838,0.0000,0.0000,0.0000,0.0000,0.0000,0.0000
1123,1144,7,16.666667,0.000042449321,0.000064432838,0.000016235190,0.000033925049,0.000016757904,0.000024446339,0.000041435804,0.000072619516,0.000016235190,0.000033925049,0.000042449321,0.000064432838,0.0000,0.0000,0.0000,0.0000,0.0000,0.0000
